# https://github.com/mikedh/trimesh
mtllib material.mtl

o geometry_0
usemtl metal_gray
v 0.00047153 -0.01399341 -0.18655150
v 0.00047153 -0.01550224 -0.18422641
v 0.00047153 -0.02893327 -0.19647019
v 0.00047153 -0.03044210 -0.19414510
v 0.01427359 -0.01399341 -0.18655150
v 0.00047153 -0.01399341 -0.18655150
v 0.01427359 -0.02893327 -0.19647019
v 0.00047153 -0.02893327 -0.19647019
v 0.01427359 -0.02893327 -0.19647019
v 0.00047153 -0.02893327 -0.19647019
v 0.01427359 -0.03044210 -0.19414510
v 0.00047153 -0.03044210 -0.19414510
v 0.01427359 -0.01550224 -0.18422641
v 0.01427359 -0.03044210 -0.19414510
v 0.00047153 -0.01550224 -0.18422641
v 0.00047153 -0.03044210 -0.19414510
v 0.01427359 -0.01399341 -0.18655150
v 0.01427359 -0.01550224 -0.18422641
v 0.00047153 -0.01399341 -0.18655150
v 0.00047153 -0.01550224 -0.18422641
v 0.01427359 -0.01399341 -0.18655150
v 0.01427359 -0.02893327 -0.19647019
v 0.01427359 -0.01550224 -0.18422641
v 0.01427359 -0.03044210 -0.19414510
v 0.00047153 -0.03044210 -0.19414510
v 0.00047153 -0.01550224 -0.18422641
v 0.00047153 -0.02893327 -0.19647019
v 0.00047153 -0.01399341 -0.18655150
v 0.00047153 -0.02893327 -0.19647019
v 0.00047153 -0.01399341 -0.18655150
v 0.01427359 -0.02893327 -0.19647019
v 0.01427359 -0.01399341 -0.18655150
v 0.00047153 -0.03044210 -0.19414510
v 0.00047153 -0.02893327 -0.19647019
v 0.01427359 -0.03044210 -0.19414510
v 0.01427359 -0.02893327 -0.19647019
v 0.00047153 -0.03044210 -0.19414510
v 0.01427359 -0.03044210 -0.19414510
v 0.00047153 -0.01550224 -0.18422641
v 0.01427359 -0.01550224 -0.18422641
v 0.00047153 -0.01550224 -0.18422641
v 0.01427359 -0.01550224 -0.18422641
v 0.00047153 -0.01399341 -0.18655150
v 0.01427359 -0.01399341 -0.18655150
v 0.01427359 -0.03044210 -0.19414510
v 0.01427359 -0.02893327 -0.19647019
v 0.01427359 -0.01550224 -0.18422641
v 0.01427359 -0.01399341 -0.18655150
v 0.01427359 -0.16665699 -0.07974630
v 0.01427359 -0.18270992 -0.07175695
v 0.00047153 -0.16665699 -0.07974630
v 0.00047153 -0.18270992 -0.07175695
v 0.01427359 -0.16665699 -0.07974630
v 0.01427359 -0.16789375 -0.08221980
v 0.01427359 -0.18270992 -0.07175695
v 0.01427359 -0.18397140 -0.07423042
v 0.00047153 -0.16789375 -0.08221980
v 0.01427359 -0.16789375 -0.08221980
v 0.00047153 -0.16665699 -0.07974630
v 0.01427359 -0.16665699 -0.07974630
v 0.00047153 -0.16665699 -0.07974630
v 0.00047153 -0.18270992 -0.07175695
v 0.00047153 -0.16789375 -0.08221980
v 0.00047153 -0.18397140 -0.07423042
v 0.01427359 -0.18397140 -0.07423042
v 0.00047153 -0.18397140 -0.07423042
v 0.01427359 -0.18270992 -0.07175695
v 0.00047153 -0.18270992 -0.07175695
v 0.01427359 -0.16789375 -0.08221980
v 0.00047153 -0.16789375 -0.08221980
v 0.01427359 -0.18397140 -0.07423042
v 0.00047153 -0.18397140 -0.07423042
v 0.00047153 -0.18270992 -0.07175695
v 0.01427359 -0.18270992 -0.07175695
v 0.00047153 -0.16665699 -0.07974630
v 0.01427359 -0.16665699 -0.07974630
v 0.01427359 -0.18397140 -0.07423042
v 0.01427359 -0.16789375 -0.08221980
v 0.01427359 -0.18270992 -0.07175695
v 0.01427359 -0.16665699 -0.07974630
v 0.01427359 -0.16665699 -0.07974630
v 0.01427359 -0.16789375 -0.08221980
v 0.00047153 -0.16665699 -0.07974630
v 0.00047153 -0.16789375 -0.08221980
v 0.00047153 -0.18397140 -0.07423042
v 0.00047153 -0.18270992 -0.07175695
v 0.00047153 -0.16789375 -0.08221980
v 0.00047153 -0.16665699 -0.07974630
v 0.00047153 -0.18270992 -0.07175695
v 0.00047153 -0.18397140 -0.07423042
v 0.01427359 -0.18270992 -0.07175695
v 0.01427359 -0.18397140 -0.07423042
v 0.00047153 -0.18397140 -0.07423042
v 0.00047153 -0.16789375 -0.08221980
v 0.01427359 -0.18397140 -0.07423042
v 0.01427359 -0.16789375 -0.08221980
v 0.00047153 -0.18355089 -0.01820596
v 0.00047153 -0.19591833 -0.00522015
v 0.00047153 -0.18555443 -0.02008581
v 0.00047153 -0.19792185 -0.00710000
v 0.01427359 -0.18555443 -0.02008581
v 0.00047153 -0.18555443 -0.02008581
v 0.01427359 -0.19792185 -0.00710000
v 0.00047153 -0.19792185 -0.00710000
v 0.01427359 -0.19591833 -0.00522015
v 0.01427359 -0.19792185 -0.00710000
v 0.00047153 -0.19591833 -0.00522015
v 0.00047153 -0.19792185 -0.00710000
v 0.01427359 -0.18355089 -0.01820596
v 0.01427359 -0.19591833 -0.00522015
v 0.00047153 -0.18355089 -0.01820596
v 0.00047153 -0.19591833 -0.00522015
v 0.01427359 -0.18555443 -0.02008581
v 0.01427359 -0.18355089 -0.01820596
v 0.00047153 -0.18555443 -0.02008581
v 0.00047153 -0.18355089 -0.01820596
v 0.01427359 -0.18355089 -0.01820596
v 0.01427359 -0.18555443 -0.02008581
v 0.01427359 -0.19591833 -0.00522015
v 0.01427359 -0.19792185 -0.00710000
v 0.00047153 -0.19792185 -0.00710000
v 0.00047153 -0.19591833 -0.00522015
v 0.00047153 -0.18555443 -0.02008581
v 0.00047153 -0.18355089 -0.01820596
v 0.00047153 -0.19792185 -0.00710000
v 0.00047153 -0.18555443 -0.02008581
v 0.01427359 -0.19792185 -0.00710000
v 0.01427359 -0.18555443 -0.02008581
v 0.00047153 -0.19792185 -0.00710000
v 0.01427359 -0.19792185 -0.00710000
v 0.00047153 -0.19591833 -0.00522015
v 0.01427359 -0.19591833 -0.00522015
v 0.00047153 -0.19591833 -0.00522015
v 0.01427359 -0.19591833 -0.00522015
v 0.00047153 -0.18355089 -0.01820596
v 0.01427359 -0.18355089 -0.01820596
v 0.00047153 -0.18355089 -0.01820596
v 0.01427359 -0.18355089 -0.01820596
v 0.00047153 -0.18555443 -0.02008581
v 0.01427359 -0.18555443 -0.02008581
v 0.01427359 -0.19792185 -0.00710000
v 0.01427359 -0.18555443 -0.02008581
v 0.01427359 -0.19591833 -0.00522015
v 0.01427359 -0.18355089 -0.01820596
v 0.01427359 -0.19366745 0.02876556
v 0.01427359 -0.19596780 0.02725673
v 0.00047153 -0.19366745 0.02876556
v 0.00047153 -0.19596780 0.02725673
v 0.01427359 -0.18372404 0.01382570
v 0.01427359 -0.18604911 0.01231686
v 0.01427359 -0.19366745 0.02876556
v 0.01427359 -0.19596780 0.02725673
v 0.00047153 -0.18372404 0.01382570
v 0.01427359 -0.18372404 0.01382570
v 0.00047153 -0.19366745 0.02876556
v 0.01427359 -0.19366745 0.02876556
v 0.00047153 -0.18372404 0.01382570
v 0.00047153 -0.19366745 0.02876556
v 0.00047153 -0.18604911 0.01231686
v 0.00047153 -0.19596780 0.02725673
v 0.01427359 -0.18604911 0.01231686
v 0.00047153 -0.18604911 0.01231686
v 0.01427359 -0.19596780 0.02725673
v 0.00047153 -0.19596780 0.02725673
v 0.01427359 -0.18372404 0.01382570
v 0.00047153 -0.18372404 0.01382570
v 0.01427359 -0.18604911 0.01231686
v 0.00047153 -0.18604911 0.01231686
v 0.00047153 -0.19596780 0.02725673
v 0.01427359 -0.19596780 0.02725673
v 0.00047153 -0.19366745 0.02876556
v 0.01427359 -0.19366745 0.02876556
v 0.01427359 -0.19596780 0.02725673
v 0.01427359 -0.18604911 0.01231686
v 0.01427359 -0.19366745 0.02876556
v 0.01427359 -0.18372404 0.01382570
v 0.01427359 -0.19366745 0.02876556
v 0.01427359 -0.18372404 0.01382570
v 0.00047153 -0.19366745 0.02876556
v 0.00047153 -0.18372404 0.01382570
v 0.00047153 -0.19596780 0.02725673
v 0.00047153 -0.19366745 0.02876556
v 0.00047153 -0.18604911 0.01231686
v 0.00047153 -0.18372404 0.01382570
v 0.00047153 -0.19596780 0.02725673
v 0.00047153 -0.18604911 0.01231686
v 0.01427359 -0.19596780 0.02725673
v 0.01427359 -0.18604911 0.01231686
v 0.00047153 -0.18604911 0.01231686
v 0.00047153 -0.18372404 0.01382570
v 0.01427359 -0.18604911 0.01231686
v 0.01427359 -0.18372404 0.01382570
v 0.00047153 -0.17778768 -0.04971819
v 0.00047153 -0.19223285 -0.03905745
v 0.00047153 -0.17944491 -0.05191957
v 0.00047153 -0.19386534 -0.04128359
v 0.01427359 -0.17944491 -0.05191957
v 0.00047153 -0.17944491 -0.05191957
v 0.01427359 -0.19386534 -0.04128359
v 0.00047153 -0.19386534 -0.04128359
v 0.01427359 -0.19386534 -0.04128359
v 0.00047153 -0.19386534 -0.04128359
v 0.01427359 -0.19223285 -0.03905745
v 0.00047153 -0.19223285 -0.03905745
v 0.01427359 -0.17778768 -0.04971819
v 0.01427359 -0.19223285 -0.03905745
v 0.00047153 -0.17778768 -0.04971819
v 0.00047153 -0.19223285 -0.03905745
v 0.01427359 -0.17944491 -0.05191957
v 0.01427359 -0.17778768 -0.04971819
v 0.00047153 -0.17944491 -0.05191957
v 0.00047153 -0.17778768 -0.04971819
v 0.01427359 -0.17778768 -0.04971819
v 0.01427359 -0.17944491 -0.05191957
v 0.01427359 -0.19223285 -0.03905745
v 0.01427359 -0.19386534 -0.04128359
v 0.00047153 -0.19386534 -0.04128359
v 0.00047153 -0.19223285 -0.03905745
v 0.00047153 -0.17944491 -0.05191957
v 0.00047153 -0.17778768 -0.04971819
v 0.00047153 -0.19386534 -0.04128359
v 0.00047153 -0.17944491 -0.05191957
v 0.01427359 -0.19386534 -0.04128359
v 0.01427359 -0.17944491 -0.05191957
v 0.00047153 -0.19223285 -0.03905745
v 0.00047153 -0.19386534 -0.04128359
v 0.01427359 -0.19223285 -0.03905745
v 0.01427359 -0.19386534 -0.04128359
v 0.00047153 -0.19223285 -0.03905745
v 0.01427359 -0.19223285 -0.03905745
v 0.00047153 -0.17778768 -0.04971819
v 0.01427359 -0.17778768 -0.04971819
v 0.00047153 -0.17778768 -0.04971819
v 0.01427359 -0.17778768 -0.04971819
v 0.00047153 -0.17944491 -0.05191957
v 0.01427359 -0.17944491 -0.05191957
v 0.01427359 -0.19386534 -0.04128359
v 0.01427359 -0.17944491 -0.05191957
v 0.01427359 -0.19223285 -0.03905745
v 0.01427359 -0.17778768 -0.04971819
v 0.00047153 -0.04600033 -0.18140663
v 0.00047153 -0.04708866 -0.17885895
v 0.00047153 -0.06242428 -0.18857975
v 0.00047153 -0.06351262 -0.18603207
v 0.01427359 -0.04600033 -0.18140663
v 0.00047153 -0.04600033 -0.18140663
v 0.01427359 -0.06242428 -0.18857975
v 0.00047153 -0.06242428 -0.18857975
v 0.01427359 -0.06242428 -0.18857975
v 0.00047153 -0.06242428 -0.18857975
v 0.01427359 -0.06351262 -0.18603207
v 0.00047153 -0.06351262 -0.18603207
v 0.01427359 -0.04708866 -0.17885895
v 0.01427359 -0.06351262 -0.18603207
v 0.00047153 -0.04708866 -0.17885895
v 0.00047153 -0.06351262 -0.18603207
v 0.00047153 -0.04600033 -0.18140663
v 0.01427359 -0.04600033 -0.18140663
v 0.00047153 -0.04708866 -0.17885895
v 0.01427359 -0.04708866 -0.17885895
v 0.01427359 -0.04600033 -0.18140663
v 0.01427359 -0.06242428 -0.18857975
v 0.01427359 -0.04708866 -0.17885895
v 0.01427359 -0.06351262 -0.18603207
v 0.00047153 -0.06351262 -0.18603207
v 0.00047153 -0.04708866 -0.17885895
v 0.00047153 -0.06242428 -0.18857975
v 0.00047153 -0.04600033 -0.18140663
v 0.00047153 -0.06242428 -0.18857975
v 0.00047153 -0.04600033 -0.18140663
v 0.01427359 -0.06242428 -0.18857975
v 0.01427359 -0.04600033 -0.18140663
v 0.00047153 -0.06351262 -0.18603207
v 0.00047153 -0.06242428 -0.18857975
v 0.01427359 -0.06351262 -0.18603207
v 0.01427359 -0.06242428 -0.18857975
v 0.00047153 -0.06351262 -0.18603207
v 0.01427359 -0.06351262 -0.18603207
v 0.00047153 -0.04708866 -0.17885895
v 0.01427359 -0.04708866 -0.17885895
v 0.01427359 -0.04708866 -0.17885895
v 0.01427359 -0.04600033 -0.18140663
v 0.00047153 -0.04708866 -0.17885895
v 0.00047153 -0.04600033 -0.18140663
v 0.01427359 -0.06351262 -0.18603207
v 0.01427359 -0.06242428 -0.18857975
v 0.01427359 -0.04708866 -0.17885895
v 0.01427359 -0.04600033 -0.18140663
v 0.00047153 0.15442632 -0.12332921
v 0.00047153 0.15331324 -0.10542117
v 0.00047153 0.15168072 -0.12347763
v 0.00047153 0.15054293 -0.10556956
v 0.00047153 0.15442632 -0.12332921
v 0.01427359 0.15442632 -0.12332921
v 0.00047153 0.15331324 -0.10542117
v 0.01427359 0.15331324 -0.10542117
v 0.01427359 0.15168072 -0.12347763
v 0.01427359 0.15442632 -0.12332921
v 0.00047153 0.15168072 -0.12347763
v 0.00047153 0.15442632 -0.12332921
v 0.01427359 0.15168072 -0.12347763
v 0.00047153 0.15168072 -0.12347763
v 0.01427359 0.15054293 -0.10556956
v 0.00047153 0.15054293 -0.10556956
v 0.01427359 0.15054293 -0.10556956
v 0.00047153 0.15054293 -0.10556956
v 0.01427359 0.15331324 -0.10542117
v 0.00047153 0.15331324 -0.10542117
v 0.01427359 0.15442632 -0.12332921
v 0.01427359 0.15168072 -0.12347763
v 0.01427359 0.15331324 -0.10542117
v 0.01427359 0.15054293 -0.10556956
v 0.00047153 0.15054293 -0.10556956
v 0.00047153 0.15331324 -0.10542117
v 0.00047153 0.15168072 -0.12347763
v 0.00047153 0.15442632 -0.12332921
v 0.01427359 0.15331324 -0.10542117
v 0.01427359 0.15442632 -0.12332921
v 0.00047153 0.15331324 -0.10542117
v 0.00047153 0.15442632 -0.12332921
v 0.00047153 0.15442632 -0.12332921
v 0.01427359 0.15442632 -0.12332921
v 0.00047153 0.15168072 -0.12347763
v 0.01427359 0.15168072 -0.12347763
v 0.00047153 0.15054293 -0.10556956
v 0.00047153 0.15168072 -0.12347763
v 0.01427359 0.15054293 -0.10556956
v 0.01427359 0.15168072 -0.12347763
v 0.00047153 0.15331324 -0.10542117
v 0.00047153 0.15054293 -0.10556956
v 0.01427359 0.15331324 -0.10542117
v 0.01427359 0.15054293 -0.10556956
v 0.01427359 0.15054293 -0.10556956
v 0.01427359 0.15168072 -0.12347763
v 0.01427359 0.15331324 -0.10542117
v 0.01427359 0.15442632 -0.12332921
v 0.00047153 0.10834525 -0.15177430
v 0.00047153 0.10569863 -0.15098278
v 0.00047153 0.10327459 -0.16896502
v 0.00047153 0.10062797 -0.16817350
v 0.01427359 0.10327459 -0.16896502
v 0.01427359 0.10834525 -0.15177430
v 0.00047153 0.10327459 -0.16896502
v 0.00047153 0.10834525 -0.15177430
v 0.01427359 0.10062797 -0.16817350
v 0.01427359 0.10327459 -0.16896502
v 0.00047153 0.10062797 -0.16817350
v 0.00047153 0.10327459 -0.16896502
v 0.01427359 0.10062797 -0.16817350
v 0.00047153 0.10062797 -0.16817350
v 0.01427359 0.10569863 -0.15098278
v 0.00047153 0.10569863 -0.15098278
v 0.01427359 0.10569863 -0.15098278
v 0.00047153 0.10569863 -0.15098278
v 0.01427359 0.10834525 -0.15177430
v 0.00047153 0.10834525 -0.15177430
v 0.01427359 0.10834525 -0.15177430
v 0.01427359 0.10327459 -0.16896502
v 0.01427359 0.10569863 -0.15098278
v 0.01427359 0.10062797 -0.16817350
v 0.00047153 0.10062797 -0.16817350
v 0.00047153 0.10569863 -0.15098278
v 0.00047153 0.10327459 -0.16896502
v 0.00047153 0.10834525 -0.15177430
v 0.00047153 0.10834525 -0.15177430
v 0.01427359 0.10834525 -0.15177430
v 0.00047153 0.10327459 -0.16896502
v 0.01427359 0.10327459 -0.16896502
v 0.00047153 0.10327459 -0.16896502
v 0.01427359 0.10327459 -0.16896502
v 0.00047153 0.10062797 -0.16817350
v 0.01427359 0.10062797 -0.16817350
v 0.00047153 0.10569863 -0.15098278
v 0.00047153 0.10062797 -0.16817350
v 0.01427359 0.10569863 -0.15098278
v 0.01427359 0.10062797 -0.16817350
v 0.00047153 0.10834525 -0.15177430
v 0.00047153 0.10569863 -0.15098278
v 0.01427359 0.10834525 -0.15177430
v 0.01427359 0.10569863 -0.15098278
v 0.01427359 0.10062797 -0.16817350
v 0.01427359 0.10327459 -0.16896502
v 0.01427359 0.10569863 -0.15098278
v 0.01427359 0.10834525 -0.15177430
v 0.00047153 0.08051852 -0.16839612
v 0.00047153 0.07806975 -0.16715938
v 0.00047153 0.07252914 -0.18444905
v 0.00047153 0.07008040 -0.18321231
v 0.00047153 0.07252914 -0.18444905
v 0.01427359 0.07252914 -0.18444905
v 0.00047153 0.08051852 -0.16839612
v 0.01427359 0.08051852 -0.16839612
v 0.01427359 0.07008040 -0.18321231
v 0.01427359 0.07252914 -0.18444905
v 0.00047153 0.07008040 -0.18321231
v 0.00047153 0.07252914 -0.18444905
v 0.01427359 0.07008040 -0.18321231
v 0.00047153 0.07008040 -0.18321231
v 0.01427359 0.07806975 -0.16715938
v 0.00047153 0.07806975 -0.16715938
v 0.01427359 0.07806975 -0.16715938
v 0.00047153 0.07806975 -0.16715938
v 0.01427359 0.08051852 -0.16839612
v 0.00047153 0.08051852 -0.16839612
v 0.01427359 0.08051852 -0.16839612
v 0.01427359 0.07252914 -0.18444905
v 0.01427359 0.07806975 -0.16715938
v 0.01427359 0.07008040 -0.18321231
v 0.00047153 0.07008040 -0.18321231
v 0.00047153 0.07806975 -0.16715938
v 0.00047153 0.07252914 -0.18444905
v 0.00047153 0.08051852 -0.16839612
v 0.01427359 0.08051852 -0.16839612
v 0.01427359 0.07252914 -0.18444905
v 0.00047153 0.08051852 -0.16839612
v 0.00047153 0.07252914 -0.18444905
v 0.00047153 0.07252914 -0.18444905
v 0.01427359 0.07252914 -0.18444905
v 0.00047153 0.07008040 -0.18321231
v 0.01427359 0.07008040 -0.18321231
v 0.00047153 0.07806975 -0.16715938
v 0.00047153 0.07008040 -0.18321231
v 0.01427359 0.07806975 -0.16715938
v 0.01427359 0.07008040 -0.18321231
v 0.00047153 0.08051852 -0.16839612
v 0.00047153 0.07806975 -0.16715938
v 0.01427359 0.08051852 -0.16839612
v 0.01427359 0.07806975 -0.16715938
v 0.01427359 0.07008040 -0.18321231
v 0.01427359 0.07252914 -0.18444905
v 0.01427359 0.07806975 -0.16715938
v 0.01427359 0.08051852 -0.16839612
v 0.00047153 0.13285751 -0.13057651
v 0.00047153 0.13011195 -0.13023023
v 0.00047153 0.13085396 -0.14838563
v 0.00047153 0.12810839 -0.14806406
v 0.00047153 0.13085396 -0.14838563
v 0.01427359 0.13085396 -0.14838563
v 0.00047153 0.13285751 -0.13057651
v 0.01427359 0.13285751 -0.13057651
v 0.01427359 0.12810839 -0.14806406
v 0.01427359 0.13085396 -0.14838563
v 0.00047153 0.12810839 -0.14806406
v 0.00047153 0.13085396 -0.14838563
v 0.01427359 0.12810839 -0.14806406
v 0.00047153 0.12810839 -0.14806406
v 0.01427359 0.13011195 -0.13023023
v 0.00047153 0.13011195 -0.13023023
v 0.01427359 0.13011195 -0.13023023
v 0.00047153 0.13011195 -0.13023023
v 0.01427359 0.13285751 -0.13057651
v 0.00047153 0.13285751 -0.13057651
v 0.01427359 0.13285751 -0.13057651
v 0.01427359 0.13085396 -0.14838563
v 0.01427359 0.13011195 -0.13023023
v 0.01427359 0.12810839 -0.14806406
v 0.00047153 0.12810839 -0.14806406
v 0.00047153 0.13011195 -0.13023023
v 0.00047153 0.13085396 -0.14838563
v 0.00047153 0.13285751 -0.13057651
v 0.01427359 0.13285751 -0.13057651
v 0.01427359 0.13085396 -0.14838563
v 0.00047153 0.13285751 -0.13057651
v 0.00047153 0.13085396 -0.14838563
v 0.00047153 0.13085396 -0.14838563
v 0.01427359 0.13085396 -0.14838563
v 0.00047153 0.12810839 -0.14806406
v 0.01427359 0.12810839 -0.14806406
v 0.00047153 0.13011195 -0.13023023
v 0.00047153 0.12810839 -0.14806406
v 0.01427359 0.13011195 -0.13023023
v 0.01427359 0.12810839 -0.14806406
v 0.00047153 0.13285751 -0.13057651
v 0.00047153 0.13011195 -0.13023023
v 0.01427359 0.13285751 -0.13057651
v 0.01427359 0.13011195 -0.13023023
v 0.01427359 0.12810839 -0.14806406
v 0.01427359 0.13085396 -0.14838563
v 0.01427359 0.13011195 -0.13023023
v 0.01427359 0.13285751 -0.13057651
v 0.00047153 0.19672296 0.00492107
v 0.00047153 0.18435551 0.01790688
v 0.00047153 0.19471944 0.00301649
v 0.00047153 0.18235199 0.01602704
v 0.00047153 0.19672296 0.00492107
v 0.01427359 0.19672296 0.00492107
v 0.00047153 0.18435551 0.01790688
v 0.01427359 0.18435551 0.01790688
v 0.01427359 0.19471944 0.00301649
v 0.01427359 0.19672296 0.00492107
v 0.00047153 0.19471944 0.00301649
v 0.00047153 0.19672296 0.00492107
v 0.00047153 0.19471944 0.00301649
v 0.00047153 0.18235199 0.01602704
v 0.01427359 0.19471944 0.00301649
v 0.01427359 0.18235199 0.01602704
v 0.01427359 0.18235199 0.01602704
v 0.00047153 0.18235199 0.01602704
v 0.01427359 0.18435551 0.01790688
v 0.00047153 0.18435551 0.01790688
v 0.01427359 0.19672296 0.00492107
v 0.01427359 0.19471944 0.00301649
v 0.01427359 0.18435551 0.01790688
v 0.01427359 0.18235199 0.01602704
v 0.00047153 0.18235199 0.01602704
v 0.00047153 0.18435551 0.01790688
v 0.00047153 0.19471944 0.00301649
v 0.00047153 0.19672296 0.00492107
v 0.01427359 0.18435551 0.01790688
v 0.01427359 0.19672296 0.00492107
v 0.00047153 0.18435551 0.01790688
v 0.00047153 0.19672296 0.00492107
v 0.00047153 0.19672296 0.00492107
v 0.01427359 0.19672296 0.00492107
v 0.00047153 0.19471944 0.00301649
v 0.01427359 0.19471944 0.00301649
v 0.01427359 0.18235199 0.01602704
v 0.00047153 0.18235199 0.01602704
v 0.01427359 0.19471944 0.00301649
v 0.00047153 0.19471944 0.00301649
v 0.00047153 0.18435551 0.01790688
v 0.00047153 0.18235199 0.01602704
v 0.01427359 0.18435551 0.01790688
v 0.01427359 0.18235199 0.01602704
v 0.01427359 0.18235199 0.01602704
v 0.01427359 0.19471944 0.00301649
v 0.01427359 0.18435551 0.01790688
v 0.01427359 0.19672296 0.00492107
v 0.00047153 0.18687847 -0.06292667
v 0.00047153 0.17970535 -0.04650272
v 0.00047153 0.18435549 -0.06401499
v 0.00047153 0.17718240 -0.04759104
v 0.00047153 0.18687847 -0.06292667
v 0.01427359 0.18687847 -0.06292667
v 0.00047153 0.17970535 -0.04650272
v 0.01427359 0.17970535 -0.04650272
v 0.01427359 0.18435549 -0.06401499
v 0.01427359 0.18687847 -0.06292667
v 0.00047153 0.18435549 -0.06401499
v 0.00047153 0.18687847 -0.06292667
v 0.01427359 0.18435549 -0.06401499
v 0.00047153 0.18435549 -0.06401499
v 0.01427359 0.17718240 -0.04759104
v 0.00047153 0.17718240 -0.04759104
v 0.01427359 0.17718240 -0.04759104
v 0.00047153 0.17718240 -0.04759104
v 0.01427359 0.17970535 -0.04650272
v 0.00047153 0.17970535 -0.04650272
v 0.01427359 0.18687847 -0.06292667
v 0.01427359 0.18435549 -0.06401499
v 0.01427359 0.17970535 -0.04650272
v 0.01427359 0.17718240 -0.04759104
v 0.00047153 0.17718240 -0.04759104
v 0.00047153 0.17970535 -0.04650272
v 0.00047153 0.18435549 -0.06401499
v 0.00047153 0.18687847 -0.06292667
v 0.01427359 0.17970535 -0.04650272
v 0.01427359 0.18687847 -0.06292667
v 0.00047153 0.17970535 -0.04650272
v 0.00047153 0.18687847 -0.06292667
v 0.00047153 0.18687847 -0.06292667
v 0.01427359 0.18687847 -0.06292667
v 0.00047153 0.18435549 -0.06401499
v 0.01427359 0.18435549 -0.06401499
v 0.00047153 0.17718240 -0.04759104
v 0.00047153 0.18435549 -0.06401499
v 0.01427359 0.17718240 -0.04759104
v 0.01427359 0.18435549 -0.06401499
v 0.00047153 0.17970535 -0.04650272
v 0.00047153 0.17718240 -0.04759104
v 0.01427359 0.17970535 -0.04650272
v 0.01427359 0.17718240 -0.04759104
v 0.01427359 0.17718240 -0.04759104
v 0.01427359 0.18435549 -0.06401499
v 0.01427359 0.17970535 -0.04650272
v 0.01427359 0.18687847 -0.06292667
v 0.00047153 0.17329900 -0.09453782
v 0.00047153 0.16909408 -0.07712447
v 0.00047153 0.17060291 -0.09518092
v 0.00047153 0.16639798 -0.07774283
v 0.00047153 0.17329900 -0.09453782
v 0.01427359 0.17329900 -0.09453782
v 0.00047153 0.16909408 -0.07712447
v 0.01427359 0.16909408 -0.07712447
v 0.01427359 0.17060291 -0.09518092
v 0.01427359 0.17329900 -0.09453782
v 0.00047153 0.17060291 -0.09518092
v 0.00047153 0.17329900 -0.09453782
v 0.01427359 0.17060291 -0.09518092
v 0.00047153 0.17060291 -0.09518092
v 0.01427359 0.16639798 -0.07774283
v 0.00047153 0.16639798 -0.07774283
v 0.01427359 0.16639798 -0.07774283
v 0.00047153 0.16639798 -0.07774283
v 0.01427359 0.16909408 -0.07712447
v 0.00047153 0.16909408 -0.07712447
v 0.01427359 0.17329900 -0.09453782
v 0.01427359 0.17060291 -0.09518092
v 0.01427359 0.16909408 -0.07712447
v 0.01427359 0.16639798 -0.07774283
v 0.00047153 0.16639798 -0.07774283
v 0.00047153 0.16909408 -0.07712447
v 0.00047153 0.17060291 -0.09518092
v 0.00047153 0.17329900 -0.09453782
v 0.01427359 0.16909408 -0.07712447
v 0.01427359 0.17329900 -0.09453782
v 0.00047153 0.16909408 -0.07712447
v 0.00047153 0.17329900 -0.09453782
v 0.00047153 0.17329900 -0.09453782
v 0.01427359 0.17329900 -0.09453782
v 0.00047153 0.17060291 -0.09518092
v 0.01427359 0.17060291 -0.09518092
v 0.00047153 0.16639798 -0.07774283
v 0.00047153 0.17060291 -0.09518092
v 0.01427359 0.16639798 -0.07774283
v 0.01427359 0.17060291 -0.09518092
v 0.00047153 0.16909408 -0.07712447
v 0.00047153 0.16639798 -0.07774283
v 0.01427359 0.16909408 -0.07712447
v 0.01427359 0.16639798 -0.07774283
v 0.01427359 0.16639798 -0.07774283
v 0.01427359 0.17060291 -0.09518092
v 0.01427359 0.16909408 -0.07712447
v 0.01427359 0.17329900 -0.09453782
v 0.00047153 0.19476888 -0.02943566
v 0.00047153 0.18485022 -0.01449580
v 0.00047153 0.19246855 -0.03094448
v 0.00047153 0.18254987 -0.01600461
v 0.00047153 0.19476888 -0.02943566
v 0.01427359 0.19476888 -0.02943566
v 0.00047153 0.18485022 -0.01449580
v 0.01427359 0.18485022 -0.01449580
v 0.01427359 0.19246855 -0.03094448
v 0.01427359 0.19476888 -0.02943566
v 0.00047153 0.19246855 -0.03094448
v 0.00047153 0.19476888 -0.02943566
v 0.01427359 0.19246855 -0.03094448
v 0.00047153 0.19246855 -0.03094448
v 0.01427359 0.18254987 -0.01600461
v 0.00047153 0.18254987 -0.01600461
v 0.01427359 0.18254987 -0.01600461
v 0.00047153 0.18254987 -0.01600461
v 0.01427359 0.18485022 -0.01449580
v 0.00047153 0.18485022 -0.01449580
v 0.01427359 0.19476888 -0.02943566
v 0.01427359 0.19246855 -0.03094448
v 0.01427359 0.18485022 -0.01449580
v 0.01427359 0.18254987 -0.01600461
v 0.00047153 0.18254987 -0.01600461
v 0.00047153 0.18485022 -0.01449580
v 0.00047153 0.19246855 -0.03094448
v 0.00047153 0.19476888 -0.02943566
v 0.01427359 0.18485022 -0.01449580
v 0.01427359 0.19476888 -0.02943566
v 0.00047153 0.18485022 -0.01449580
v 0.00047153 0.19476888 -0.02943566
v 0.00047153 0.19476888 -0.02943566
v 0.01427359 0.19476888 -0.02943566
v 0.00047153 0.19246855 -0.03094448
v 0.01427359 0.19246855 -0.03094448
v 0.00047153 0.18254987 -0.01600461
v 0.00047153 0.19246855 -0.03094448
v 0.01427359 0.18254987 -0.01600461
v 0.01427359 0.19246855 -0.03094448
v 0.00047153 0.18485022 -0.01449580
v 0.00047153 0.18254987 -0.01600461
v 0.01427359 0.18485022 -0.01449580
v 0.01427359 0.18254987 -0.01600461
v 0.01427359 0.18254987 -0.01600461
v 0.01427359 0.19246855 -0.03094448
v 0.01427359 0.18485022 -0.01449580
v 0.01427359 0.19476888 -0.02943566
v 0.01427359 -0.10689752 0.14877912
v 0.01427359 -0.10182686 0.16599458
v 0.00047153 -0.10689752 0.14877912
v 0.00047153 -0.10182686 0.16599458
v 0.01427359 -0.10182686 0.16599458
v 0.01427359 -0.10689752 0.14877912
v 0.01427359 -0.10444876 0.16678610
v 0.01427359 -0.10951941 0.14959536
v 0.01427359 -0.10689752 0.14877912
v 0.00047153 -0.10689752 0.14877912
v 0.01427359 -0.10951941 0.14959536
v 0.00047153 -0.10951941 0.14959536
v 0.00047153 -0.10182686 0.16599458
v 0.00047153 -0.10444876 0.16678610
v 0.00047153 -0.10689752 0.14877912
v 0.00047153 -0.10951941 0.14959536
v 0.01427359 -0.10182686 0.16599458
v 0.01427359 -0.10444876 0.16678610
v 0.00047153 -0.10182686 0.16599458
v 0.00047153 -0.10444876 0.16678610
v 0.00047153 -0.10951941 0.14959536
v 0.00047153 -0.10444876 0.16678610
v 0.01427359 -0.10951941 0.14959536
v 0.01427359 -0.10444876 0.16678610
v 0.00047153 -0.10182686 0.16599458
v 0.01427359 -0.10182686 0.16599458
v 0.00047153 -0.10689752 0.14877912
v 0.01427359 -0.10689752 0.14877912
v 0.01427359 -0.10951941 0.14959536
v 0.01427359 -0.10689752 0.14877912
v 0.01427359 -0.10444876 0.16678610
v 0.01427359 -0.10182686 0.16599458
v 0.00047153 -0.10951941 0.14959536
v 0.00047153 -0.10689752 0.14877912
v 0.01427359 -0.10951941 0.14959536
v 0.01427359 -0.10689752 0.14877912
v 0.00047153 -0.10951941 0.14959536
v 0.00047153 -0.10444876 0.16678610
v 0.00047153 -0.10689752 0.14877912
v 0.00047153 -0.10182686 0.16599458
v 0.00047153 -0.10444876 0.16678610
v 0.01427359 -0.10444876 0.16678610
v 0.00047153 -0.10182686 0.16599458
v 0.01427359 -0.10182686 0.16599458
v 0.01427359 -0.10444876 0.16678610
v 0.00047153 -0.10444876 0.16678610
v 0.01427359 -0.10951941 0.14959536
v 0.00047153 -0.10951941 0.14959536
v 0.00047153 -0.03857981 0.19053155
v 0.00047153 -0.04078120 0.19218880
v 0.00047153 -0.04921580 0.17611114
v 0.00047153 -0.05141721 0.17776837
v 0.00047153 -0.05141721 0.17776837
v 0.00047153 -0.04078120 0.19218880
v 0.01427359 -0.05141721 0.17776837
v 0.01427359 -0.04078120 0.19218880
v 0.01427359 -0.03857981 0.19053155
v 0.01427359 -0.04078120 0.19218880
v 0.00047153 -0.03857981 0.19053155
v 0.00047153 -0.04078120 0.19218880
v 0.01427359 -0.04921580 0.17611114
v 0.01427359 -0.03857981 0.19053155
v 0.00047153 -0.04921580 0.17611114
v 0.00047153 -0.03857981 0.19053155
v 0.01427359 -0.05141721 0.17776837
v 0.01427359 -0.04921580 0.17611114
v 0.00047153 -0.05141721 0.17776837
v 0.00047153 -0.04921580 0.17611114
v 0.01427359 -0.03857981 0.19053155
v 0.01427359 -0.04921580 0.17611114
v 0.01427359 -0.04078120 0.19218880
v 0.01427359 -0.05141721 0.17776837
v 0.00047153 -0.05141721 0.17776837
v 0.00047153 -0.04078120 0.19218880
v 0.00047153 -0.04921580 0.17611114
v 0.00047153 -0.03857981 0.19053155
v 0.01427359 -0.04078120 0.19218880
v 0.00047153 -0.04078120 0.19218880
v 0.01427359 -0.05141721 0.17776837
v 0.00047153 -0.05141721 0.17776837
v 0.00047153 -0.04078120 0.19218880
v 0.01427359 -0.04078120 0.19218880
v 0.00047153 -0.03857981 0.19053155
v 0.01427359 -0.03857981 0.19053155
v 0.00047153 -0.03857981 0.19053155
v 0.01427359 -0.03857981 0.19053155
v 0.00047153 -0.04921580 0.17611114
v 0.01427359 -0.04921580 0.17611114
v 0.00047153 -0.04921580 0.17611114
v 0.01427359 -0.04921580 0.17611114
v 0.00047153 -0.05141721 0.17776837
v 0.01427359 -0.05141721 0.17776837
v 0.01427359 -0.05141721 0.17776837
v 0.01427359 -0.04921580 0.17611114
v 0.01427359 -0.04078120 0.19218880
v 0.01427359 -0.03857981 0.19053155
v 0.01427359 -0.01770358 0.18184961
v 0.01427359 -0.00471777 0.19421705
v 0.00047153 -0.01770358 0.18184961
v 0.00047153 -0.00471777 0.19421705
v 0.01427359 -0.00471777 0.19421705
v 0.01427359 -0.01770358 0.18184961
v 0.01427359 -0.00659763 0.19622057
v 0.01427359 -0.01960816 0.18387788
v 0.01427359 -0.01770358 0.18184961
v 0.00047153 -0.01770358 0.18184961
v 0.01427359 -0.01960816 0.18387788
v 0.00047153 -0.01960816 0.18387788
v 0.00047153 -0.00471777 0.19421705
v 0.00047153 -0.00659763 0.19622057
v 0.00047153 -0.01770358 0.18184961
v 0.00047153 -0.01960816 0.18387788
v 0.00047153 -0.00471777 0.19421705
v 0.01427359 -0.00471777 0.19421705
v 0.00047153 -0.00659763 0.19622057
v 0.01427359 -0.00659763 0.19622057
v 0.01427359 -0.01960816 0.18387788
v 0.00047153 -0.01960816 0.18387788
v 0.01427359 -0.00659763 0.19622057
v 0.00047153 -0.00659763 0.19622057
v 0.00047153 -0.00471777 0.19421705
v 0.01427359 -0.00471777 0.19421705
v 0.00047153 -0.01770358 0.18184961
v 0.01427359 -0.01770358 0.18184961
v 0.01427359 -0.01960816 0.18387788
v 0.01427359 -0.01770358 0.18184961
v 0.01427359 -0.00659763 0.19622057
v 0.01427359 -0.00471777 0.19421705
v 0.00047153 -0.01960816 0.18387788
v 0.00047153 -0.01770358 0.18184961
v 0.01427359 -0.01960816 0.18387788
v 0.01427359 -0.01770358 0.18184961
v 0.00047153 -0.01960816 0.18387788
v 0.00047153 -0.00659763 0.19622057
v 0.00047153 -0.01770358 0.18184961
v 0.00047153 -0.00471777 0.19421705
v 0.01427359 -0.00659763 0.19622057
v 0.01427359 -0.00471777 0.19421705
v 0.00047153 -0.00659763 0.19622057
v 0.00047153 -0.00471777 0.19421705
v 0.00047153 -0.00659763 0.19622057
v 0.00047153 -0.01960816 0.18387788
v 0.01427359 -0.00659763 0.19622057
v 0.01427359 -0.01960816 0.18387788
v 0.00047153 0.05024302 -0.17994729
v 0.00047153 0.04801691 -0.17829007
v 0.00047153 0.03958230 -0.19436773
v 0.00047153 0.03738091 -0.19271049
v 0.01427359 0.03958230 -0.19436773
v 0.01427359 0.05024302 -0.17994729
v 0.00047153 0.03958230 -0.19436773
v 0.00047153 0.05024302 -0.17994729
v 0.01427359 0.03738091 -0.19271049
v 0.01427359 0.03958230 -0.19436773
v 0.00047153 0.03738091 -0.19271049
v 0.00047153 0.03958230 -0.19436773
v 0.01427359 0.03738091 -0.19271049
v 0.00047153 0.03738091 -0.19271049
v 0.01427359 0.04801691 -0.17829007
v 0.00047153 0.04801691 -0.17829007
v 0.01427359 0.04801691 -0.17829007
v 0.00047153 0.04801691 -0.17829007
v 0.01427359 0.05024302 -0.17994729
v 0.00047153 0.05024302 -0.17994729
v 0.01427359 0.05024302 -0.17994729
v 0.01427359 0.03958230 -0.19436773
v 0.01427359 0.04801691 -0.17829007
v 0.01427359 0.03738091 -0.19271049
v 0.00047153 0.03738091 -0.19271049
v 0.00047153 0.04801691 -0.17829007
v 0.00047153 0.03958230 -0.19436773
v 0.00047153 0.05024302 -0.17994729
v 0.00047153 0.05024302 -0.17994729
v 0.01427359 0.05024302 -0.17994729
v 0.00047153 0.03958230 -0.19436773
v 0.01427359 0.03958230 -0.19436773
v 0.00047153 0.03958230 -0.19436773
v 0.01427359 0.03958230 -0.19436773
v 0.00047153 0.03738091 -0.19271049
v 0.01427359 0.03738091 -0.19271049
v 0.00047153 0.04801691 -0.17829007
v 0.00047153 0.03738091 -0.19271049
v 0.01427359 0.04801691 -0.17829007
v 0.01427359 0.03738091 -0.19271049
v 0.00047153 0.05024302 -0.17994729
v 0.00047153 0.04801691 -0.17829007
v 0.01427359 0.05024302 -0.17994729
v 0.01427359 0.04801691 -0.17829007
v 0.01427359 0.03738091 -0.19271049
v 0.01427359 0.03958230 -0.19436773
v 0.01427359 0.04801691 -0.17829007
v 0.01427359 0.05024302 -0.17994729
v 0.00047153 -0.07662209 -0.17077065
v 0.00047153 -0.07724046 -0.16807453
v 0.00047153 -0.09406018 -0.17497555
v 0.00047153 -0.09467854 -0.17230419
v 0.01427359 -0.07662209 -0.17077065
v 0.00047153 -0.07662209 -0.17077065
v 0.01427359 -0.09406018 -0.17497555
v 0.00047153 -0.09406018 -0.17497555
v 0.01427359 -0.09406018 -0.17497555
v 0.00047153 -0.09406018 -0.17497555
v 0.01427359 -0.09467854 -0.17230419
v 0.00047153 -0.09467854 -0.17230419
v 0.01427359 -0.07724046 -0.16807453
v 0.01427359 -0.09467854 -0.17230419
v 0.00047153 -0.07724046 -0.16807453
v 0.00047153 -0.09467854 -0.17230419
v 0.01427359 -0.07662209 -0.17077065
v 0.01427359 -0.07724046 -0.16807453
v 0.00047153 -0.07662209 -0.17077065
v 0.00047153 -0.07724046 -0.16807453
v 0.01427359 -0.07662209 -0.17077065
v 0.01427359 -0.09406018 -0.17497555
v 0.01427359 -0.07724046 -0.16807453
v 0.01427359 -0.09467854 -0.17230419
v 0.00047153 -0.09467854 -0.17230419
v 0.00047153 -0.07724046 -0.16807453
v 0.00047153 -0.09406018 -0.17497555
v 0.00047153 -0.07662209 -0.17077065
v 0.00047153 -0.09406018 -0.17497555
v 0.00047153 -0.07662209 -0.17077065
v 0.01427359 -0.09406018 -0.17497555
v 0.01427359 -0.07662209 -0.17077065
v 0.00047153 -0.09467854 -0.17230419
v 0.00047153 -0.09406018 -0.17497555
v 0.01427359 -0.09467854 -0.17230419
v 0.01427359 -0.09406018 -0.17497555
v 0.00047153 -0.09467854 -0.17230419
v 0.01427359 -0.09467854 -0.17230419
v 0.00047153 -0.07724046 -0.16807453
v 0.01427359 -0.07724046 -0.16807453
v 0.00047153 -0.07724046 -0.16807453
v 0.01427359 -0.07724046 -0.16807453
v 0.00047153 -0.07662209 -0.17077065
v 0.01427359 -0.07662209 -0.17077065
v 0.01427359 -0.09467854 -0.17230419
v 0.01427359 -0.09406018 -0.17497555
v 0.01427359 -0.07724046 -0.16807453
v 0.01427359 -0.07662209 -0.17077065
v 0.00047153 -0.12975259 -0.13178849
v 0.00047153 -0.14756169 -0.12978494
v 0.00047153 -0.13007413 -0.13453406
v 0.00047153 -0.14788324 -0.13253053
v 0.01427359 -0.13007413 -0.13453406
v 0.00047153 -0.13007413 -0.13453406
v 0.01427359 -0.14788324 -0.13253053
v 0.00047153 -0.14788324 -0.13253053
v 0.01427359 -0.14788324 -0.13253053
v 0.00047153 -0.14788324 -0.13253053
v 0.01427359 -0.14756169 -0.12978494
v 0.00047153 -0.14756169 -0.12978494
v 0.01427359 -0.14756169 -0.12978494
v 0.00047153 -0.14756169 -0.12978494
v 0.01427359 -0.12975259 -0.13178849
v 0.00047153 -0.12975259 -0.13178849
v 0.00047153 -0.13007413 -0.13453406
v 0.01427359 -0.13007413 -0.13453406
v 0.00047153 -0.12975259 -0.13178849
v 0.01427359 -0.12975259 -0.13178849
v 0.01427359 -0.12975259 -0.13178849
v 0.01427359 -0.13007413 -0.13453406
v 0.01427359 -0.14756169 -0.12978494
v 0.01427359 -0.14788324 -0.13253053
v 0.00047153 -0.14788324 -0.13253053
v 0.00047153 -0.14756169 -0.12978494
v 0.00047153 -0.13007413 -0.13453406
v 0.00047153 -0.12975259 -0.13178849
v 0.00047153 -0.14788324 -0.13253053
v 0.00047153 -0.13007413 -0.13453406
v 0.01427359 -0.14788324 -0.13253053
v 0.01427359 -0.13007413 -0.13453406
v 0.00047153 -0.14756169 -0.12978494
v 0.00047153 -0.14788324 -0.13253053
v 0.01427359 -0.14756169 -0.12978494
v 0.01427359 -0.14788324 -0.13253053
v 0.00047153 -0.12975259 -0.13178849
v 0.00047153 -0.14756169 -0.12978494
v 0.01427359 -0.12975259 -0.13178849
v 0.01427359 -0.14756169 -0.12978494
v 0.01427359 -0.12975259 -0.13178849
v 0.01427359 -0.13007413 -0.13453406
v 0.00047153 -0.12975259 -0.13178849
v 0.00047153 -0.13007413 -0.13453406
v 0.01427359 -0.14788324 -0.13253053
v 0.01427359 -0.13007413 -0.13453406
v 0.01427359 -0.14756169 -0.12978494
v 0.01427359 -0.12975259 -0.13178849
v 0.00047153 -0.15048040 -0.10737517
v 0.00047153 -0.16767113 -0.10230451
v 0.00047153 -0.15127192 -0.11002179
v 0.00047153 -0.16848738 -0.10495113
v 0.01427359 -0.15127192 -0.11002179
v 0.00047153 -0.15127192 -0.11002179
v 0.01427359 -0.16848738 -0.10495113
v 0.00047153 -0.16848738 -0.10495113
v 0.01427359 -0.16848738 -0.10495113
v 0.00047153 -0.16848738 -0.10495113
v 0.01427359 -0.16767113 -0.10230451
v 0.00047153 -0.16767113 -0.10230451
v 0.01427359 -0.15048040 -0.10737517
v 0.01427359 -0.16767113 -0.10230451
v 0.00047153 -0.15048040 -0.10737517
v 0.00047153 -0.16767113 -0.10230451
v 0.01427359 -0.15127192 -0.11002179
v 0.01427359 -0.15048040 -0.10737517
v 0.00047153 -0.15127192 -0.11002179
v 0.00047153 -0.15048040 -0.10737517
v 0.01427359 -0.15048040 -0.10737517
v 0.01427359 -0.15127192 -0.11002179
v 0.01427359 -0.16767113 -0.10230451
v 0.01427359 -0.16848738 -0.10495113
v 0.00047153 -0.16848738 -0.10495113
v 0.00047153 -0.16767113 -0.10230451
v 0.00047153 -0.15127192 -0.11002179
v 0.00047153 -0.15048040 -0.10737517
v 0.00047153 -0.16848738 -0.10495113
v 0.00047153 -0.15127192 -0.11002179
v 0.01427359 -0.16848738 -0.10495113
v 0.01427359 -0.15127192 -0.11002179
v 0.00047153 -0.16767113 -0.10230451
v 0.00047153 -0.16848738 -0.10495113
v 0.01427359 -0.16767113 -0.10230451
v 0.01427359 -0.16848738 -0.10495113
v 0.00047153 -0.16767113 -0.10230451
v 0.01427359 -0.16767113 -0.10230451
v 0.00047153 -0.15048040 -0.10737517
v 0.01427359 -0.15048040 -0.10737517
v 0.00047153 -0.15048040 -0.10737517
v 0.01427359 -0.15048040 -0.10737517
v 0.00047153 -0.15127192 -0.11002179
v 0.01427359 -0.15127192 -0.11002179
v 0.01427359 -0.16848738 -0.10495113
v 0.01427359 -0.15127192 -0.11002179
v 0.01427359 -0.16767113 -0.10230451
v 0.01427359 -0.15048040 -0.10737517
v 0.00047153 -0.10491878 -0.15498978
v 0.00047153 -0.10509192 -0.15224421
v 0.00047153 -0.12282682 -0.15610286
v 0.00047153 -0.12297524 -0.15335730
v 0.01427359 -0.10491878 -0.15498978
v 0.00047153 -0.10491878 -0.15498978
v 0.01427359 -0.12282682 -0.15610286
v 0.00047153 -0.12282682 -0.15610286
v 0.01427359 -0.12282682 -0.15610286
v 0.00047153 -0.12282682 -0.15610286
v 0.01427359 -0.12297524 -0.15335730
v 0.00047153 -0.12297524 -0.15335730
v 0.01427359 -0.10509192 -0.15224421
v 0.01427359 -0.12297524 -0.15335730
v 0.00047153 -0.10509192 -0.15224421
v 0.00047153 -0.12297524 -0.15335730
v 0.01427359 -0.10491878 -0.15498978
v 0.01427359 -0.10509192 -0.15224421
v 0.00047153 -0.10491878 -0.15498978
v 0.00047153 -0.10509192 -0.15224421
v 0.01427359 -0.10491878 -0.15498978
v 0.01427359 -0.12282682 -0.15610286
v 0.01427359 -0.10509192 -0.15224421
v 0.01427359 -0.12297524 -0.15335730
v 0.00047153 -0.12297524 -0.15335730
v 0.00047153 -0.10509192 -0.15224421
v 0.00047153 -0.12282682 -0.15610286
v 0.00047153 -0.10491878 -0.15498978
v 0.00047153 -0.12282682 -0.15610286
v 0.00047153 -0.10491878 -0.15498978
v 0.01427359 -0.12282682 -0.15610286
v 0.01427359 -0.10491878 -0.15498978
v 0.00047153 -0.12297524 -0.15335730
v 0.00047153 -0.12282682 -0.15610286
v 0.01427359 -0.12297524 -0.15335730
v 0.01427359 -0.12282682 -0.15610286
v 0.00047153 -0.12297524 -0.15335730
v 0.01427359 -0.12297524 -0.15335730
v 0.00047153 -0.10509192 -0.15224421
v 0.01427359 -0.10509192 -0.15224421
v 0.00047153 -0.10509192 -0.15224421
v 0.01427359 -0.10509192 -0.15224421
v 0.00047153 -0.10491878 -0.15498978
v 0.01427359 -0.10491878 -0.15498978
v 0.01427359 -0.12297524 -0.15335730
v 0.01427359 -0.12282682 -0.15610286
v 0.01427359 -0.10509192 -0.15224421
v 0.01427359 -0.10491878 -0.15498978
v 0.00047153 -0.07125457 0.18103338
v 0.00047153 -0.07372805 0.18227012
v 0.00047153 -0.07924393 0.16498045
v 0.00047153 -0.08171742 0.16621720
v 0.01427359 -0.08171742 0.16621720
v 0.00047153 -0.08171742 0.16621720
v 0.01427359 -0.07372805 0.18227012
v 0.00047153 -0.07372805 0.18227012
v 0.01427359 -0.07125457 0.18103338
v 0.01427359 -0.07372805 0.18227012
v 0.00047153 -0.07125457 0.18103338
v 0.00047153 -0.07372805 0.18227012
v 0.01427359 -0.07924393 0.16498045
v 0.01427359 -0.07125457 0.18103338
v 0.00047153 -0.07924393 0.16498045
v 0.00047153 -0.07125457 0.18103338
v 0.01427359 -0.07924393 0.16498045
v 0.00047153 -0.07924393 0.16498045
v 0.01427359 -0.08171742 0.16621720
v 0.00047153 -0.08171742 0.16621720
v 0.01427359 -0.07125457 0.18103338
v 0.01427359 -0.07924393 0.16498045
v 0.01427359 -0.07372805 0.18227012
v 0.01427359 -0.08171742 0.16621720
v 0.00047153 -0.08171742 0.16621720
v 0.00047153 -0.07372805 0.18227012
v 0.00047153 -0.07924393 0.16498045
v 0.00047153 -0.07125457 0.18103338
v 0.00047153 -0.07372805 0.18227012
v 0.00047153 -0.08171742 0.16621720
v 0.01427359 -0.07372805 0.18227012
v 0.01427359 -0.08171742 0.16621720
v 0.00047153 -0.07372805 0.18227012
v 0.01427359 -0.07372805 0.18227012
v 0.00047153 -0.07125457 0.18103338
v 0.01427359 -0.07125457 0.18103338
v 0.00047153 -0.07125457 0.18103338
v 0.01427359 -0.07125457 0.18103338
v 0.00047153 -0.07924393 0.16498045
v 0.01427359 -0.07924393 0.16498045
v 0.00047153 -0.08171742 0.16621720
v 0.00047153 -0.07924393 0.16498045
v 0.01427359 -0.08171742 0.16621720
v 0.01427359 -0.07924393 0.16498045
v 0.01427359 -0.08171742 0.16621720
v 0.01427359 -0.07924393 0.16498045
v 0.01427359 -0.07372805 0.18227012
v 0.01427359 -0.07125457 0.18103338
v 0.00047153 -0.17835657 0.04541212
v 0.00047153 -0.18552968 0.06183608
v 0.00047153 -0.18090426 0.04432378
v 0.00047153 -0.18807737 0.06074774
v 0.01427359 -0.18090426 0.04432378
v 0.00047153 -0.18090426 0.04432378
v 0.01427359 -0.18807737 0.06074774
v 0.00047153 -0.18807737 0.06074774
v 0.01427359 -0.18552968 0.06183608
v 0.01427359 -0.18807737 0.06074774
v 0.00047153 -0.18552968 0.06183608
v 0.00047153 -0.18807737 0.06074774
v 0.01427359 -0.17835657 0.04541212
v 0.01427359 -0.18552968 0.06183608
v 0.00047153 -0.17835657 0.04541212
v 0.00047153 -0.18552968 0.06183608
v 0.01427359 -0.18090426 0.04432378
v 0.01427359 -0.17835657 0.04541212
v 0.00047153 -0.18090426 0.04432378
v 0.00047153 -0.17835657 0.04541212
v 0.01427359 -0.17835657 0.04541212
v 0.01427359 -0.18090426 0.04432378
v 0.01427359 -0.18552968 0.06183608
v 0.01427359 -0.18807737 0.06074774
v 0.00047153 -0.18807737 0.06074774
v 0.00047153 -0.18552968 0.06183608
v 0.00047153 -0.18090426 0.04432378
v 0.00047153 -0.17835657 0.04541212
v 0.00047153 -0.18807737 0.06074774
v 0.00047153 -0.18090426 0.04432378
v 0.01427359 -0.18807737 0.06074774
v 0.01427359 -0.18090426 0.04432378
v 0.00047153 -0.18807737 0.06074774
v 0.01427359 -0.18807737 0.06074774
v 0.00047153 -0.18552968 0.06183608
v 0.01427359 -0.18552968 0.06183608
v 0.00047153 -0.18552968 0.06183608
v 0.01427359 -0.18552968 0.06183608
v 0.00047153 -0.17835657 0.04541212
v 0.01427359 -0.17835657 0.04541212
v 0.00047153 -0.17835657 0.04541212
v 0.01427359 -0.17835657 0.04541212
v 0.00047153 -0.18090426 0.04432378
v 0.01427359 -0.18090426 0.04432378
v 0.01427359 -0.18807737 0.06074774
v 0.01427359 -0.18090426 0.04432378
v 0.01427359 -0.18552968 0.06183608
v 0.01427359 -0.17835657 0.04541212
v 0.00047153 -0.15174184 0.10339064
v 0.00047153 -0.15285491 0.12129868
v 0.00047153 -0.15448741 0.10324223
v 0.00047153 -0.15562521 0.12115028
v 0.01427359 -0.15448741 0.10324223
v 0.00047153 -0.15448741 0.10324223
v 0.01427359 -0.15562521 0.12115028
v 0.00047153 -0.15562521 0.12115028
v 0.01427359 -0.15285491 0.12129868
v 0.01427359 -0.15562521 0.12115028
v 0.00047153 -0.15285491 0.12129868
v 0.00047153 -0.15562521 0.12115028
v 0.01427359 -0.15174184 0.10339064
v 0.01427359 -0.15285491 0.12129868
v 0.00047153 -0.15174184 0.10339064
v 0.00047153 -0.15285491 0.12129868
v 0.01427359 -0.15174184 0.10339064
v 0.00047153 -0.15174184 0.10339064
v 0.01427359 -0.15448741 0.10324223
v 0.00047153 -0.15448741 0.10324223
v 0.01427359 -0.15174184 0.10339064
v 0.01427359 -0.15448741 0.10324223
v 0.01427359 -0.15285491 0.12129868
v 0.01427359 -0.15562521 0.12115028
v 0.00047153 -0.15562521 0.12115028
v 0.00047153 -0.15285491 0.12129868
v 0.00047153 -0.15448741 0.10324223
v 0.00047153 -0.15174184 0.10339064
v 0.00047153 -0.15562521 0.12115028
v 0.00047153 -0.15448741 0.10324223
v 0.01427359 -0.15562521 0.12115028
v 0.01427359 -0.15448741 0.10324223
v 0.00047153 -0.15562521 0.12115028
v 0.01427359 -0.15562521 0.12115028
v 0.00047153 -0.15285491 0.12129868
v 0.01427359 -0.15285491 0.12129868
v 0.00047153 -0.15285491 0.12129868
v 0.01427359 -0.15285491 0.12129868
v 0.00047153 -0.15174184 0.10339064
v 0.01427359 -0.15174184 0.10339064
v 0.00047153 -0.15448741 0.10324223
v 0.00047153 -0.15174184 0.10339064
v 0.01427359 -0.15448741 0.10324223
v 0.01427359 -0.15174184 0.10339064
v 0.01427359 -0.15562521 0.12115028
v 0.01427359 -0.15448741 0.10324223
v 0.01427359 -0.15285491 0.12129868
v 0.01427359 -0.15174184 0.10339064
v 0.01427359 -0.13131084 0.12805130
v 0.01427359 -0.12928256 0.14588514
v 0.00047153 -0.13131084 0.12805130
v 0.00047153 -0.12928256 0.14588514
v 0.01427359 -0.12928256 0.14588514
v 0.01427359 -0.13131084 0.12805130
v 0.01427359 -0.13202813 0.14620669
v 0.01427359 -0.13403167 0.12837285
v 0.01427359 -0.13131084 0.12805130
v 0.00047153 -0.13131084 0.12805130
v 0.01427359 -0.13403167 0.12837285
v 0.00047153 -0.13403167 0.12837285
v 0.00047153 -0.12928256 0.14588514
v 0.00047153 -0.13202813 0.14620669
v 0.00047153 -0.13131084 0.12805130
v 0.00047153 -0.13403167 0.12837285
v 0.01427359 -0.12928256 0.14588514
v 0.01427359 -0.13202813 0.14620669
v 0.00047153 -0.12928256 0.14588514
v 0.00047153 -0.13202813 0.14620669
v 0.00047153 -0.13403167 0.12837285
v 0.00047153 -0.13202813 0.14620669
v 0.01427359 -0.13403167 0.12837285
v 0.01427359 -0.13202813 0.14620669
v 0.00047153 -0.12928256 0.14588514
v 0.01427359 -0.12928256 0.14588514
v 0.00047153 -0.13131084 0.12805130
v 0.01427359 -0.13131084 0.12805130
v 0.01427359 -0.13403167 0.12837285
v 0.01427359 -0.13131084 0.12805130
v 0.01427359 -0.13202813 0.14620669
v 0.01427359 -0.12928256 0.14588514
v 0.00047153 -0.13403167 0.12837285
v 0.00047153 -0.13131084 0.12805130
v 0.01427359 -0.13403167 0.12837285
v 0.01427359 -0.13131084 0.12805130
v 0.00047153 -0.13403167 0.12837285
v 0.00047153 -0.13202813 0.14620669
v 0.00047153 -0.13131084 0.12805130
v 0.00047153 -0.12928256 0.14588514
v 0.00047153 -0.13202813 0.14620669
v 0.01427359 -0.13202813 0.14620669
v 0.00047153 -0.12928256 0.14588514
v 0.01427359 -0.12928256 0.14588514
v 0.01427359 -0.13202813 0.14620669
v 0.00047153 -0.13202813 0.14620669
v 0.01427359 -0.13403167 0.12837285
v 0.00047153 -0.13403167 0.12837285
v 0.00047153 -0.16759689 0.07556392
v 0.00047153 -0.17180181 0.09300200
v 0.00047153 -0.17026826 0.07492081
v 0.00047153 -0.17449791 0.09235890
v 0.01427359 -0.17026826 0.07492081
v 0.00047153 -0.17026826 0.07492081
v 0.01427359 -0.17449791 0.09235890
v 0.00047153 -0.17449791 0.09235890
v 0.01427359 -0.17180181 0.09300200
v 0.01427359 -0.17449791 0.09235890
v 0.00047153 -0.17180181 0.09300200
v 0.00047153 -0.17449791 0.09235890
v 0.01427359 -0.16759689 0.07556392
v 0.01427359 -0.17180181 0.09300200
v 0.00047153 -0.16759689 0.07556392
v 0.00047153 -0.17180181 0.09300200
v 0.01427359 -0.16759689 0.07556392
v 0.00047153 -0.16759689 0.07556392
v 0.01427359 -0.17026826 0.07492081
v 0.00047153 -0.17026826 0.07492081
v 0.01427359 -0.16759689 0.07556392
v 0.01427359 -0.17026826 0.07492081
v 0.01427359 -0.17180181 0.09300200
v 0.01427359 -0.17449791 0.09235890
v 0.00047153 -0.17449791 0.09235890
v 0.00047153 -0.17180181 0.09300200
v 0.00047153 -0.17026826 0.07492081
v 0.00047153 -0.16759689 0.07556392
v 0.00047153 -0.17449791 0.09235890
v 0.00047153 -0.17026826 0.07492081
v 0.01427359 -0.17449791 0.09235890
v 0.01427359 -0.17026826 0.07492081
v 0.00047153 -0.17449791 0.09235890
v 0.01427359 -0.17449791 0.09235890
v 0.00047153 -0.17180181 0.09300200
v 0.01427359 -0.17180181 0.09300200
v 0.00047153 -0.17180181 0.09300200
v 0.01427359 -0.17180181 0.09300200
v 0.00047153 -0.16759689 0.07556392
v 0.01427359 -0.16759689 0.07556392
v 0.00047153 -0.17026826 0.07492081
v 0.00047153 -0.16759689 0.07556392
v 0.01427359 -0.17026826 0.07492081
v 0.01427359 -0.16759689 0.07556392
v 0.01427359 -0.17449791 0.09235890
v 0.01427359 -0.17026826 0.07492081
v 0.01427359 -0.17180181 0.09300200
v 0.01427359 -0.16759689 0.07556392
v 0.00047153 0.14670908 0.13035159
v 0.00047153 0.12887523 0.13235513
v 0.00047153 0.14638752 0.12760602
v 0.00047153 0.12855369 0.12960954
v 0.01427359 0.12887523 0.13235513
v 0.00047153 0.12887523 0.13235513
v 0.01427359 0.14670908 0.13035159
v 0.00047153 0.14670908 0.13035159
v 0.00047153 0.14638752 0.12760602
v 0.01427359 0.14638752 0.12760602
v 0.00047153 0.14670908 0.13035159
v 0.01427359 0.14670908 0.13035159
v 0.01427359 0.12855369 0.12960954
v 0.01427359 0.14638752 0.12760602
v 0.00047153 0.12855369 0.12960954
v 0.00047153 0.14638752 0.12760602
v 0.00047153 0.12855369 0.12960954
v 0.00047153 0.12887523 0.13235513
v 0.01427359 0.12855369 0.12960954
v 0.01427359 0.12887523 0.13235513
v 0.01427359 0.14670908 0.13035159
v 0.01427359 0.14638752 0.12760602
v 0.01427359 0.12887523 0.13235513
v 0.01427359 0.12855369 0.12960954
v 0.00047153 0.12855369 0.12960954
v 0.00047153 0.12887523 0.13235513
v 0.00047153 0.14638752 0.12760602
v 0.00047153 0.14670908 0.13035159
v 0.00047153 0.14670908 0.13035159
v 0.00047153 0.12887523 0.13235513
v 0.01427359 0.14670908 0.13035159
v 0.01427359 0.12887523 0.13235513
v 0.01427359 0.14670908 0.13035159
v 0.01427359 0.14638752 0.12760602
v 0.00047153 0.14670908 0.13035159
v 0.00047153 0.14638752 0.12760602
v 0.00047153 0.14638752 0.12760602
v 0.01427359 0.14638752 0.12760602
v 0.00047153 0.12855369 0.12960954
v 0.01427359 0.12855369 0.12960954
v 0.01427359 0.12887523 0.13235513
v 0.00047153 0.12887523 0.13235513
v 0.01427359 0.12855369 0.12960954
v 0.00047153 0.12855369 0.12960954
v 0.01427359 0.12855369 0.12960954
v 0.01427359 0.14638752 0.12760602
v 0.01427359 0.12887523 0.13235513
v 0.01427359 0.14670908 0.13035159
v 0.00047153 0.18277251 0.07205150
v 0.00047153 0.16671958 0.08001614
v 0.00047153 0.18153577 0.06957801
v 0.00047153 0.16545810 0.07756739
v 0.01427359 0.16671958 0.08001614
v 0.00047153 0.16671958 0.08001614
v 0.01427359 0.18277251 0.07205150
v 0.00047153 0.18277251 0.07205150
v 0.00047153 0.18153577 0.06957801
v 0.01427359 0.18153577 0.06957801
v 0.00047153 0.18277251 0.07205150
v 0.01427359 0.18277251 0.07205150
v 0.01427359 0.16545810 0.07756739
v 0.01427359 0.18153577 0.06957801
v 0.00047153 0.16545810 0.07756739
v 0.00047153 0.18153577 0.06957801
v 0.00047153 0.16545810 0.07756739
v 0.00047153 0.16671958 0.08001614
v 0.01427359 0.16545810 0.07756739
v 0.01427359 0.16671958 0.08001614
v 0.01427359 0.18277251 0.07205150
v 0.01427359 0.18153577 0.06957801
v 0.01427359 0.16671958 0.08001614
v 0.01427359 0.16545810 0.07756739
v 0.00047153 0.16545810 0.07756739
v 0.00047153 0.16671958 0.08001614
v 0.00047153 0.18153577 0.06957801
v 0.00047153 0.18277251 0.07205150
v 0.00047153 0.18277251 0.07205150
v 0.00047153 0.16671958 0.08001614
v 0.01427359 0.18277251 0.07205150
v 0.01427359 0.16671958 0.08001614
v 0.01427359 0.18277251 0.07205150
v 0.01427359 0.18153577 0.06957801
v 0.00047153 0.18277251 0.07205150
v 0.00047153 0.18153577 0.06957801
v 0.00047153 0.18153577 0.06957801
v 0.01427359 0.18153577 0.06957801
v 0.00047153 0.16545810 0.07756739
v 0.01427359 0.16545810 0.07756739
v 0.01427359 0.16671958 0.08001614
v 0.00047153 0.16671958 0.08001614
v 0.01427359 0.16545810 0.07756739
v 0.00047153 0.16545810 0.07756739
v 0.01427359 0.16545810 0.07756739
v 0.01427359 0.18153577 0.06957801
v 0.01427359 0.16671958 0.08001614
v 0.01427359 0.18277251 0.07205150
v 0.00047153 0.19269116 0.03907992
v 0.00047153 0.17824601 0.04974067
v 0.00047153 0.19103394 0.03687853
v 0.00047153 0.17661352 0.04753926
v 0.01427359 0.17824601 0.04974067
v 0.00047153 0.17824601 0.04974067
v 0.01427359 0.19269116 0.03907992
v 0.00047153 0.19269116 0.03907992
v 0.00047153 0.19103394 0.03687853
v 0.01427359 0.19103394 0.03687853
v 0.00047153 0.19269116 0.03907992
v 0.01427359 0.19269116 0.03907992
v 0.01427359 0.17661352 0.04753926
v 0.01427359 0.19103394 0.03687853
v 0.00047153 0.17661352 0.04753926
v 0.00047153 0.19103394 0.03687853
v 0.01427359 0.17661352 0.04753926
v 0.00047153 0.17661352 0.04753926
v 0.01427359 0.17824601 0.04974067
v 0.00047153 0.17824601 0.04974067
v 0.01427359 0.19269116 0.03907992
v 0.01427359 0.19103394 0.03687853
v 0.01427359 0.17824601 0.04974067
v 0.01427359 0.17661352 0.04753926
v 0.00047153 0.17661352 0.04753926
v 0.00047153 0.17824601 0.04974067
v 0.00047153 0.19103394 0.03687853
v 0.00047153 0.19269116 0.03907992
v 0.00047153 0.19269116 0.03907992
v 0.00047153 0.17824601 0.04974067
v 0.01427359 0.19269116 0.03907992
v 0.01427359 0.17824601 0.04974067
v 0.01427359 0.19269116 0.03907992
v 0.01427359 0.19103394 0.03687853
v 0.00047153 0.19269116 0.03907992
v 0.00047153 0.19103394 0.03687853
v 0.00047153 0.19103394 0.03687853
v 0.01427359 0.19103394 0.03687853
v 0.00047153 0.17661352 0.04753926
v 0.01427359 0.17661352 0.04753926
v 0.00047153 0.17824601 0.04974067
v 0.00047153 0.17661352 0.04753926
v 0.01427359 0.17824601 0.04974067
v 0.01427359 0.17661352 0.04753926
v 0.01427359 0.17661352 0.04753926
v 0.01427359 0.19103394 0.03687853
v 0.01427359 0.17824601 0.04974067
v 0.01427359 0.19269116 0.03907992
v 0.01427359 0.14928150 0.10519624
v 0.01427359 0.16649696 0.10012558
v 0.00047153 0.14928150 0.10519624
v 0.00047153 0.16649696 0.10012558
v 0.01427359 0.16728848 0.10277222
v 0.01427359 0.16649696 0.10012558
v 0.01427359 0.15007302 0.10784287
v 0.01427359 0.14928150 0.10519624
v 0.01427359 0.14928150 0.10519624
v 0.00047153 0.14928150 0.10519624
v 0.01427359 0.15007302 0.10784287
v 0.00047153 0.15007302 0.10784287
v 0.00047153 0.16728848 0.10277222
v 0.00047153 0.15007302 0.10784287
v 0.00047153 0.16649696 0.10012558
v 0.00047153 0.14928150 0.10519624
v 0.00047153 0.16649696 0.10012558
v 0.01427359 0.16649696 0.10012558
v 0.00047153 0.16728848 0.10277222
v 0.01427359 0.16728848 0.10277222
v 0.01427359 0.15007302 0.10784287
v 0.00047153 0.15007302 0.10784287
v 0.01427359 0.16728848 0.10277222
v 0.00047153 0.16728848 0.10277222
v 0.00047153 0.16649696 0.10012558
v 0.01427359 0.16649696 0.10012558
v 0.00047153 0.14928150 0.10519624
v 0.01427359 0.14928150 0.10519624
v 0.01427359 0.14928150 0.10519624
v 0.01427359 0.16649696 0.10012558
v 0.01427359 0.15007302 0.10784287
v 0.01427359 0.16728848 0.10277222
v 0.00047153 0.15007302 0.10784287
v 0.00047153 0.14928150 0.10519624
v 0.01427359 0.15007302 0.10784287
v 0.01427359 0.14928150 0.10519624
v 0.00047153 0.14928150 0.10519624
v 0.00047153 0.15007302 0.10784287
v 0.00047153 0.16649696 0.10012558
v 0.00047153 0.16728848 0.10277222
v 0.01427359 0.16728848 0.10277222
v 0.01427359 0.16649696 0.10012558
v 0.00047153 0.16728848 0.10277222
v 0.00047153 0.16649696 0.10012558
v 0.00047153 0.16728848 0.10277222
v 0.00047153 0.15007302 0.10784287
v 0.01427359 0.16728848 0.10277222
v 0.01427359 0.15007302 0.10784287
v 0.00047153 0.02926793 0.19196617
v 0.00047153 0.02775912 0.19426652
v 0.00047153 0.01432807 0.18204749
v 0.00047153 0.01281924 0.18434783
v 0.01427359 0.01281924 0.18434783
v 0.00047153 0.01281924 0.18434783
v 0.01427359 0.02775912 0.19426652
v 0.00047153 0.02775912 0.19426652
v 0.00047153 0.02926793 0.19196617
v 0.01427359 0.02926793 0.19196617
v 0.00047153 0.02775912 0.19426652
v 0.01427359 0.02775912 0.19426652
v 0.01427359 0.01432807 0.18204749
v 0.01427359 0.02926793 0.19196617
v 0.00047153 0.01432807 0.18204749
v 0.00047153 0.02926793 0.19196617
v 0.00047153 0.01432807 0.18204749
v 0.00047153 0.01281924 0.18434783
v 0.01427359 0.01432807 0.18204749
v 0.01427359 0.01281924 0.18434783
v 0.01427359 0.02926793 0.19196617
v 0.01427359 0.01432807 0.18204749
v 0.01427359 0.02775912 0.19426652
v 0.01427359 0.01281924 0.18434783
v 0.00047153 0.01281924 0.18434783
v 0.00047153 0.02775912 0.19426652
v 0.00047153 0.01432807 0.18204749
v 0.00047153 0.02926793 0.19196617
v 0.00047153 0.02775912 0.19426652
v 0.00047153 0.01281924 0.18434783
v 0.01427359 0.02775912 0.19426652
v 0.01427359 0.01281924 0.18434783
v 0.01427359 0.02775912 0.19426652
v 0.01427359 0.02926793 0.19196617
v 0.00047153 0.02775912 0.19426652
v 0.00047153 0.02926793 0.19196617
v 0.00047153 0.02926793 0.19196617
v 0.01427359 0.02926793 0.19196617
v 0.00047153 0.01432807 0.18204749
v 0.01427359 0.01432807 0.18204749
v 0.01427359 0.01281924 0.18434783
v 0.00047153 0.01281924 0.18434783
v 0.01427359 0.01432807 0.18204749
v 0.00047153 0.01432807 0.18204749
v 0.01427359 0.01281924 0.18434783
v 0.01427359 0.01432807 0.18204749
v 0.01427359 0.02775912 0.19426652
v 0.01427359 0.02926793 0.19196617
v 0.00047153 0.09350438 0.17012527
v 0.00047153 0.09286127 0.17279663
v 0.00047153 0.07606629 0.16589561
v 0.00047153 0.07542319 0.16859170
v 0.01427359 0.07542319 0.16859170
v 0.00047153 0.07542319 0.16859170
v 0.01427359 0.09286127 0.17279663
v 0.00047153 0.09286127 0.17279663
v 0.00047153 0.09350438 0.17012527
v 0.01427359 0.09350438 0.17012527
v 0.00047153 0.09286127 0.17279663
v 0.01427359 0.09286127 0.17279663
v 0.01427359 0.07606629 0.16589561
v 0.01427359 0.09350438 0.17012527
v 0.00047153 0.07606629 0.16589561
v 0.00047153 0.09350438 0.17012527
v 0.00047153 0.07606629 0.16589561
v 0.00047153 0.07542319 0.16859170
v 0.01427359 0.07606629 0.16589561
v 0.01427359 0.07542319 0.16859170
v 0.01427359 0.09350438 0.17012527
v 0.01427359 0.07606629 0.16589561
v 0.01427359 0.09286127 0.17279663
v 0.01427359 0.07542319 0.16859170
v 0.00047153 0.07542319 0.16859170
v 0.00047153 0.09286127 0.17279663
v 0.00047153 0.07606629 0.16589561
v 0.00047153 0.09350438 0.17012527
v 0.00047153 0.09286127 0.17279663
v 0.00047153 0.07542319 0.16859170
v 0.01427359 0.09286127 0.17279663
v 0.01427359 0.07542319 0.16859170
v 0.01427359 0.09286127 0.17279663
v 0.01427359 0.09350438 0.17012527
v 0.00047153 0.09286127 0.17279663
v 0.00047153 0.09350438 0.17012527
v 0.00047153 0.09350438 0.17012527
v 0.01427359 0.09350438 0.17012527
v 0.00047153 0.07606629 0.16589561
v 0.01427359 0.07606629 0.16589561
v 0.01427359 0.07542319 0.16859170
v 0.00047153 0.07542319 0.16859170
v 0.01427359 0.07606629 0.16589561
v 0.00047153 0.07606629 0.16589561
v 0.01427359 0.07542319 0.16859170
v 0.01427359 0.07606629 0.16589561
v 0.01427359 0.09286127 0.17279663
v 0.01427359 0.09350438 0.17012527
v 0.00047153 0.12180105 0.15117836
v 0.00047153 0.12162793 0.15392393
v 0.00047153 0.10389301 0.15006529
v 0.00047153 0.10374460 0.15281086
v 0.01427359 0.10374460 0.15281086
v 0.00047153 0.10374460 0.15281086
v 0.01427359 0.12162793 0.15392393
v 0.00047153 0.12162793 0.15392393
v 0.01427359 0.12180105 0.15117836
v 0.01427359 0.12162793 0.15392393
v 0.00047153 0.12180105 0.15117836
v 0.00047153 0.12162793 0.15392393
v 0.01427359 0.10389301 0.15006529
v 0.01427359 0.12180105 0.15117836
v 0.00047153 0.10389301 0.15006529
v 0.00047153 0.12180105 0.15117836
v 0.01427359 0.10389301 0.15006529
v 0.00047153 0.10389301 0.15006529
v 0.01427359 0.10374460 0.15281086
v 0.00047153 0.10374460 0.15281086
v 0.01427359 0.12180105 0.15117836
v 0.01427359 0.10389301 0.15006529
v 0.01427359 0.12162793 0.15392393
v 0.01427359 0.10374460 0.15281086
v 0.00047153 0.10374460 0.15281086
v 0.00047153 0.12162793 0.15392393
v 0.00047153 0.10389301 0.15006529
v 0.00047153 0.12180105 0.15117836
v 0.00047153 0.12162793 0.15392393
v 0.00047153 0.10374460 0.15281086
v 0.01427359 0.12162793 0.15392393
v 0.01427359 0.10374460 0.15281086
v 0.00047153 0.12162793 0.15392393
v 0.01427359 0.12162793 0.15392393
v 0.00047153 0.12180105 0.15117836
v 0.01427359 0.12180105 0.15117836
v 0.00047153 0.12180105 0.15117836
v 0.01427359 0.12180105 0.15117836
v 0.00047153 0.10389301 0.15006529
v 0.01427359 0.10389301 0.15006529
v 0.00047153 0.10374460 0.15281086
v 0.00047153 0.10389301 0.15006529
v 0.01427359 0.10374460 0.15281086
v 0.01427359 0.10389301 0.15006529
v 0.01427359 0.10374460 0.15281086
v 0.01427359 0.10389301 0.15006529
v 0.01427359 0.12162793 0.15392393
v 0.01427359 0.12180105 0.15117836
v 0.00047153 0.06233845 0.18385313
v 0.00047153 0.06125013 0.18637608
v 0.00047153 0.04588976 0.17668001
v 0.00047153 0.04480142 0.17920298
v 0.01427359 0.04480142 0.17920298
v 0.00047153 0.04480142 0.17920298
v 0.01427359 0.06125013 0.18637608
v 0.00047153 0.06125013 0.18637608
v 0.00047153 0.06233845 0.18385313
v 0.01427359 0.06233845 0.18385313
v 0.00047153 0.06125013 0.18637608
v 0.01427359 0.06125013 0.18637608
v 0.01427359 0.04588976 0.17668001
v 0.01427359 0.06233845 0.18385313
v 0.00047153 0.04588976 0.17668001
v 0.00047153 0.06233845 0.18385313
v 0.01427359 0.04588976 0.17668001
v 0.00047153 0.04588976 0.17668001
v 0.01427359 0.04480142 0.17920298
v 0.00047153 0.04480142 0.17920298
v 0.01427359 0.06233845 0.18385313
v 0.01427359 0.04588976 0.17668001
v 0.01427359 0.06125013 0.18637608
v 0.01427359 0.04480142 0.17920298
v 0.00047153 0.04480142 0.17920298
v 0.00047153 0.06125013 0.18637608
v 0.00047153 0.04588976 0.17668001
v 0.00047153 0.06233845 0.18385313
v 0.00047153 0.06125013 0.18637608
v 0.00047153 0.04480142 0.17920298
v 0.01427359 0.06125013 0.18637608
v 0.01427359 0.04480142 0.17920298
v 0.01427359 0.06125013 0.18637608
v 0.01427359 0.06233845 0.18385313
v 0.00047153 0.06125013 0.18637608
v 0.00047153 0.06233845 0.18385313
v 0.00047153 0.06233845 0.18385313
v 0.01427359 0.06233845 0.18385313
v 0.00047153 0.04588976 0.17668001
v 0.01427359 0.04588976 0.17668001
v 0.00047153 0.04480142 0.17920298
v 0.00047153 0.04588976 0.17668001
v 0.01427359 0.04480142 0.17920298
v 0.01427359 0.04588976 0.17668001
v 0.01427359 0.04480142 0.17920298
v 0.01427359 0.04588976 0.17668001
v 0.01427359 0.06125013 0.18637608
v 0.01427359 0.06233845 0.18385313
v 0.00047153 0.01840926 -0.18605682
v 0.00047153 0.01652942 -0.18402853
v 0.00047153 0.00542346 -0.19842424
v 0.00047153 0.00351887 -0.19639598
v 0.01427359 0.00542346 -0.19842424
v 0.01427359 0.01840926 -0.18605682
v 0.00047153 0.00542346 -0.19842424
v 0.00047153 0.01840926 -0.18605682
v 0.01427359 0.00542346 -0.19842424
v 0.00047153 0.00542346 -0.19842424
v 0.01427359 0.00351887 -0.19639598
v 0.00047153 0.00351887 -0.19639598
v 0.01427359 0.01652942 -0.18402853
v 0.01427359 0.00351887 -0.19639598
v 0.00047153 0.01652942 -0.18402853
v 0.00047153 0.00351887 -0.19639598
v 0.00047153 0.01840926 -0.18605682
v 0.01427359 0.01840926 -0.18605682
v 0.00047153 0.01652942 -0.18402853
v 0.01427359 0.01652942 -0.18402853
v 0.01427359 0.01840926 -0.18605682
v 0.01427359 0.00542346 -0.19842424
v 0.01427359 0.01652942 -0.18402853
v 0.01427359 0.00351887 -0.19639598
v 0.00047153 0.00351887 -0.19639598
v 0.00047153 0.01652942 -0.18402853
v 0.00047153 0.00542346 -0.19842424
v 0.00047153 0.01840926 -0.18605682
v 0.00047153 0.01840926 -0.18605682
v 0.01427359 0.01840926 -0.18605682
v 0.00047153 0.00542346 -0.19842424
v 0.01427359 0.00542346 -0.19842424
v 0.00047153 0.00351887 -0.19639598
v 0.00047153 0.00542346 -0.19842424
v 0.01427359 0.00351887 -0.19639598
v 0.01427359 0.00542346 -0.19842424
v 0.00047153 0.00351887 -0.19639598
v 0.01427359 0.00351887 -0.19639598
v 0.00047153 0.01652942 -0.18402853
v 0.01427359 0.01652942 -0.18402853
v 0.01427359 0.01652942 -0.18402853
v 0.01427359 0.01840926 -0.18605682
v 0.00047153 0.01652942 -0.18402853
v 0.00047153 0.01840926 -0.18605682
v 0.01427359 0.00351887 -0.19639598
v 0.01427359 0.00542346 -0.19842424
v 0.01427359 0.01652942 -0.18402853
v 0.01427359 0.01840926 -0.18605682
v 0.00348918 0.04628545 -0.19839951
v 0.00348918 0.01180511 0.20116755
v 0.00348918 0.02672018 -0.20206025
v 0.00348918 -0.00810644 0.20141489
v 0.00348918 0.00690755 -0.20376696
v 0.00348918 0.01180511 0.20116755
v 0.00348918 0.04628545 -0.19839951
v 0.00348918 0.03156829 0.19899087
v 0.00348918 0.05103461 0.19488488
v 0.00348918 0.04628545 -0.19839951
v 0.00348918 0.06540552 -0.19285891
v 0.00348918 0.05103461 0.19488488
v 0.00348918 0.06540552 -0.19285891
v 0.00348918 0.08388245 -0.18546317
v 0.00348918 0.05103461 0.19488488
v 0.00348918 0.07000626 0.18887430
v 0.00348918 0.08828534 0.18103335
v 0.00348918 0.10151843 -0.17628656
v 0.00348918 0.11818973 -0.16545267
v 0.00348918 0.10572342 0.17146095
v 0.00348918 0.12212262 0.16018185
v 0.00348918 0.13372321 -0.15301104
v 0.00348918 0.14797051 -0.13911005
v 0.00348918 0.13735929 0.14739393
v 0.00348918 0.00690755 -0.20376696
v 0.00348918 -0.00810644 0.20141489
v 0.00348918 -0.01297928 -0.20351960
v 0.00348918 -0.02791907 0.19970819
v 0.00348918 -0.03274244 -0.20134296
v 0.00348918 -0.04748436 0.19607218
v 0.00348918 -0.05220878 -0.19721220
v 0.00348918 -0.06657967 0.19050684
v 0.00348918 -0.07118043 -0.19122637
v 0.00348918 -0.08505662 0.18313585
v 0.00348918 -0.08945949 -0.18336067
v 0.00348918 -0.10271732 0.17395921
v 0.00348918 -0.10689757 -0.17378828
v 0.00348918 -0.11938862 0.16310060
v 0.00348918 -0.12332153 -0.16253391
v 0.00348918 -0.13492211 0.15065897
v 0.00348918 -0.13853346 -0.14974600
v 0.00348918 -0.14914468 0.13678271
v 0.00348918 -0.15243446 -0.13549870
v 0.00348918 -0.13853346 -0.14974600
v 0.00348918 -0.14914468 0.13678271
v 0.00348918 0.14797051 -0.13911005
v 0.00348918 0.15123555 0.13314663
v 0.00348918 0.13735929 0.14739393
v 0.00348918 -0.16195734 0.12154604
v 0.00348918 -0.15243446 -0.13549870
v 0.00348918 -0.14914468 0.13678271
v 0.00348918 0.14797051 -0.13911005
v 0.00348918 0.16075842 -0.12389811
v 0.00348918 0.15123555 0.13314663
v 0.00348918 0.17203753 -0.10749890
v 0.00348918 0.16367718 0.11761314
v 0.00348918 -0.15243446 -0.13549870
v 0.00348918 -0.16195734 0.12154604
v 0.00348918 -0.16487609 -0.11996522
v 0.00348918 -0.17321170 0.10514682
v 0.00348918 0.16367718 0.11761314
v 0.00348918 0.17203753 -0.10749890
v 0.00348918 0.17453581 0.10094183
v 0.00348918 0.18160992 -0.09006082
v 0.00348918 0.18945088 -0.07175701
v 0.00348918 0.18371241 0.08330587
v 0.00348918 0.19108342 0.06482892
v 0.00348918 0.19546148 -0.05278536
v 0.00348918 0.19956747 -0.03331902
v 0.00348918 0.19664876 0.04570887
v 0.00348918 0.20028479 0.02614358
v 0.00348918 0.20174411 -0.01355587
v 0.00348918 0.20199148 0.00633096
v 0.00348918 -0.16487609 -0.11996522
v 0.00348918 -0.17321170 0.10514682
v 0.00348918 -0.17570996 -0.10329392
v 0.00348918 -0.18280884 0.08770875
v 0.00348918 -0.18488660 -0.08563321
v 0.00348918 -0.19064979 0.06942968
v 0.00348918 -0.19228231 -0.06715627
v 0.00348918 -0.19663563 0.05045803
v 0.00348918 -0.19782292 -0.04806094
v 0.00348918 -0.20076636 0.03099169
v 0.00348918 -0.20294303 0.01122853
v 0.00348918 -0.20145894 -0.02849565
v 0.00348918 -0.20319038 -0.00868303
v -0.00462385 0.20174411 -0.01355587
v -0.00462385 0.19956747 -0.03334376
v -0.00573692 0.20013637 -0.01345694
v -0.00573692 0.19795969 -0.03307168
v -0.00462385 0.19546148 -0.05278536
v -0.00573692 0.19387844 -0.05238962
v -0.00462385 0.18945088 -0.07178175
v -0.00573692 0.18794205 -0.07121285
v -0.00462385 0.18160992 -0.09003609
v -0.00573692 0.18015059 -0.08934351
v -0.00462385 0.17203753 -0.10747417
v -0.00573692 0.17065238 -0.10663318
v -0.00462385 0.16078316 -0.12389811
v -0.00573692 0.15947221 -0.12290870
v -0.00462385 0.14797051 -0.13911005
v -0.00573692 0.14678324 -0.13802172
v -0.00462385 0.13372321 -0.15301104
v -0.00573692 0.13265962 -0.15179904
v -0.00462385 0.11821447 -0.16545267
v -0.00573692 0.11724979 -0.16414173
v -0.00462385 0.10151843 -0.17631129
v -0.00573692 0.10070217 -0.17490140
v -0.00462385 0.08388245 -0.18546317
v -0.00573692 0.08318988 -0.18400381
v -0.00462385 0.06540552 -0.19285891
v -0.00573692 0.06486133 -0.19132534
v -0.00462385 0.04628545 -0.19839951
v -0.00573692 0.04591443 -0.19681647
v -0.00462385 0.02674490 -0.20203554
v -0.00573692 0.02652229 -0.20045250
v -0.00462385 0.00690755 -0.20376696
v -0.00573692 0.00685808 -0.20213445
v -0.00462385 -0.01297928 -0.20351960
v -0.00573692 -0.01288035 -0.20191186
v -0.00462385 -0.03274244 -0.20134296
v -0.00573692 -0.03249510 -0.19973518
v -0.00462385 -0.05220878 -0.19721220
v -0.00573692 -0.05181303 -0.19565393
v -0.00462385 -0.07118043 -0.19122637
v -0.00573692 -0.07061152 -0.18969280
v -0.00462385 -0.08945949 -0.18338541
v -0.00573692 -0.08876691 -0.18190131
v -0.00462385 -0.10689757 -0.17378828
v -0.00573692 -0.10605659 -0.17240313
v -0.00462385 -0.12332153 -0.16253391
v -0.00573692 -0.12233213 -0.16124770
v -0.00462385 -0.13853346 -0.14974600
v -0.00573692 -0.13744513 -0.14853397
v -0.00462385 -0.15243446 -0.13549870
v -0.00573692 -0.15122245 -0.13441038
v -0.00462385 -0.16487609 -0.11996522
v -0.00573692 -0.16356514 -0.11902528
v -0.00462385 -0.17573470 -0.10329392
v -0.00573692 -0.17432481 -0.10247766
v -0.00462385 -0.18488660 -0.08563321
v -0.00573692 -0.18342724 -0.08496537
v -0.00462385 -0.19228231 -0.06715627
v -0.00573692 -0.19074876 -0.06663682
v -0.00462385 -0.19782292 -0.04806094
v -0.00573692 -0.19623989 -0.04768992
v -0.00462385 -0.20145894 -0.02849565
v -0.00573692 -0.19985118 -0.02827305
v -0.00462385 -0.20319038 -0.00868303
v -0.00573692 -0.20155788 -0.00860883
v -0.00462385 -0.20294303 0.01120380
v -0.00573692 -0.20131052 0.01110487
v -0.00462385 -0.20074162 0.03099169
v -0.00573692 -0.19915860 0.03074434
v -0.00462385 -0.19663563 0.05045803
v -0.00573692 -0.19505259 0.05003755
v -0.00462385 -0.19062505 0.06942968
v -0.00573692 -0.18911622 0.06886078
v -0.00462385 -0.18280884 0.08770875
v -0.00573692 -0.18132474 0.08699143
v -0.00462385 -0.17321170 0.10514682
v -0.00573692 -0.17182655 0.10428110
v -0.00462385 -0.16195734 0.12154604
v -0.00573692 -0.16067112 0.12055665
v -0.00462385 -0.14914468 0.13678271
v -0.00573692 -0.14795740 0.13566965
v -0.00462385 -0.13492211 0.15068370
v -0.00573692 -0.13383379 0.14944697
v -0.00462385 -0.11938862 0.16312534
v -0.00573692 -0.11842396 0.16178966
v -0.00462385 -0.10271732 0.17395921
v -0.00573692 -0.10190107 0.17254932
v -0.00462385 -0.08505662 0.18313585
v -0.00573692 -0.08436405 0.18165175
v -0.00462385 -0.06657967 0.19050684
v -0.00573692 -0.06606025 0.18897327
v -0.00462385 -0.04748436 0.19607218
v -0.00573692 -0.04711333 0.19448914
v -0.00462385 -0.02791907 0.19970819
v -0.00573692 -0.02769646 0.19810043
v -0.00462385 -0.00810644 0.20143963
v -0.00573692 -0.00803225 0.19980713
v -0.00462385 0.01180511 0.20116755
v -0.00573692 0.01170618 0.19955977
v -0.00462385 0.03156829 0.19899087
v -0.00573692 0.03132093 0.19738311
v -0.00462385 0.05103461 0.19488488
v -0.00573692 0.05061413 0.19330186
v -0.00462385 0.07000626 0.18887430
v -0.00573692 0.06943736 0.18734075
v -0.00462385 0.08828534 0.18103335
v -0.00573692 0.08756802 0.17957399
v -0.00462385 0.10572342 0.17146095
v -0.00573692 0.10485769 0.17007580
v -0.00462385 0.12212262 0.16020659
v -0.00573692 0.12113321 0.15889563
v -0.00462385 0.13735929 0.14739393
v -0.00573692 0.13624624 0.14620665
v -0.00462385 0.15126029 0.13314663
v -0.00573692 0.15002355 0.13208304
v -0.00462385 0.16367718 0.11761314
v -0.00573692 0.16236624 0.11667321
v -0.00462385 0.17453581 0.10094183
v -0.00573692 0.17312592 0.10012558
v -0.00462385 0.18371241 0.08328114
v -0.00573692 0.18222835 0.08261330
v -0.00462385 0.19108342 0.06482892
v -0.00573692 0.18954985 0.06428476
v -0.00462385 0.19664876 0.04570887
v -0.00573692 0.19506572 0.04533785
v -0.00462385 0.20028479 0.02614358
v -0.00573692 0.19867701 0.02594571
v -0.00462385 0.20201621 0.00633096
v -0.00573692 0.20038370 0.00628150
v -0.00462385 0.20201621 0.00633096
v 0.00348918 0.20199148 0.00633096
v -0.00462385 0.20174411 -0.01355587
v 0.00348918 0.20174411 -0.01355587
v 0.00348918 0.19956747 -0.03331902
v -0.00462385 0.19956747 -0.03334376
v -0.00462385 0.19546148 -0.05278536
v 0.00348918 0.19546148 -0.05278536
v 0.00348918 0.18945088 -0.07175701
v -0.00462385 0.18945088 -0.07178175
v -0.00462385 0.18160992 -0.09003609
v 0.00348918 0.18160992 -0.09006082
v 0.00348918 0.17203753 -0.10749890
v -0.00462385 0.17203753 -0.10747417
v -0.00462385 0.16078316 -0.12389811
v 0.00348918 0.16075842 -0.12389811
v 0.00348918 0.14797051 -0.13911005
v -0.00462385 0.14797051 -0.13911005
v -0.00462385 0.13372321 -0.15301104
v 0.00348918 0.13372321 -0.15301104
v 0.00348918 0.11818973 -0.16545267
v -0.00462385 0.11821447 -0.16545267
v -0.00462385 0.10151843 -0.17631129
v 0.00348918 0.10151843 -0.17628656
v 0.00348918 0.08388245 -0.18546317
v -0.00462385 0.08388245 -0.18546317
v -0.00462385 0.06540552 -0.19285891
v 0.00348918 0.06540552 -0.19285891
v 0.00348918 0.04628545 -0.19839951
v -0.00462385 0.04628545 -0.19839951
v -0.00462385 0.02674490 -0.20203554
v 0.00348918 0.02672018 -0.20206025
v 0.00348918 0.00690755 -0.20376696
v -0.00462385 0.00690755 -0.20376696
v -0.00462385 -0.01297928 -0.20351960
v 0.00348918 -0.01297928 -0.20351960
v 0.00348918 -0.03274244 -0.20134296
v -0.00462385 -0.03274244 -0.20134296
v -0.00462385 -0.05220878 -0.19721220
v 0.00348918 -0.05220878 -0.19721220
v 0.00348918 -0.07118043 -0.19122637
v -0.00462385 -0.07118043 -0.19122637
v -0.00462385 -0.08945949 -0.18338541
v 0.00348918 -0.08945949 -0.18336067
v 0.00348918 -0.10689757 -0.17378828
v -0.00462385 -0.10689757 -0.17378828
v -0.00462385 -0.12332153 -0.16253391
v 0.00348918 -0.12332153 -0.16253391
v 0.00348918 -0.13853346 -0.14974600
v -0.00462385 -0.13853346 -0.14974600
v -0.00462385 -0.15243446 -0.13549870
v 0.00348918 -0.15243446 -0.13549870
v 0.00348918 -0.16487609 -0.11996522
v -0.00462385 -0.16487609 -0.11996522
v -0.00462385 -0.17573470 -0.10329392
v 0.00348918 -0.17570996 -0.10329392
v 0.00348918 -0.18488660 -0.08563321
v -0.00462385 -0.18488660 -0.08563321
v -0.00462385 -0.19228231 -0.06715627
v 0.00348918 -0.19228231 -0.06715627
v 0.00348918 -0.19782292 -0.04806094
v -0.00462385 -0.19782292 -0.04806094
v -0.00462385 -0.20145894 -0.02849565
v 0.00348918 -0.20145894 -0.02849565
v 0.00348918 -0.20319038 -0.00868303
v -0.00462385 -0.20319038 -0.00868303
v -0.00462385 -0.20294303 0.01120380
v 0.00348918 -0.20294303 0.01122853
v 0.00348918 -0.20076636 0.03099169
v -0.00462385 -0.20074162 0.03099169
v -0.00462385 -0.19663563 0.05045803
v 0.00348918 -0.19663563 0.05045803
v 0.00348918 -0.19064979 0.06942968
v -0.00462385 -0.19062505 0.06942968
v -0.00462385 -0.18280884 0.08770875
v 0.00348918 -0.18280884 0.08770875
v 0.00348918 -0.17321170 0.10514682
v -0.00462385 -0.17321170 0.10514682
v -0.00462385 -0.16195734 0.12154604
v 0.00348918 -0.16195734 0.12154604
v 0.00348918 -0.14914468 0.13678271
v -0.00462385 -0.14914468 0.13678271
v -0.00462385 -0.13492211 0.15068370
v 0.00348918 -0.13492211 0.15065897
v 0.00348918 -0.11938862 0.16310060
v -0.00462385 -0.11938862 0.16312534
v -0.00462385 -0.10271732 0.17395921
v 0.00348918 -0.10271732 0.17395921
v 0.00348918 -0.08505662 0.18313585
v -0.00462385 -0.08505662 0.18313585
v -0.00462385 -0.06657967 0.19050684
v 0.00348918 -0.06657967 0.19050684
v 0.00348918 -0.04748436 0.19607218
v -0.00462385 -0.04748436 0.19607218
v -0.00462385 -0.02791907 0.19970819
v 0.00348918 -0.02791907 0.19970819
v 0.00348918 -0.00810644 0.20141489
v -0.00462385 -0.00810644 0.20143963
v -0.00462385 0.01180511 0.20116755
v 0.00348918 0.01180511 0.20116755
v 0.00348918 0.03156829 0.19899087
v -0.00462385 0.03156829 0.19899087
v -0.00462385 0.05103461 0.19488488
v 0.00348918 0.05103461 0.19488488
v 0.00348918 0.07000626 0.18887430
v -0.00462385 0.07000626 0.18887430
v -0.00462385 0.08828534 0.18103335
v 0.00348918 0.08828534 0.18103335
v 0.00348918 0.10572342 0.17146095
v -0.00462385 0.10572342 0.17146095
v -0.00462385 0.12212262 0.16020659
v 0.00348918 0.12212262 0.16018185
v 0.00348918 0.13735929 0.14739393
v -0.00462385 0.13735929 0.14739393
v -0.00462385 0.15126029 0.13314663
v 0.00348918 0.15123555 0.13314663
v 0.00348918 0.16367718 0.11761314
v -0.00462385 0.16367718 0.11761314
v -0.00462385 0.17453581 0.10094183
v 0.00348918 0.17453581 0.10094183
v 0.00348918 0.18371241 0.08330587
v -0.00462385 0.18371241 0.08328114
v -0.00462385 0.19108342 0.06482892
v 0.00348918 0.19108342 0.06482892
v 0.00348918 0.19664876 0.04570887
v -0.00462385 0.19664876 0.04570887
v -0.00462385 0.20028479 0.02614358
v 0.00348918 0.20028479 0.02614358
v -0.00640476 -0.13823662 -0.00625902
v -0.00573692 -0.20155788 -0.00860883
v -0.00640476 -0.13808822 0.00724621
v -0.00573692 -0.20131052 0.01110487
v -0.00573692 -0.19915860 0.03074434
v -0.00640476 -0.13660412 0.02067724
v -0.00640476 -0.13380908 0.03391040
v -0.00573692 -0.19505259 0.05003755
v -0.00573692 -0.18911622 0.06886078
v -0.00640476 -0.12972783 0.04679726
v -0.00640476 -0.12438508 0.05921416
v -0.00573692 -0.18132474 0.08699143
v -0.00573692 -0.17182655 0.10428110
v -0.00640476 -0.11787981 0.07106216
v -0.00640476 -0.11023674 0.08221759
v -0.00573692 -0.16067112 0.12055665
v -0.00573692 -0.14795740 0.13566965
v -0.00640476 -0.10153006 0.09255676
v -0.00640476 -0.09185873 0.10200548
v -0.00573692 -0.13383379 0.14944697
v -0.00573692 -0.11842396 0.16178966
v -0.00640476 -0.08129693 0.11046481
v -0.00640476 -0.06996836 0.11783579
v -0.00573692 -0.10190107 0.17254932
v -0.00573692 -0.08436405 0.18165175
v -0.00640476 -0.05797196 0.12404424
v -0.00640476 -0.04543138 0.12906541
v -0.00573692 -0.06606025 0.18897327
v -0.00573692 -0.04711333 0.19448914
v -0.00640476 -0.03244557 0.13284986
v -0.00640476 -0.01916294 0.13532333
v -0.00573692 -0.02769646 0.19810043
v -0.00573692 -0.00803225 0.19980713
v -0.00640476 -0.00568244 0.13648587
v -0.00640476 0.00782280 0.13631273
v -0.00573692 0.01170618 0.19955977
v -0.00573692 0.03132093 0.19738311
v -0.00640476 0.02125382 0.13482863
v -0.00640476 0.03448698 0.13203359
v -0.00573692 0.05061413 0.19330186
v -0.00573692 0.06943736 0.18734075
v -0.00640476 0.04737386 0.12795234
v -0.00640476 0.05979076 0.12263434
v -0.00573692 0.08756802 0.17957399
v -0.00573692 0.10485769 0.17007580
v -0.00640476 0.07163876 0.11612906
v -0.00640476 0.08279419 0.10848598
v -0.00573692 0.12113321 0.15889563
v -0.00573692 0.13624624 0.14620665
v -0.00640476 0.09313335 0.09977931
v -0.00640476 0.10258206 0.09010798
v -0.00573692 0.15002355 0.13208304
v -0.00573692 0.16236624 0.11667321
v -0.00640476 0.11101665 0.07954619
v -0.00640476 0.11841236 0.06821761
v -0.00573692 0.17312592 0.10012558
v -0.00573692 0.18222835 0.08261330
v -0.00640476 0.12462081 0.05622120
v -0.00640476 0.12964199 0.04365589
v -0.00573692 0.18954985 0.06428476
v -0.00573692 0.19506572 0.04533785
v -0.00640476 0.13342644 0.03069481
v -0.00640476 0.13589991 0.01738747
v -0.00573692 0.19867701 0.02594571
v -0.00573692 0.20038370 0.00628150
v -0.00640476 0.13706247 0.00393169
v -0.00640476 0.13688931 -0.00959828
v -0.00573692 0.20013637 -0.01345694
v -0.00573692 0.19795969 -0.03307168
v -0.00640476 0.13540522 -0.02302931
v -0.00640476 0.13261017 -0.03623773
v -0.00573692 0.19387844 -0.05238962
v -0.00573692 0.18794205 -0.07121285
v -0.00640476 0.12852892 -0.04914932
v -0.00640476 0.12321090 -0.06156625
v -0.00573692 0.18015059 -0.08934351
v -0.00573692 0.17065238 -0.10663318
v -0.00640476 0.11670565 -0.07341425
v -0.00640476 0.10903784 -0.08454494
v -0.00573692 0.15947221 -0.12290870
v -0.00573692 0.14678324 -0.13802172
v -0.00640476 0.10035588 -0.09490884
v -0.00640476 0.09068455 -0.10433281
v -0.00573692 0.13265962 -0.15179904
v -0.00573692 0.11724979 -0.16414173
v -0.00640476 0.08012276 -0.11279214
v -0.00640476 0.06879421 -0.12016312
v -0.00573692 0.10070217 -0.17490140
v -0.00573692 0.08318988 -0.18400381
v -0.00640476 0.05679779 -0.12639630
v -0.00640476 0.04425721 -0.13141748
v -0.00573692 0.06486133 -0.19132534
v -0.00573692 0.04591443 -0.19681647
v -0.00640476 0.03127140 -0.13517719
v -0.00640476 0.01798878 -0.13765066
v -0.00573692 0.02652229 -0.20045250
v -0.00573692 0.00685808 -0.20213445
v -0.00640476 0.00450827 -0.13881319
v -0.00640476 -0.00902170 -0.13866480
v -0.00573692 -0.01288035 -0.20191186
v -0.00573692 -0.03249510 -0.19973518
v -0.00640476 -0.02245273 -0.13718070
v -0.00640476 -0.03566115 -0.13438566
v -0.00573692 -0.05181303 -0.19565393
v -0.00573692 -0.07061152 -0.18969280
v -0.00640476 -0.04854801 -0.13030441
v -0.00640476 -0.06098965 -0.12496165
v -0.00573692 -0.08876691 -0.18190131
v -0.00573692 -0.10605659 -0.17240313
v -0.00640476 -0.07283765 -0.11845640
v -0.00640476 -0.08396834 -0.11081333
v -0.00573692 -0.12233213 -0.16124770
v -0.00573692 -0.13744513 -0.14853397
v -0.00640476 -0.09433224 -0.10210663
v -0.00640476 -0.10375623 -0.09243530
v -0.00573692 -0.15122245 -0.13441038
v -0.00573692 -0.16356514 -0.11902528
v -0.00640476 -0.11221556 -0.08187351
v -0.00640476 -0.11958654 -0.07056969
v -0.00573692 -0.17432481 -0.10247766
v -0.00573692 -0.18342724 -0.08496537
v -0.00640476 -0.12581972 -0.05857327
v -0.00640476 -0.13084090 -0.04600796
v -0.00573692 -0.19074876 -0.06663682
v -0.00573692 -0.19623989 -0.04768992
v -0.00640476 -0.13460061 -0.03302215
v -0.00640476 -0.13707408 -0.01973953
v -0.00573692 -0.19985118 -0.02827305
v -0.00642950 -0.13512003 -0.00616009
v -0.00642950 -0.13494688 0.00704833
v -0.00642950 -0.13351225 0.02018255
v -0.00642950 -0.13076668 0.03311888
v -0.00642950 -0.12678437 0.04570893
v -0.00642950 -0.12159005 0.05785374
v -0.00642950 -0.11523318 0.06942967
v -0.00642950 -0.10773851 0.08031300
v -0.00642950 -0.09925445 0.09042956
v -0.00642950 -0.08978100 0.09965567
v -0.00642950 -0.07946656 0.10791711
v -0.00642950 -0.06841007 0.11511496
v -0.00642950 -0.05668575 0.12119973
v -0.00642950 -0.04441725 0.12612197
v -0.00642950 -0.03172825 0.12980746
v -0.00642950 -0.01874246 0.13223147
v -0.00642950 -0.00558351 0.13336928
v -0.00642950 0.00762491 0.13319612
v -0.00642950 0.02075914 0.13176150
v -0.00642950 0.03369546 0.12901593
v -0.00642950 0.04628551 0.12503362
v -0.00642950 0.05843034 0.11981456
v -0.00642950 0.07000625 0.11345769
v -0.00642950 0.08088958 0.10598776
v -0.00642950 0.09100615 0.09747896
v -0.00642950 0.10023224 0.08803025
v -0.00642950 0.10849371 0.07771580
v -0.00642950 0.11569153 0.06663458
v -0.00642950 0.12180103 0.05491026
v -0.00642950 0.12669854 0.04264176
v -0.00642950 0.13038404 0.02995277
v -0.00642950 0.13280807 0.01696697
v -0.00642950 0.13394586 0.00380802
v -0.00642950 0.13377271 -0.00940040
v -0.00642950 0.13233808 -0.02253462
v -0.00642950 0.12959251 -0.03544621
v -0.00642950 0.12561020 -0.04806100
v -0.00642950 0.12041586 -0.06018109
v -0.00642950 0.11403429 -0.07175700
v -0.00642950 0.10656433 -0.08266507
v -0.00642950 0.09805556 -0.09278164
v -0.00642950 0.08860682 -0.10200772
v -0.00642950 0.07829239 -0.11026919
v -0.00642950 0.06721117 -0.11746702
v -0.00642950 0.05548684 -0.12355179
v -0.00642950 0.04324308 -0.12847403
v -0.00642950 0.03052936 -0.13215953
v -0.00642950 0.01754355 -0.13455882
v -0.00642950 0.00438460 -0.13569661
v -0.00642950 -0.00882381 -0.13554819
v -0.00642950 -0.02195803 -0.13408883
v -0.00642950 -0.03486963 -0.13136800
v -0.00642950 -0.04745968 -0.12736095
v -0.00642950 -0.05960450 -0.12216661
v -0.00642950 -0.07118042 -0.11580978
v -0.00642950 -0.08208849 -0.10833982
v -0.00642950 -0.09220505 -0.09983105
v -0.00642950 -0.10143116 -0.09038231
v -0.00642950 -0.10969260 -0.08006787
v -0.00642950 -0.11689044 -0.06898665
v -0.00642950 -0.12297522 -0.05726233
v -0.00642950 -0.12789744 -0.04499383
v -0.00642950 -0.13158294 -0.03230484
v -0.00642950 -0.13398222 -0.01931904
v -0.00553904 -0.11941339 -0.00556645
v -0.00553904 -0.11928971 0.00608367
v -0.00553904 -0.11800349 0.01768433
v -0.00553904 -0.11557947 0.02911183
v -0.00553904 -0.11206712 0.04024252
v -0.00553904 -0.10746644 0.05097745
v -0.00553904 -0.10185162 0.06119296
v -0.00553904 -0.09524741 0.07081481
v -0.00553904 -0.08772800 0.07974410
v -0.00553904 -0.07939235 0.08790660
v -0.00553904 -0.07026518 0.09520338
v -0.00553904 -0.06049492 0.10156025
v -0.00553904 -0.05013100 0.10692771
v -0.00553904 -0.03929714 0.11128105
v -0.00553904 -0.02809224 0.11452131
v -0.00553904 -0.01661526 0.11664851
v -0.00553904 -0.00498987 0.11766263
v -0.00553904 0.00668499 0.11751422
v -0.00553904 0.01828564 0.11622801
v -0.00553904 0.02968841 0.11382872
v -0.00553904 0.04081910 0.11029164
v -0.00553904 0.05155405 0.10571568
v -0.00553904 0.06176954 0.10007613
v -0.00553904 0.07139140 0.09347192
v -0.00553904 0.08032068 0.08597726
v -0.00553904 0.08848317 0.07761687
v -0.00553904 0.09577997 0.06851444
v -0.00553904 0.10213684 0.05871943
v -0.00553904 0.10750429 0.04838025
v -0.00553904 0.11183290 0.03754639
v -0.00553904 0.11509789 0.02634149
v -0.00553904 0.11722509 0.01486451
v -0.00553904 0.11823923 0.00323911
v -0.00553904 0.11809081 -0.00843574
v -0.00553904 0.11680460 -0.02003640
v -0.00553904 0.11440531 -0.03146390
v -0.00553904 0.11086821 -0.04256986
v -0.00553904 0.10629227 -0.05330477
v -0.00553904 0.10065272 -0.06352029
v -0.00553904 0.09404849 -0.07314215
v -0.00553904 0.08655383 -0.08207143
v -0.00553904 0.07819345 -0.09023393
v -0.00553904 0.06909101 -0.09753073
v -0.00553904 0.05929600 -0.10388759
v -0.00553904 0.04895683 -0.10927978
v -0.00553904 0.03812297 -0.11360839
v -0.00553904 0.02691807 -0.11684864
v -0.00553904 0.01544109 -0.11900058
v -0.00553904 0.00381570 -0.11998998
v -0.00553904 -0.00785916 -0.11986630
v -0.00553904 -0.01945981 -0.11858009
v -0.00553904 -0.03088732 -0.11615606
v -0.00553904 -0.04199327 -0.11264370
v -0.00553904 -0.05272820 -0.10804303
v -0.00553904 -0.06294371 -0.10242821
v -0.00553904 -0.07256557 -0.09582398
v -0.00553904 -0.08149485 -0.08830459
v -0.00553904 -0.08965735 -0.07996893
v -0.00553904 -0.09695414 -0.07084176
v -0.00553904 -0.10331100 -0.06107149
v -0.00553904 -0.10870320 -0.05070758
v -0.00553904 -0.11303180 -0.03987372
v -0.00553904 -0.11627206 -0.02866882
v -0.00553904 -0.11842399 -0.01719184
v 0.00348918 0.00690755 -0.20376696
v 0.00348918 -0.00810644 0.20141489
v 0.00348918 0.02672018 -0.20206025
v 0.00348918 0.01180511 0.20116755
v 0.00348918 0.04628545 -0.19839951
v 0.00348918 0.01180511 0.20116755
v 0.00348918 0.03156829 0.19899087
v 0.00348918 0.04628545 -0.19839951
v 0.00348918 0.05103461 0.19488488
v 0.00348918 0.05103461 0.19488488
v 0.00348918 0.06540552 -0.19285891
v 0.00348918 0.04628545 -0.19839951
v 0.00348918 0.06540552 -0.19285891
v 0.00348918 0.05103461 0.19488488
v 0.00348918 0.08388245 -0.18546317
v 0.00348918 0.07000626 0.18887430
v 0.00348918 0.08828534 0.18103335
v 0.00348918 0.10151843 -0.17628656
v 0.00348918 0.11818973 -0.16545267
v 0.00348918 0.10572342 0.17146095
v 0.00348918 0.12212262 0.16018185
v 0.00348918 0.13372321 -0.15301104
v 0.00348918 0.14797051 -0.13911005
v 0.00348918 0.13735929 0.14739393
v 0.00348918 0.00690755 -0.20376696
v 0.00348918 -0.01297928 -0.20351960
v 0.00348918 -0.00810644 0.20141489
v 0.00348918 -0.02791907 0.19970819
v 0.00348918 -0.03274244 -0.20134296
v 0.00348918 -0.04748436 0.19607218
v 0.00348918 -0.05220878 -0.19721220
v 0.00348918 -0.06657967 0.19050684
v 0.00348918 -0.07118043 -0.19122637
v 0.00348918 -0.08505662 0.18313585
v 0.00348918 -0.08945949 -0.18336067
v 0.00348918 -0.10271732 0.17395921
v 0.00348918 -0.10689757 -0.17378828
v 0.00348918 -0.11938862 0.16310060
v 0.00348918 -0.12332153 -0.16253391
v 0.00348918 -0.13492211 0.15065897
v 0.00348918 -0.14914468 0.13678271
v 0.00348918 -0.13853346 -0.14974600
v 0.00348918 -0.14914468 0.13678271
v 0.00348918 -0.13853346 -0.14974600
v 0.00348918 -0.15243446 -0.13549870
v 0.00348918 0.13735929 0.14739393
v 0.00348918 0.15123555 0.13314663
v 0.00348918 0.14797051 -0.13911005
v 0.00348918 -0.14914468 0.13678271
v 0.00348918 -0.15243446 -0.13549870
v 0.00348918 -0.16195734 0.12154604
v 0.00348918 0.14797051 -0.13911005
v 0.00348918 0.15123555 0.13314663
v 0.00348918 0.16075842 -0.12389811
v 0.00348918 0.17203753 -0.10749890
v 0.00348918 0.16367718 0.11761314
v 0.00348918 -0.17321170 0.10514682
v 0.00348918 -0.16195734 0.12154604
v 0.00348918 -0.16487609 -0.11996522
v 0.00348918 -0.15243446 -0.13549870
v 0.00348918 -0.16487609 -0.11996522
v 0.00348918 -0.17570996 -0.10329392
v 0.00348918 -0.17321170 0.10514682
v 0.00348918 -0.18280884 0.08770875
v 0.00348918 -0.18488660 -0.08563321
v 0.00348918 -0.19064979 0.06942968
v 0.00348918 -0.19228231 -0.06715627
v 0.00348918 -0.19663563 0.05045803
v 0.00348918 -0.19782292 -0.04806094
v 0.00348918 -0.20076636 0.03099169
v 0.00348918 -0.20294303 0.01122853
v 0.00348918 -0.20145894 -0.02849565
v 0.00348918 -0.20319038 -0.00868303
v 0.00348918 0.20199148 0.00633096
v 0.00348918 0.20174411 -0.01355587
v 0.00348918 0.20028479 0.02614358
v 0.00348918 0.16367718 0.11761314
v 0.00348918 0.17453581 0.10094183
v 0.00348918 0.17203753 -0.10749890
v 0.00348918 0.18160992 -0.09006082
v 0.00348918 0.18945088 -0.07175701
v 0.00348918 0.18371241 0.08330587
v 0.00348918 0.19108342 0.06482892
v 0.00348918 0.19546148 -0.05278536
v 0.00348918 0.19956747 -0.03331902
v 0.00348918 0.19664876 0.04570887
v 0.00348918 0.19956747 -0.03331902
v 0.00348918 0.20174411 -0.01355587
v -0.00462385 0.20174411 -0.01355587
v 0.00348918 0.20199148 0.00633096
v -0.00462385 0.20201621 0.00633096
v -0.00462385 0.20028479 0.02614358
v 0.00348918 0.20028479 0.02614358
v 0.00348918 0.19664876 0.04570887
v -0.00462385 0.19664876 0.04570887
v -0.00462385 0.19108342 0.06482892
v 0.00348918 0.19108342 0.06482892
v 0.00348918 0.18371241 0.08330587
v -0.00462385 0.18371241 0.08328114
v -0.00462385 0.17453581 0.10094183
v 0.00348918 0.17453581 0.10094183
v 0.00348918 0.16367718 0.11761314
v -0.00462385 0.16367718 0.11761314
v -0.00462385 0.15126029 0.13314663
v 0.00348918 0.15123555 0.13314663
v 0.00348918 0.13735929 0.14739393
v -0.00462385 0.13735929 0.14739393
v -0.00462385 0.12212262 0.16020659
v 0.00348918 0.12212262 0.16018185
v 0.00348918 0.10572342 0.17146095
v -0.00462385 0.10572342 0.17146095
v -0.00462385 0.08828534 0.18103335
v 0.00348918 0.08828534 0.18103335
v 0.00348918 0.07000626 0.18887430
v -0.00462385 0.07000626 0.18887430
v -0.00462385 0.05103461 0.19488488
v 0.00348918 0.05103461 0.19488488
v 0.00348918 0.03156829 0.19899087
v -0.00462385 0.03156829 0.19899087
v -0.00462385 0.01180511 0.20116755
v 0.00348918 0.01180511 0.20116755
v 0.00348918 -0.00810644 0.20141489
v -0.00462385 -0.00810644 0.20143963
v -0.00462385 -0.02791907 0.19970819
v 0.00348918 -0.02791907 0.19970819
v 0.00348918 -0.04748436 0.19607218
v -0.00462385 -0.04748436 0.19607218
v -0.00462385 -0.06657967 0.19050684
v 0.00348918 -0.06657967 0.19050684
v 0.00348918 -0.08505662 0.18313585
v -0.00462385 -0.08505662 0.18313585
v -0.00462385 -0.10271732 0.17395921
v 0.00348918 -0.10271732 0.17395921
v 0.00348918 -0.11938862 0.16310060
v -0.00462385 -0.11938862 0.16312534
v -0.00462385 -0.13492211 0.15068370
v 0.00348918 -0.13492211 0.15065897
v 0.00348918 -0.14914468 0.13678271
v -0.00462385 -0.14914468 0.13678271
v -0.00462385 -0.16195734 0.12154604
v 0.00348918 -0.16195734 0.12154604
v 0.00348918 -0.17321170 0.10514682
v -0.00462385 -0.17321170 0.10514682
v -0.00462385 -0.18280884 0.08770875
v 0.00348918 -0.18280884 0.08770875
v 0.00348918 -0.19064979 0.06942968
v -0.00462385 -0.19062505 0.06942968
v -0.00462385 -0.19663563 0.05045803
v 0.00348918 -0.19663563 0.05045803
v 0.00348918 -0.20076636 0.03099169
v -0.00462385 -0.20074162 0.03099169
v -0.00462385 -0.20294303 0.01120380
v 0.00348918 -0.20294303 0.01122853
v 0.00348918 -0.20319038 -0.00868303
v -0.00462385 -0.20319038 -0.00868303
v -0.00462385 -0.20145894 -0.02849565
v 0.00348918 -0.20145894 -0.02849565
v 0.00348918 -0.19782292 -0.04806094
v -0.00462385 -0.19782292 -0.04806094
v -0.00462385 -0.19228231 -0.06715627
v 0.00348918 -0.19228231 -0.06715627
v 0.00348918 -0.18488660 -0.08563321
v -0.00462385 -0.18488660 -0.08563321
v -0.00462385 -0.17573470 -0.10329392
v 0.00348918 -0.17570996 -0.10329392
v 0.00348918 -0.16487609 -0.11996522
v -0.00462385 -0.16487609 -0.11996522
v -0.00462385 -0.15243446 -0.13549870
v 0.00348918 -0.15243446 -0.13549870
v 0.00348918 -0.13853346 -0.14974600
v -0.00462385 -0.13853346 -0.14974600
v -0.00462385 -0.12332153 -0.16253391
v 0.00348918 -0.12332153 -0.16253391
v 0.00348918 -0.10689757 -0.17378828
v -0.00462385 -0.10689757 -0.17378828
v -0.00462385 -0.08945949 -0.18338541
v 0.00348918 -0.08945949 -0.18336067
v 0.00348918 -0.07118043 -0.19122637
v -0.00462385 -0.07118043 -0.19122637
v -0.00462385 -0.05220878 -0.19721220
v 0.00348918 -0.05220878 -0.19721220
v 0.00348918 -0.03274244 -0.20134296
v -0.00462385 -0.03274244 -0.20134296
v -0.00462385 -0.01297928 -0.20351960
v 0.00348918 -0.01297928 -0.20351960
v 0.00348918 0.00690755 -0.20376696
v -0.00462385 0.00690755 -0.20376696
v -0.00462385 0.02674490 -0.20203554
v 0.00348918 0.02672018 -0.20206025
v 0.00348918 0.04628545 -0.19839951
v -0.00462385 0.04628545 -0.19839951
v -0.00462385 0.06540552 -0.19285891
v 0.00348918 0.06540552 -0.19285891
v 0.00348918 0.08388245 -0.18546317
v -0.00462385 0.08388245 -0.18546317
v -0.00462385 0.10151843 -0.17631129
v 0.00348918 0.10151843 -0.17628656
v 0.00348918 0.11818973 -0.16545267
v -0.00462385 0.11821447 -0.16545267
v -0.00462385 0.13372321 -0.15301104
v 0.00348918 0.13372321 -0.15301104
v 0.00348918 0.14797051 -0.13911005
v -0.00462385 0.14797051 -0.13911005
v -0.00462385 0.16078316 -0.12389811
v 0.00348918 0.16075842 -0.12389811
v 0.00348918 0.17203753 -0.10749890
v -0.00462385 0.17203753 -0.10747417
v -0.00462385 0.18160992 -0.09003609
v 0.00348918 0.18160992 -0.09006082
v 0.00348918 0.18945088 -0.07175701
v -0.00462385 0.18945088 -0.07178175
v -0.00462385 0.19546148 -0.05278536
v 0.00348918 0.19546148 -0.05278536
v -0.00462385 0.19956747 -0.03334376
v -0.00462385 0.20174411 -0.01355587
v -0.00462385 0.20201621 0.00633096
v -0.00573692 0.20038370 0.00628150
v -0.00573692 0.19867701 0.02594571
v -0.00462385 0.20028479 0.02614358
v -0.00573692 0.19506572 0.04533785
v -0.00462385 0.19664876 0.04570887
v -0.00573692 0.18954985 0.06428476
v -0.00462385 0.19108342 0.06482892
v -0.00573692 0.18222835 0.08261330
v -0.00462385 0.18371241 0.08328114
v -0.00573692 0.17312592 0.10012558
v -0.00462385 0.17453581 0.10094183
v -0.00573692 0.16236624 0.11667321
v -0.00462385 0.16367718 0.11761314
v -0.00573692 0.15002355 0.13208304
v -0.00462385 0.15126029 0.13314663
v -0.00573692 0.13624624 0.14620665
v -0.00462385 0.13735929 0.14739393
v -0.00573692 0.12113321 0.15889563
v -0.00462385 0.12212262 0.16020659
v -0.00573692 0.10485769 0.17007580
v -0.00462385 0.10572342 0.17146095
v -0.00573692 0.08756802 0.17957399
v -0.00462385 0.08828534 0.18103335
v -0.00573692 0.06943736 0.18734075
v -0.00462385 0.07000626 0.18887430
v -0.00573692 0.05061413 0.19330186
v -0.00462385 0.05103461 0.19488488
v -0.00573692 0.03132093 0.19738311
v -0.00462385 0.03156829 0.19899087
v -0.00573692 0.01170618 0.19955977
v -0.00462385 0.01180511 0.20116755
v -0.00573692 -0.00803225 0.19980713
v -0.00462385 -0.00810644 0.20143963
v -0.00573692 -0.02769646 0.19810043
v -0.00462385 -0.02791907 0.19970819
v -0.00573692 -0.04711333 0.19448914
v -0.00462385 -0.04748436 0.19607218
v -0.00573692 -0.06606025 0.18897327
v -0.00462385 -0.06657967 0.19050684
v -0.00573692 -0.08436405 0.18165175
v -0.00462385 -0.08505662 0.18313585
v -0.00573692 -0.10190107 0.17254932
v -0.00462385 -0.10271732 0.17395921
v -0.00573692 -0.11842396 0.16178966
v -0.00462385 -0.11938862 0.16312534
v -0.00573692 -0.13383379 0.14944697
v -0.00462385 -0.13492211 0.15068370
v -0.00573692 -0.14795740 0.13566965
v -0.00462385 -0.14914468 0.13678271
v -0.00573692 -0.16067112 0.12055665
v -0.00462385 -0.16195734 0.12154604
v -0.00573692 -0.17182655 0.10428110
v -0.00462385 -0.17321170 0.10514682
v -0.00573692 -0.18132474 0.08699143
v -0.00462385 -0.18280884 0.08770875
v -0.00573692 -0.18911622 0.06886078
v -0.00462385 -0.19062505 0.06942968
v -0.00573692 -0.19505259 0.05003755
v -0.00462385 -0.19663563 0.05045803
v -0.00573692 -0.19915860 0.03074434
v -0.00462385 -0.20074162 0.03099169
v -0.00573692 -0.20131052 0.01110487
v -0.00462385 -0.20294303 0.01120380
v -0.00573692 -0.20155788 -0.00860883
v -0.00462385 -0.20319038 -0.00868303
v -0.00573692 -0.19985118 -0.02827305
v -0.00462385 -0.20145894 -0.02849565
v -0.00573692 -0.19623989 -0.04768992
v -0.00462385 -0.19782292 -0.04806094
v -0.00573692 -0.19074876 -0.06663682
v -0.00462385 -0.19228231 -0.06715627
v -0.00573692 -0.18342724 -0.08496537
v -0.00462385 -0.18488660 -0.08563321
v -0.00573692 -0.17432481 -0.10247766
v -0.00462385 -0.17573470 -0.10329392
v -0.00573692 -0.16356514 -0.11902528
v -0.00462385 -0.16487609 -0.11996522
v -0.00573692 -0.15122245 -0.13441038
v -0.00462385 -0.15243446 -0.13549870
v -0.00573692 -0.13744513 -0.14853397
v -0.00462385 -0.13853346 -0.14974600
v -0.00573692 -0.12233213 -0.16124770
v -0.00462385 -0.12332153 -0.16253391
v -0.00573692 -0.10605659 -0.17240313
v -0.00462385 -0.10689757 -0.17378828
v -0.00573692 -0.08876691 -0.18190131
v -0.00462385 -0.08945949 -0.18338541
v -0.00573692 -0.07061152 -0.18969280
v -0.00462385 -0.07118043 -0.19122637
v -0.00573692 -0.05181303 -0.19565393
v -0.00462385 -0.05220878 -0.19721220
v -0.00573692 -0.03249510 -0.19973518
v -0.00462385 -0.03274244 -0.20134296
v -0.00573692 -0.01288035 -0.20191186
v -0.00462385 -0.01297928 -0.20351960
v -0.00573692 0.00685808 -0.20213445
v -0.00462385 0.00690755 -0.20376696
v -0.00573692 0.02652229 -0.20045250
v -0.00462385 0.02674490 -0.20203554
v -0.00573692 0.04591443 -0.19681647
v -0.00462385 0.04628545 -0.19839951
v -0.00573692 0.06486133 -0.19132534
v -0.00462385 0.06540552 -0.19285891
v -0.00573692 0.08318988 -0.18400381
v -0.00462385 0.08388245 -0.18546317
v -0.00573692 0.10070217 -0.17490140
v -0.00462385 0.10151843 -0.17631129
v -0.00573692 0.11724979 -0.16414173
v -0.00462385 0.11821447 -0.16545267
v -0.00573692 0.13265962 -0.15179904
v -0.00462385 0.13372321 -0.15301104
v -0.00573692 0.14678324 -0.13802172
v -0.00462385 0.14797051 -0.13911005
v -0.00573692 0.15947221 -0.12290870
v -0.00462385 0.16078316 -0.12389811
v -0.00573692 0.17065238 -0.10663318
v -0.00462385 0.17203753 -0.10747417
v -0.00573692 0.18015059 -0.08934351
v -0.00462385 0.18160992 -0.09003609
v -0.00573692 0.18794205 -0.07121285
v -0.00462385 0.18945088 -0.07178175
v -0.00573692 0.19387844 -0.05238962
v -0.00462385 0.19546148 -0.05278536
v -0.00573692 0.19795969 -0.03307168
v -0.00462385 0.19956747 -0.03334376
v -0.00573692 0.20013637 -0.01345694
v -0.00573692 0.20038370 0.00628150
v -0.00573692 0.19867701 0.02594571
v -0.00640476 0.13589991 0.01738747
v -0.00573692 0.19506572 0.04533785
v -0.00640476 0.13342644 0.03069481
v -0.00640476 0.12964199 0.04365589
v -0.00573692 0.18954985 0.06428476
v -0.00573692 0.18222835 0.08261330
v -0.00640476 0.12462081 0.05622120
v -0.00640476 0.11841236 0.06821761
v -0.00573692 0.17312592 0.10012558
v -0.00573692 0.16236624 0.11667321
v -0.00640476 0.11101665 0.07954619
v -0.00640476 0.10258206 0.09010798
v -0.00573692 0.15002355 0.13208304
v -0.00573692 0.13624624 0.14620665
v -0.00640476 0.09313335 0.09977931
v -0.00640476 0.08279419 0.10848598
v -0.00573692 0.12113321 0.15889563
v -0.00573692 0.10485769 0.17007580
v -0.00640476 0.07163876 0.11612906
v -0.00640476 0.05979076 0.12263434
v -0.00573692 0.08756802 0.17957399
v -0.00573692 0.06943736 0.18734075
v -0.00640476 0.04737386 0.12795234
v -0.00640476 0.03448698 0.13203359
v -0.00573692 0.05061413 0.19330186
v -0.00573692 0.03132093 0.19738311
v -0.00640476 0.02125382 0.13482863
v -0.00640476 0.00782280 0.13631273
v -0.00573692 0.01170618 0.19955977
v -0.00573692 -0.00803225 0.19980713
v -0.00640476 -0.00568244 0.13648587
v -0.00640476 -0.01916294 0.13532333
v -0.00573692 -0.02769646 0.19810043
v -0.00573692 -0.04711333 0.19448914
v -0.00640476 -0.03244557 0.13284986
v -0.00640476 -0.04543138 0.12906541
v -0.00573692 -0.06606025 0.18897327
v -0.00573692 -0.08436405 0.18165175
v -0.00640476 -0.05797196 0.12404424
v -0.00640476 -0.06996836 0.11783579
v -0.00573692 -0.10190107 0.17254932
v -0.00573692 -0.11842396 0.16178966
v -0.00640476 -0.08129693 0.11046481
v -0.00640476 -0.09185873 0.10200548
v -0.00573692 -0.13383379 0.14944697
v -0.00573692 -0.14795740 0.13566965
v -0.00640476 -0.10153006 0.09255676
v -0.00640476 -0.11023674 0.08221759
v -0.00573692 -0.16067112 0.12055665
v -0.00573692 -0.17182655 0.10428110
v -0.00640476 -0.11787981 0.07106216
v -0.00640476 -0.12438508 0.05921416
v -0.00573692 -0.18132474 0.08699143
v -0.00573692 -0.18911622 0.06886078
v -0.00640476 -0.12972783 0.04679726
v -0.00640476 -0.13380908 0.03391040
v -0.00573692 -0.19505259 0.05003755
v -0.00573692 -0.19915860 0.03074434
v -0.00640476 -0.13660412 0.02067724
v -0.00640476 -0.13808822 0.00724621
v -0.00573692 -0.20131052 0.01110487
v -0.00573692 -0.20155788 -0.00860883
v -0.00640476 -0.13823662 -0.00625902
v -0.00640476 -0.13707408 -0.01973953
v -0.00573692 -0.19985118 -0.02827305
v -0.00573692 -0.19623989 -0.04768992
v -0.00640476 -0.13460061 -0.03302215
v -0.00640476 -0.13084090 -0.04600796
v -0.00573692 -0.19074876 -0.06663682
v -0.00573692 -0.18342724 -0.08496537
v -0.00640476 -0.12581972 -0.05857327
v -0.00640476 -0.11958654 -0.07056969
v -0.00573692 -0.17432481 -0.10247766
v -0.00573692 -0.16356514 -0.11902528
v -0.00640476 -0.11221556 -0.08187351
v -0.00640476 -0.10375623 -0.09243530
v -0.00573692 -0.15122245 -0.13441038
v -0.00573692 -0.13744513 -0.14853397
v -0.00640476 -0.09433224 -0.10210663
v -0.00640476 -0.08396834 -0.11081333
v -0.00573692 -0.12233213 -0.16124770
v -0.00573692 -0.10605659 -0.17240313
v -0.00640476 -0.07283765 -0.11845640
v -0.00640476 -0.06098965 -0.12496165
v -0.00573692 -0.08876691 -0.18190131
v -0.00573692 -0.07061152 -0.18969280
v -0.00640476 -0.04854801 -0.13030441
v -0.00640476 -0.03566115 -0.13438566
v -0.00573692 -0.05181303 -0.19565393
v -0.00573692 -0.03249510 -0.19973518
v -0.00640476 -0.02245273 -0.13718070
v -0.00640476 -0.00902170 -0.13866480
v -0.00573692 -0.01288035 -0.20191186
v -0.00573692 0.00685808 -0.20213445
v -0.00640476 0.00450827 -0.13881319
v -0.00640476 0.01798878 -0.13765066
v -0.00573692 0.02652229 -0.20045250
v -0.00573692 0.04591443 -0.19681647
v -0.00640476 0.03127140 -0.13517719
v -0.00640476 0.04425721 -0.13141748
v -0.00573692 0.06486133 -0.19132534
v -0.00573692 0.08318988 -0.18400381
v -0.00640476 0.05679779 -0.12639630
v -0.00640476 0.06879421 -0.12016312
v -0.00573692 0.10070217 -0.17490140
v -0.00573692 0.11724979 -0.16414173
v -0.00640476 0.08012276 -0.11279214
v -0.00640476 0.09068455 -0.10433281
v -0.00573692 0.13265962 -0.15179904
v -0.00573692 0.14678324 -0.13802172
v -0.00640476 0.10035588 -0.09490884
v -0.00640476 0.10903784 -0.08454494
v -0.00573692 0.15947221 -0.12290870
v -0.00573692 0.17065238 -0.10663318
v -0.00640476 0.11670565 -0.07341425
v -0.00640476 0.12321090 -0.06156625
v -0.00573692 0.18015059 -0.08934351
v -0.00573692 0.18794205 -0.07121285
v -0.00640476 0.12852892 -0.04914932
v -0.00640476 0.13261017 -0.03623773
v -0.00573692 0.19387844 -0.05238962
v -0.00573692 0.19795969 -0.03307168
v -0.00640476 0.13540522 -0.02302931
v -0.00640476 0.13688931 -0.00959828
v -0.00573692 0.20013637 -0.01345694
v -0.00640476 0.13706247 0.00393169
v -0.00642950 0.13394586 0.00380802
v -0.00642950 0.13280807 0.01696697
v -0.00642950 0.13038404 0.02995277
v -0.00642950 0.12669854 0.04264176
v -0.00642950 0.12180103 0.05491026
v -0.00642950 0.11569153 0.06663458
v -0.00642950 0.10849371 0.07771580
v -0.00642950 0.10023224 0.08803025
v -0.00642950 0.09100615 0.09747896
v -0.00642950 0.08088958 0.10598776
v -0.00642950 0.07000625 0.11345769
v -0.00642950 0.05843034 0.11981456
v -0.00642950 0.04628551 0.12503362
v -0.00642950 0.03369546 0.12901593
v -0.00642950 0.02075914 0.13176150
v -0.00642950 0.00762491 0.13319612
v -0.00642950 -0.00558351 0.13336928
v -0.00642950 -0.01874246 0.13223147
v -0.00642950 -0.03172825 0.12980746
v -0.00642950 -0.04441725 0.12612197
v -0.00642950 -0.05668575 0.12119973
v -0.00642950 -0.06841007 0.11511496
v -0.00642950 -0.07946656 0.10791711
v -0.00642950 -0.08978100 0.09965567
v -0.00642950 -0.09925445 0.09042956
v -0.00642950 -0.10773851 0.08031300
v -0.00642950 -0.11523318 0.06942967
v -0.00642950 -0.12159005 0.05785374
v -0.00642950 -0.12678437 0.04570893
v -0.00642950 -0.13076668 0.03311888
v -0.00642950 -0.13351225 0.02018255
v -0.00642950 -0.13494688 0.00704833
v -0.00642950 -0.13512003 -0.00616009
v -0.00642950 -0.13398222 -0.01931904
v -0.00642950 -0.13158294 -0.03230484
v -0.00642950 -0.12789744 -0.04499383
v -0.00642950 -0.12297522 -0.05726233
v -0.00642950 -0.11689044 -0.06898665
v -0.00642950 -0.10969260 -0.08006787
v -0.00642950 -0.10143116 -0.09038231
v -0.00642950 -0.09220505 -0.09983105
v -0.00642950 -0.08208849 -0.10833982
v -0.00642950 -0.07118042 -0.11580978
v -0.00642950 -0.05960450 -0.12216661
v -0.00642950 -0.04745968 -0.12736095
v -0.00642950 -0.03486963 -0.13136800
v -0.00642950 -0.02195803 -0.13408883
v -0.00642950 -0.00882381 -0.13554819
v -0.00642950 0.00438460 -0.13569661
v -0.00642950 0.01754355 -0.13455882
v -0.00642950 0.03052936 -0.13215953
v -0.00642950 0.04324308 -0.12847403
v -0.00642950 0.05548684 -0.12355179
v -0.00642950 0.06721117 -0.11746702
v -0.00642950 0.07829239 -0.11026919
v -0.00642950 0.08860682 -0.10200772
v -0.00642950 0.09805556 -0.09278164
v -0.00642950 0.10656433 -0.08266507
v -0.00642950 0.11403429 -0.07175700
v -0.00642950 0.12041586 -0.06018109
v -0.00642950 0.12561020 -0.04806100
v -0.00642950 0.12959251 -0.03544621
v -0.00642950 0.13233808 -0.02253462
v -0.00642950 0.13377271 -0.00940040
v -0.00553904 0.11809081 -0.00843574
v -0.00553904 0.11823923 0.00323911
v -0.00553904 0.11722509 0.01486451
v -0.00553904 0.11509789 0.02634149
v -0.00553904 0.11183290 0.03754639
v -0.00553904 0.10750429 0.04838025
v -0.00553904 0.10213684 0.05871943
v -0.00553904 0.09577997 0.06851444
v -0.00553904 0.08848317 0.07761687
v -0.00553904 0.08032068 0.08597726
v -0.00553904 0.07139140 0.09347192
v -0.00553904 0.06176954 0.10007613
v -0.00553904 0.05155405 0.10571568
v -0.00553904 0.04081910 0.11029164
v -0.00553904 0.02968841 0.11382872
v -0.00553904 0.01828564 0.11622801
v -0.00553904 0.00668499 0.11751422
v -0.00553904 -0.00498987 0.11766263
v -0.00553904 -0.01661526 0.11664851
v -0.00553904 -0.02809224 0.11452131
v -0.00553904 -0.03929714 0.11128105
v -0.00553904 -0.05013100 0.10692771
v -0.00553904 -0.06049492 0.10156025
v -0.00553904 -0.07026518 0.09520338
v -0.00553904 -0.07939235 0.08790660
v -0.00553904 -0.08772800 0.07974410
v -0.00553904 -0.09524741 0.07081481
v -0.00553904 -0.10185162 0.06119296
v -0.00553904 -0.10746644 0.05097745
v -0.00553904 -0.11206712 0.04024252
v -0.00553904 -0.11557947 0.02911183
v -0.00553904 -0.11800349 0.01768433
v -0.00553904 -0.11928971 0.00608367
v -0.00553904 -0.11941339 -0.00556645
v -0.00553904 -0.11842399 -0.01719184
v -0.00553904 -0.11627206 -0.02866882
v -0.00553904 -0.11303180 -0.03987372
v -0.00553904 -0.10870320 -0.05070758
v -0.00553904 -0.10331100 -0.06107149
v -0.00553904 -0.09695414 -0.07084176
v -0.00553904 -0.08965735 -0.07996893
v -0.00553904 -0.08149485 -0.08830459
v -0.00553904 -0.07256557 -0.09582398
v -0.00553904 -0.06294371 -0.10242821
v -0.00553904 -0.05272820 -0.10804303
v -0.00553904 -0.04199327 -0.11264370
v -0.00553904 -0.03088732 -0.11615606
v -0.00553904 -0.01945981 -0.11858009
v -0.00553904 -0.00785916 -0.11986630
v -0.00553904 0.00381570 -0.11998998
v -0.00553904 0.01544109 -0.11900058
v -0.00553904 0.02691807 -0.11684864
v -0.00553904 0.03812297 -0.11360839
v -0.00553904 0.04895683 -0.10927978
v -0.00553904 0.05929600 -0.10388759
v -0.00553904 0.06909101 -0.09753073
v -0.00553904 0.07819345 -0.09023393
v -0.00553904 0.08655383 -0.08207143
v -0.00553904 0.09404849 -0.07314215
v -0.00553904 0.10065272 -0.06352029
v -0.00553904 0.10629227 -0.05330477
v -0.00553904 0.11086821 -0.04256986
v -0.00553904 0.11440531 -0.03146390
v -0.00553904 0.11680460 -0.02003640
v 0.01429832 0.00690755 -0.20371749
v 0.01429832 0.02672018 -0.20201081
v 0.01429832 -0.00810644 0.20146437
v 0.01429832 0.01180511 0.20121702
v 0.01429832 0.04628545 -0.19837478
v 0.01429832 0.01180511 0.20121702
v 0.01429832 0.04628545 -0.19837478
v 0.01429832 0.03156829 0.19904034
v 0.01429832 0.05103461 0.19490962
v 0.01429832 0.05103461 0.19490962
v 0.01429832 0.04628545 -0.19837478
v 0.01429832 0.06540552 -0.19283417
v 0.01429832 0.06540552 -0.19283417
v 0.01429832 0.08388245 -0.18543843
v 0.01429832 0.05103461 0.19490962
v 0.01429832 0.07000626 0.18892377
v 0.01429832 0.08828534 0.18105809
v 0.01429832 0.10151843 -0.17626182
v 0.01429832 0.11818973 -0.16540320
v 0.01429832 0.10572342 0.17148568
v 0.01429832 0.12212262 0.16023132
v 0.01429832 0.13372321 -0.15296157
v 0.01429832 0.13735929 0.14741866
v 0.01429832 0.14797051 -0.13908531
v 0.01429832 0.00690755 -0.20371749
v 0.01429832 -0.00810644 0.20146437
v 0.01429832 -0.01297928 -0.20349486
v 0.01429832 -0.02791907 0.19973293
v 0.01429832 -0.03274244 -0.20129348
v 0.01429832 -0.04748436 0.19609690
v 0.01429832 -0.05220878 -0.19718749
v 0.01429832 -0.06657967 0.19055629
v 0.01429832 -0.07118043 -0.19117690
v 0.01429832 -0.08505662 0.18316058
v 0.01429832 -0.08945949 -0.18333593
v 0.01429832 -0.10271732 0.17398394
v 0.01429832 -0.10689757 -0.17376355
v 0.01429832 -0.11938862 0.16315007
v 0.01429832 -0.12332153 -0.16248444
v 0.01429832 -0.13492211 0.15070844
v 0.01429832 -0.13853346 -0.14969653
v 0.01429832 -0.14914468 0.13680745
v 0.01429832 -0.14914468 0.13680745
v 0.01429832 -0.15243446 -0.13547396
v 0.01429832 -0.13853346 -0.14969653
v 0.01429832 0.13735929 0.14741866
v 0.01429832 0.14797051 -0.13908531
v 0.01429832 0.15123555 0.13317136
v 0.01429832 -0.14914468 0.13680745
v 0.01429832 -0.16195734 0.12157077
v 0.01429832 -0.15243446 -0.13547396
v 0.01429832 0.14797051 -0.13908531
v 0.01429832 0.16075842 -0.12384864
v 0.01429832 0.15123555 0.13317136
v 0.01429832 0.17203753 -0.10744943
v 0.01429832 0.16367718 0.11766260
v 0.01429832 -0.15243446 -0.13547396
v 0.01429832 -0.16195734 0.12157077
v 0.01429832 -0.16487609 -0.11994048
v 0.01429832 -0.17321170 0.10517156
v 0.01429832 -0.16487609 -0.11994048
v 0.01429832 -0.17321170 0.10517156
v 0.01429832 -0.17570996 -0.10324444
v 0.01429832 -0.18280884 0.08773347
v 0.01429832 -0.18488660 -0.08560847
v 0.01429832 -0.19064979 0.06945441
v 0.01429832 -0.19228231 -0.06713154
v 0.01429832 -0.19663563 0.05048276
v 0.01429832 -0.19782292 -0.04801147
v 0.01429832 -0.20076636 0.03101642
v 0.01429832 -0.20294303 0.01125327
v 0.01429832 -0.20145894 -0.02847092
v 0.01429832 -0.20319038 -0.00863357
v 0.01429832 0.16367718 0.11766260
v 0.01429832 0.17203753 -0.10744943
v 0.01429832 0.17453581 0.10099130
v 0.01429832 0.18160992 -0.09001135
v 0.01429832 0.18945088 -0.07173228
v 0.01429832 0.18371241 0.08333061
v 0.01429832 0.19108342 0.06485366
v 0.01429832 0.19546148 -0.05276063
v 0.01429832 0.19956747 -0.03329430
v 0.01429832 0.19664876 0.04575834
v 0.01429832 0.20028479 0.02619306
v 0.01429832 0.20174411 -0.01353113
v 0.01429832 0.20199148 0.00638043
v 0.01429832 0.20199148 0.00638043
v 0.01429832 0.20174411 -0.01353113
v 0.02241136 0.20174411 -0.01353113
v 0.01429832 0.19956747 -0.03329430
v 0.02241136 0.19956747 -0.03329430
v 0.02241136 0.19546148 -0.05276063
v 0.01429832 0.19546148 -0.05276063
v 0.01429832 0.18945088 -0.07173228
v 0.02241136 0.18945088 -0.07173228
v 0.02241136 0.18160992 -0.09001135
v 0.01429832 0.18160992 -0.09001135
v 0.01429832 0.17203753 -0.10744943
v 0.02241136 0.17203753 -0.10744943
v 0.02241136 0.16078316 -0.12384864
v 0.01429832 0.16075842 -0.12384864
v 0.01429832 0.14797051 -0.13908531
v 0.02241136 0.14797051 -0.13908531
v 0.02241136 0.13372321 -0.15298630
v 0.01429832 0.13372321 -0.15296157
v 0.01429832 0.11818973 -0.16540320
v 0.02241136 0.11821447 -0.16542793
v 0.02241136 0.10151843 -0.17626182
v 0.01429832 0.10151843 -0.17626182
v 0.01429832 0.08388245 -0.18543843
v 0.02241136 0.08388245 -0.18543843
v 0.02241136 0.06540552 -0.19283417
v 0.01429832 0.06540552 -0.19283417
v 0.01429832 0.04628545 -0.19837478
v 0.02241136 0.04628545 -0.19837478
v 0.02241136 0.02674490 -0.20201081
v 0.01429832 0.02672018 -0.20201081
v 0.01429832 0.00690755 -0.20371749
v 0.02241136 0.00690755 -0.20374223
v 0.02241136 -0.01297928 -0.20349486
v 0.01429832 -0.01297928 -0.20349486
v 0.01429832 -0.03274244 -0.20129348
v 0.02241136 -0.03274244 -0.20129348
v 0.02241136 -0.05220878 -0.19718749
v 0.01429832 -0.05220878 -0.19718749
v 0.01429832 -0.07118043 -0.19117690
v 0.02241136 -0.07118043 -0.19117690
v 0.02241136 -0.08948423 -0.18333593
v 0.01429832 -0.08945949 -0.18333593
v 0.01429832 -0.10689757 -0.17376355
v 0.02241136 -0.10689757 -0.17376355
v 0.02241136 -0.12332153 -0.16250917
v 0.01429832 -0.12332153 -0.16248444
v 0.01429832 -0.13853346 -0.14969653
v 0.02241136 -0.13853346 -0.14969653
v 0.02241136 -0.15243446 -0.13544922
v 0.01429832 -0.15243446 -0.13547396
v 0.01429832 -0.16487609 -0.11994048
v 0.02241136 -0.16487609 -0.11994048
v 0.02241136 -0.17573470 -0.10324444
v 0.01429832 -0.17570996 -0.10324444
v 0.01429832 -0.18488660 -0.08560847
v 0.02241136 -0.18488660 -0.08560847
v 0.02241136 -0.19228231 -0.06713154
v 0.01429832 -0.19228231 -0.06713154
v 0.01429832 -0.19782292 -0.04801147
v 0.02241136 -0.19782292 -0.04801147
v 0.02241136 -0.20145894 -0.02847092
v 0.01429832 -0.20145894 -0.02847092
v 0.01429832 -0.20319038 -0.00863357
v 0.02241136 -0.20319038 -0.00863357
v 0.02241136 -0.20294303 0.01125327
v 0.01429832 -0.20294303 0.01125327
v 0.01429832 -0.20076636 0.03101642
v 0.02241136 -0.20074162 0.03101642
v 0.02241136 -0.19663563 0.05048276
v 0.01429832 -0.19663563 0.05048276
v 0.01429832 -0.19064979 0.06945441
v 0.02241136 -0.19062505 0.06945441
v 0.02241136 -0.18280884 0.08773347
v 0.01429832 -0.18280884 0.08773347
v 0.01429832 -0.17321170 0.10517156
v 0.02241136 -0.17321170 0.10517156
v 0.02241136 -0.16195734 0.12159551
v 0.01429832 -0.16195734 0.12157077
v 0.01429832 -0.14914468 0.13680745
v 0.02241136 -0.14914468 0.13680745
v 0.02241136 -0.13492211 0.15070844
v 0.01429832 -0.13492211 0.15070844
v 0.01429832 -0.11938862 0.16315007
v 0.02241136 -0.11938862 0.16315007
v 0.02241136 -0.10271732 0.17400868
v 0.01429832 -0.10271732 0.17398394
v 0.01429832 -0.08505662 0.18316058
v 0.02241136 -0.08505662 0.18316058
v 0.02241136 -0.06657967 0.19055629
v 0.01429832 -0.06657967 0.19055629
v 0.01429832 -0.04748436 0.19609690
v 0.02241136 -0.04748436 0.19609690
v 0.02241136 -0.02791907 0.19973293
v 0.01429832 -0.02791907 0.19973293
v 0.01429832 -0.00810644 0.20146437
v 0.02241136 -0.00810644 0.20146437
v 0.02241136 0.01180511 0.20121702
v 0.01429832 0.01180511 0.20121702
v 0.01429832 0.03156829 0.19904034
v 0.02241136 0.03156829 0.19904034
v 0.02241136 0.05103461 0.19490962
v 0.01429832 0.05103461 0.19490962
v 0.01429832 0.07000626 0.18892377
v 0.02241136 0.07000626 0.18889904
v 0.02241136 0.08828534 0.18108282
v 0.01429832 0.08828534 0.18105809
v 0.01429832 0.10572342 0.17148568
v 0.02241136 0.10572342 0.17148568
v 0.02241136 0.12212262 0.16023132
v 0.01429832 0.12212262 0.16023132
v 0.01429832 0.13735929 0.14741866
v 0.02241136 0.13735929 0.14741866
v 0.02241136 0.15126029 0.13319610
v 0.01429832 0.15123555 0.13317136
v 0.01429832 0.16367718 0.11766260
v 0.02241136 0.16367718 0.11766260
v 0.02241136 0.17453581 0.10099130
v 0.01429832 0.17453581 0.10099130
v 0.01429832 0.18371241 0.08333061
v 0.02241136 0.18371241 0.08333061
v 0.02241136 0.19108342 0.06485366
v 0.01429832 0.19108342 0.06485366
v 0.01429832 0.19664876 0.04575834
v 0.02241136 0.19664876 0.04575834
v 0.02241136 0.20028479 0.02619306
v 0.01429832 0.20028479 0.02619306
v 0.02241136 0.20201621 0.00638043
v 0.02349969 0.20038370 0.00630624
v 0.02349969 0.19867701 0.02597045
v 0.02241136 0.20201621 0.00638043
v 0.02241136 0.20028479 0.02619306
v 0.02349969 0.19506572 0.04536258
v 0.02241136 0.19664876 0.04575834
v 0.02349969 0.18954985 0.06433423
v 0.02241136 0.19108342 0.06485366
v 0.02349969 0.18222835 0.08266277
v 0.02241136 0.18371241 0.08333061
v 0.02349969 0.17312592 0.10017505
v 0.02241136 0.17453581 0.10099130
v 0.02349969 0.16236624 0.11669795
v 0.02241136 0.16367718 0.11766260
v 0.02349969 0.15002355 0.13210778
v 0.02241136 0.15126029 0.13319610
v 0.02349969 0.13624624 0.14623138
v 0.02241136 0.13735929 0.14741866
v 0.02349969 0.12113321 0.15894510
v 0.02241136 0.12212262 0.16023132
v 0.02349969 0.10485769 0.17010053
v 0.02241136 0.10572342 0.17148568
v 0.02349969 0.08756802 0.17959873
v 0.02241136 0.08828534 0.18108282
v 0.02349969 0.06943736 0.18739021
v 0.02241136 0.07000626 0.18889904
v 0.02349969 0.05061413 0.19332658
v 0.02241136 0.05103461 0.19490962
v 0.02349969 0.03132093 0.19743258
v 0.02241136 0.03156829 0.19904034
v 0.02349969 0.01170618 0.19958451
v 0.02241136 0.01180511 0.20121702
v 0.02349969 -0.00803225 0.19983187
v 0.02241136 -0.00810644 0.20146437
v 0.02349969 -0.02769646 0.19812517
v 0.02241136 -0.02791907 0.19973293
v 0.02349969 -0.04711333 0.19451387
v 0.02241136 -0.04748436 0.19609690
v 0.02349969 -0.06606025 0.18902274
v 0.02241136 -0.06657967 0.19055629
v 0.02349969 -0.08436405 0.18167649
v 0.02241136 -0.08505662 0.18316058
v 0.02349969 -0.10190107 0.17259879
v 0.02241136 -0.10271732 0.17400868
v 0.02349969 -0.11842396 0.16183913
v 0.02241136 -0.11938862 0.16315007
v 0.02349969 -0.13383379 0.14949644
v 0.02241136 -0.13492211 0.15070844
v 0.02349969 -0.14795740 0.13569438
v 0.02241136 -0.14914468 0.13680745
v 0.02349969 -0.16067112 0.12060611
v 0.02241136 -0.16195734 0.12159551
v 0.02349969 -0.17182655 0.10433057
v 0.02241136 -0.17321170 0.10517156
v 0.02349969 -0.18132474 0.08704090
v 0.02241136 -0.18280884 0.08773347
v 0.02349969 -0.18911622 0.06888550
v 0.02241136 -0.19062505 0.06945441
v 0.02349969 -0.19505259 0.05006228
v 0.02241136 -0.19663563 0.05048276
v 0.02349969 -0.19915860 0.03076908
v 0.02241136 -0.20074162 0.03101642
v 0.02349969 -0.20131052 0.01115434
v 0.02241136 -0.20294303 0.01125327
v 0.02349969 -0.20155788 -0.00858410
v 0.02241136 -0.20319038 -0.00863357
v 0.02349969 -0.19985118 -0.02824831
v 0.02241136 -0.20145894 -0.02847092
v 0.02349969 -0.19623989 -0.04764044
v 0.02241136 -0.19782292 -0.04801147
v 0.02349969 -0.19074876 -0.06658735
v 0.02241136 -0.19228231 -0.06713154
v 0.02349969 -0.18342724 -0.08491589
v 0.02241136 -0.18488660 -0.08560847
v 0.02349969 -0.17432481 -0.10242819
v 0.02241136 -0.17573470 -0.10324444
v 0.02349969 -0.16356514 -0.11897581
v 0.02241136 -0.16487609 -0.11994048
v 0.02349969 -0.15122245 -0.13438564
v 0.02241136 -0.15243446 -0.13544922
v 0.02349969 -0.13744513 -0.14850926
v 0.02241136 -0.13853346 -0.14969653
v 0.02349969 -0.12233213 -0.16119823
v 0.02241136 -0.12332153 -0.16250917
v 0.02349969 -0.10605659 -0.17237839
v 0.02241136 -0.10689757 -0.17376355
v 0.02349969 -0.08876691 -0.18187660
v 0.02241136 -0.08948423 -0.18333593
v 0.02349969 -0.07061152 -0.18966807
v 0.02241136 -0.07118043 -0.19117690
v 0.02349969 -0.05181303 -0.19560445
v 0.02241136 -0.05220878 -0.19718749
v 0.02349969 -0.03249510 -0.19968571
v 0.02241136 -0.03274244 -0.20129348
v 0.02349969 -0.01288035 -0.20186238
v 0.02241136 -0.01297928 -0.20349486
v 0.02349969 0.00685808 -0.20210972
v 0.02241136 0.00690755 -0.20374223
v 0.02349969 0.02652229 -0.20040303
v 0.02241136 0.02674490 -0.20201081
v 0.02349969 0.04591443 -0.19679174
v 0.02241136 0.04628545 -0.19837478
v 0.02349969 0.06486133 -0.19130060
v 0.02241136 0.06540552 -0.19283417
v 0.02349969 0.08318988 -0.18395436
v 0.02241136 0.08388245 -0.18543843
v 0.02349969 0.10070217 -0.17485193
v 0.02241136 0.10151843 -0.17626182
v 0.02349969 0.11724979 -0.16409225
v 0.02241136 0.11821447 -0.16542793
v 0.02349969 0.13265962 -0.15174957
v 0.02241136 0.13372321 -0.15298630
v 0.02349969 0.14678324 -0.13797225
v 0.02241136 0.14797051 -0.13908531
v 0.02349969 0.15947221 -0.12285923
v 0.02241136 0.16078316 -0.12384864
v 0.02349969 0.17065238 -0.10660844
v 0.02241136 0.17203753 -0.10744943
v 0.02349969 0.18015059 -0.08931877
v 0.02241136 0.18160992 -0.09001135
v 0.02349969 0.18794205 -0.07116338
v 0.02241136 0.18945088 -0.07173228
v 0.02349969 0.19387844 -0.05234014
v 0.02241136 0.19546148 -0.05276063
v 0.02349969 0.19795969 -0.03304694
v 0.02241136 0.19956747 -0.03329430
v 0.02349969 0.20013637 -0.01343220
v 0.02241136 0.20174411 -0.01353113
v 0.02349969 0.20038370 0.00630624
v 0.02349969 0.20013637 -0.01343220
v 0.02416753 0.13688931 -0.00954881
v 0.02349969 0.19795969 -0.03304694
v 0.02416753 0.13540522 -0.02297984
v 0.02416753 0.13261017 -0.03621299
v 0.02349969 0.19387844 -0.05234014
v 0.02349969 0.18794205 -0.07116338
v 0.02416753 0.12852892 -0.04909988
v 0.02416753 0.12321090 -0.06154151
v 0.02349969 0.18015059 -0.08931877
v 0.02349969 0.17065238 -0.10660844
v 0.02416753 0.11670565 -0.07336478
v 0.02416753 0.10903784 -0.08452020
v 0.02349969 0.15947221 -0.12285923
v 0.02349969 0.14678324 -0.13797225
v 0.02416753 0.10035588 -0.09485937
v 0.02416753 0.09068455 -0.10430808
v 0.02349969 0.13265962 -0.15174957
v 0.02349969 0.11724979 -0.16409225
v 0.02416753 0.08012276 -0.11276740
v 0.02416753 0.06879421 -0.12013838
v 0.02349969 0.10070217 -0.17485193
v 0.02349969 0.08318988 -0.18395436
v 0.02416753 0.05679779 -0.12634683
v 0.02416753 0.04425721 -0.13136801
v 0.02349969 0.06486133 -0.19130060
v 0.02349969 0.04591443 -0.19679174
v 0.02416753 0.03127140 -0.13515246
v 0.02416753 0.01796405 -0.13762593
v 0.02349969 0.02652229 -0.20040303
v 0.02349969 0.00685808 -0.20210972
v 0.02416753 0.00450827 -0.13878848
v 0.02416753 -0.00902170 -0.13861533
v 0.02349969 -0.01288035 -0.20186238
v 0.02349969 -0.03249510 -0.19968571
v 0.02416753 -0.02245273 -0.13713123
v 0.02416753 -0.03566115 -0.13433619
v 0.02349969 -0.05181303 -0.19560445
v 0.02349969 -0.07061152 -0.18966807
v 0.02416753 -0.04854801 -0.13025494
v 0.02416753 -0.06098965 -0.12493692
v 0.02349969 -0.08876691 -0.18187660
v 0.02349969 -0.10605659 -0.17237839
v 0.02416753 -0.07283765 -0.11843167
v 0.02416753 -0.08396834 -0.11078859
v 0.02349969 -0.12233213 -0.16119823
v 0.02349969 -0.13744513 -0.14850926
v 0.02416753 -0.09433224 -0.10208190
v 0.02416753 -0.10375623 -0.09241057
v 0.02349969 -0.15122245 -0.13438564
v 0.02349969 -0.16356514 -0.11897581
v 0.02416753 -0.11221556 -0.08184877
v 0.02416753 -0.11958654 -0.07052022
v 0.02349969 -0.17432481 -0.10242819
v 0.02349969 -0.18342724 -0.08491589
v 0.02416753 -0.12581972 -0.05852380
v 0.02416753 -0.13084090 -0.04598322
v 0.02349969 -0.19074876 -0.06658735
v 0.02349969 -0.19623989 -0.04764044
v 0.02416753 -0.13460061 -0.03299741
v 0.02416753 -0.13707408 -0.01971480
v 0.02349969 -0.19985118 -0.02824831
v 0.02349969 -0.20155788 -0.00858410
v 0.02416753 -0.13823662 -0.00623428
v 0.02416753 -0.13808822 0.00727095
v 0.02349969 -0.20131052 0.01115434
v 0.02349969 -0.19915860 0.03076908
v 0.02416753 -0.13660412 0.02072671
v 0.02416753 -0.13380908 0.03393513
v 0.02349969 -0.19505259 0.05006228
v 0.02349969 -0.18911622 0.06888550
v 0.02416753 -0.12972783 0.04682200
v 0.02416753 -0.12438508 0.05926363
v 0.02349969 -0.18132474 0.08704090
v 0.02349969 -0.17182655 0.10433057
v 0.02416753 -0.11787981 0.07111163
v 0.02416753 -0.11023674 0.08224232
v 0.02349969 -0.16067112 0.12060611
v 0.02349969 -0.14795740 0.13569438
v 0.02416753 -0.10153006 0.09260623
v 0.02416753 -0.09185873 0.10203021
v 0.02349969 -0.13383379 0.14949644
v 0.02349969 -0.11842396 0.16183913
v 0.02416753 -0.08129693 0.11048954
v 0.02416753 -0.06996836 0.11786053
v 0.02349969 -0.10190107 0.17259879
v 0.02349969 -0.08436405 0.18167649
v 0.02416753 -0.05797196 0.12409370
v 0.02416753 -0.04543138 0.12911488
v 0.02349969 -0.06606025 0.18902274
v 0.02349969 -0.04711333 0.19451387
v 0.02416753 -0.03244557 0.13287459
v 0.02416753 -0.01916294 0.13534806
v 0.02349969 -0.02769646 0.19812517
v 0.02349969 -0.00803225 0.19983187
v 0.02416753 -0.00568244 0.13651061
v 0.02416753 0.00782280 0.13636220
v 0.02349969 0.01170618 0.19958451
v 0.02349969 0.03132093 0.19743258
v 0.02416753 0.02125382 0.13487810
v 0.02416753 0.03448698 0.13208306
v 0.02349969 0.05061413 0.19332658
v 0.02349969 0.06943736 0.18739021
v 0.02416753 0.04737386 0.12800181
v 0.02416753 0.05979076 0.12265906
v 0.02349969 0.08756802 0.17959873
v 0.02349969 0.10485769 0.17010053
v 0.02416753 0.07163876 0.11615380
v 0.02416753 0.08279419 0.10851072
v 0.02349969 0.12113321 0.15894510
v 0.02349969 0.13624624 0.14623138
v 0.02416753 0.09313335 0.09980404
v 0.02416753 0.10258206 0.09013271
v 0.02349969 0.15002355 0.13210778
v 0.02349969 0.16236624 0.11669795
v 0.02416753 0.11101665 0.07957092
v 0.02416753 0.11841236 0.06824234
v 0.02349969 0.17312592 0.10017505
v 0.02349969 0.18222835 0.08266277
v 0.02416753 0.12462081 0.05624594
v 0.02416753 0.12964199 0.04370536
v 0.02349969 0.18954985 0.06433423
v 0.02349969 0.19506572 0.04536258
v 0.02416753 0.13342644 0.03071955
v 0.02416753 0.13589991 0.01743692
v 0.02349969 0.19867701 0.02597045
v 0.02416753 0.13706247 0.00395642
v 0.02421700 0.13377271 -0.00935092
v 0.02421700 0.13233808 -0.02248515
v 0.02421700 0.12959251 -0.03542147
v 0.02421700 0.12561020 -0.04801152
v 0.02421700 0.12041586 -0.06015636
v 0.02421700 0.11403429 -0.07173226
v 0.02421700 0.10656433 -0.08264033
v 0.02421700 0.09805556 -0.09273217
v 0.02421700 0.08860682 -0.10198299
v 0.02421700 0.07829239 -0.11021972
v 0.02421700 0.06721117 -0.11744228
v 0.02421700 0.05548684 -0.12352705
v 0.02421700 0.04324308 -0.12842455
v 0.02421700 0.03052936 -0.13211006
v 0.02421700 0.01754355 -0.13453408
v 0.02421700 0.00438460 -0.13567188
v 0.02421700 -0.00882381 -0.13549872
v 0.02421700 -0.02195803 -0.13406409
v 0.02421700 -0.03486963 -0.13131852
v 0.02421700 -0.04745968 -0.12733622
v 0.02421700 -0.05962923 -0.12214188
v 0.02421700 -0.07118042 -0.11576030
v 0.02421700 -0.08208849 -0.10829035
v 0.02421700 -0.09220505 -0.09978158
v 0.02421700 -0.10143116 -0.09033284
v 0.02421700 -0.10969260 -0.08001840
v 0.02421700 -0.11689044 -0.06896192
v 0.02421700 -0.12297522 -0.05723759
v 0.02421700 -0.12789744 -0.04496909
v 0.02421700 -0.13158294 -0.03228010
v 0.02421700 -0.13398222 -0.01926957
v 0.02421700 -0.13512003 -0.00611062
v 0.02421700 -0.13494688 0.00709780
v 0.02421700 -0.13351225 0.02023201
v 0.02421700 -0.13076668 0.03314361
v 0.02421700 -0.12678437 0.04573366
v 0.02421700 -0.12159005 0.05787848
v 0.02421700 -0.11523318 0.06945440
v 0.02421700 -0.10773851 0.08036247
v 0.02421700 -0.09925445 0.09047904
v 0.02421700 -0.08978100 0.09968040
v 0.02421700 -0.07946656 0.10794184
v 0.02421700 -0.06841007 0.11516443
v 0.02421700 -0.05668575 0.12124920
v 0.02421700 -0.04441725 0.12614669
v 0.02421700 -0.03172825 0.12985693
v 0.02421700 -0.01874246 0.13225621
v 0.02421700 -0.00558351 0.13339401
v 0.02421700 0.00762491 0.13322086
v 0.02421700 0.02075914 0.13178623
v 0.02421700 0.03369546 0.12904066
v 0.02421700 0.04628551 0.12505835
v 0.02421700 0.05843034 0.11986403
v 0.02421700 0.07000625 0.11348243
v 0.02421700 0.08088958 0.10601250
v 0.02421700 0.09100615 0.09752844
v 0.02421700 0.10023224 0.08805498
v 0.02421700 0.10849371 0.07776528
v 0.02421700 0.11569153 0.06668406
v 0.02421700 0.12180103 0.05495973
v 0.02421700 0.12669854 0.04269123
v 0.02421700 0.13038404 0.03000224
v 0.02421700 0.13280807 0.01701644
v 0.02421700 0.13394586 0.00385749
v 0.02330181 0.11809081 -0.00841100
v 0.02330181 0.11680460 -0.02001166
v 0.02330181 0.11440531 -0.03141443
v 0.02330181 0.11086821 -0.04254512
v 0.02330181 0.10629227 -0.05328006
v 0.02330181 0.10065272 -0.06349555
v 0.02330181 0.09404849 -0.07311741
v 0.02330181 0.08655383 -0.08204669
v 0.02330181 0.07819345 -0.09020919
v 0.02330181 0.06909101 -0.09750599
v 0.02330181 0.05929600 -0.10386285
v 0.02330181 0.04895683 -0.10923031
v 0.02330181 0.03812297 -0.11358365
v 0.02330181 0.02691807 -0.11682391
v 0.02330181 0.01544109 -0.11895111
v 0.02330181 0.00381570 -0.11996525
v 0.02330181 -0.00785916 -0.11981683
v 0.02330181 -0.01945981 -0.11853062
v 0.02330181 -0.03088732 -0.11613132
v 0.02330181 -0.04199327 -0.11259423
v 0.02330181 -0.05272820 -0.10801829
v 0.02330181 -0.06294371 -0.10237874
v 0.02330181 -0.07256557 -0.09577451
v 0.02330181 -0.08151958 -0.08827985
v 0.02330181 -0.08965735 -0.07991946
v 0.02330181 -0.09695414 -0.07081703
v 0.02330181 -0.10331100 -0.06104675
v 0.02330181 -0.10870320 -0.05068284
v 0.02330181 -0.11303180 -0.03984898
v 0.02330181 -0.11627206 -0.02864409
v 0.02330181 -0.11842399 -0.01716711
v 0.02330181 -0.11941339 -0.00554171
v 0.02330181 -0.11928971 0.00613314
v 0.02330181 -0.11800349 0.01773380
v 0.02330181 -0.11557947 0.02916130
v 0.02330181 -0.11206712 0.04026726
v 0.02330181 -0.10746644 0.05100219
v 0.02330181 -0.10185162 0.06121769
v 0.02330181 -0.09524741 0.07083955
v 0.02330181 -0.08772800 0.07976883
v 0.02330181 -0.07939235 0.08793134
v 0.02330181 -0.07026518 0.09522812
v 0.02330181 -0.06049492 0.10158498
v 0.02330181 -0.05013100 0.10697718
v 0.02330181 -0.03929714 0.11130578
v 0.02330181 -0.02809224 0.11454605
v 0.02330181 -0.01661526 0.11669798
v 0.02330181 -0.00498987 0.11768737
v 0.02330181 0.00668499 0.11756370
v 0.02330181 0.01828564 0.11627748
v 0.02330181 0.02968841 0.11385346
v 0.02330181 0.04081910 0.11034110
v 0.02330181 0.05152931 0.10574042
v 0.02330181 0.06176954 0.10012560
v 0.02330181 0.07139140 0.09352139
v 0.02330181 0.08032068 0.08600199
v 0.02330181 0.08848317 0.07766634
v 0.02330181 0.09577997 0.06853917
v 0.02330181 0.10213684 0.05876890
v 0.02330181 0.10750429 0.04840498
v 0.02330181 0.11183290 0.03757112
v 0.02330181 0.11509789 0.02636622
v 0.02330181 0.11722509 0.01488924
v 0.02330181 0.11823923 0.00326385
v 0.01429832 0.04628545 -0.19837478
v 0.01429832 0.02672018 -0.20201081
v 0.01429832 0.01180511 0.20121702
v 0.01429832 -0.00810644 0.20146437
v 0.01429832 0.00690755 -0.20371749
v 0.01429832 0.01180511 0.20121702
v 0.01429832 0.03156829 0.19904034
v 0.01429832 0.04628545 -0.19837478
v 0.01429832 0.05103461 0.19490962
v 0.01429832 0.04628545 -0.19837478
v 0.01429832 0.05103461 0.19490962
v 0.01429832 0.06540552 -0.19283417
v 0.01429832 0.06540552 -0.19283417
v 0.01429832 0.05103461 0.19490962
v 0.01429832 0.08388245 -0.18543843
v 0.01429832 0.07000626 0.18892377
v 0.01429832 0.08828534 0.18105809
v 0.01429832 0.10151843 -0.17626182
v 0.01429832 0.11818973 -0.16540320
v 0.01429832 0.10572342 0.17148568
v 0.01429832 0.12212262 0.16023132
v 0.01429832 0.13372321 -0.15296157
v 0.01429832 0.14797051 -0.13908531
v 0.01429832 0.13735929 0.14741866
v 0.01429832 0.00690755 -0.20371749
v 0.01429832 -0.01297928 -0.20349486
v 0.01429832 -0.00810644 0.20146437
v 0.01429832 -0.02791907 0.19973293
v 0.01429832 -0.03274244 -0.20129348
v 0.01429832 -0.04748436 0.19609690
v 0.01429832 -0.05220878 -0.19718749
v 0.01429832 -0.06657967 0.19055629
v 0.01429832 -0.07118043 -0.19117690
v 0.01429832 -0.08505662 0.18316058
v 0.01429832 -0.08945949 -0.18333593
v 0.01429832 -0.10271732 0.17398394
v 0.01429832 -0.10689757 -0.17376355
v 0.01429832 -0.11938862 0.16315007
v 0.01429832 -0.12332153 -0.16248444
v 0.01429832 -0.13492211 0.15070844
v 0.01429832 -0.13853346 -0.14969653
v 0.01429832 -0.14914468 0.13680745
v 0.01429832 -0.15243446 -0.13547396
v 0.01429832 -0.14914468 0.13680745
v 0.01429832 -0.13853346 -0.14969653
v 0.01429832 0.14797051 -0.13908531
v 0.01429832 0.13735929 0.14741866
v 0.01429832 0.15123555 0.13317136
v 0.01429832 -0.16195734 0.12157077
v 0.01429832 -0.14914468 0.13680745
v 0.01429832 -0.15243446 -0.13547396
v 0.01429832 0.14797051 -0.13908531
v 0.01429832 0.15123555 0.13317136
v 0.01429832 0.16075842 -0.12384864
v 0.01429832 0.17203753 -0.10744943
v 0.01429832 0.16367718 0.11766260
v 0.01429832 -0.15243446 -0.13547396
v 0.01429832 -0.16487609 -0.11994048
v 0.01429832 -0.16195734 0.12157077
v 0.01429832 -0.17321170 0.10517156
v 0.01429832 0.16367718 0.11766260
v 0.01429832 0.17453581 0.10099130
v 0.01429832 0.17203753 -0.10744943
v 0.01429832 0.18160992 -0.09001135
v 0.01429832 0.18945088 -0.07173228
v 0.01429832 0.18371241 0.08333061
v 0.01429832 0.19108342 0.06485366
v 0.01429832 0.19546148 -0.05276063
v 0.01429832 0.19956747 -0.03329430
v 0.01429832 0.19664876 0.04575834
v 0.01429832 0.20028479 0.02619306
v 0.01429832 0.20174411 -0.01353113
v 0.01429832 0.20199148 0.00638043
v 0.01429832 -0.16487609 -0.11994048
v 0.01429832 -0.17570996 -0.10324444
v 0.01429832 -0.17321170 0.10517156
v 0.01429832 -0.18280884 0.08773347
v 0.01429832 -0.18488660 -0.08560847
v 0.01429832 -0.19064979 0.06945441
v 0.01429832 -0.19228231 -0.06713154
v 0.01429832 -0.19663563 0.05048276
v 0.01429832 -0.19782292 -0.04801147
v 0.01429832 -0.20076636 0.03101642
v 0.01429832 -0.20294303 0.01125327
v 0.01429832 -0.20145894 -0.02847092
v 0.01429832 -0.20319038 -0.00863357
v 0.02349969 0.20038370 0.00630624
v 0.02349969 0.20013637 -0.01343220
v 0.02241136 0.20174411 -0.01353113
v 0.02241136 0.19956747 -0.03329430
v 0.02349969 0.19795969 -0.03304694
v 0.02241136 0.19546148 -0.05276063
v 0.02349969 0.19387844 -0.05234014
v 0.02241136 0.18945088 -0.07173228
v 0.02349969 0.18794205 -0.07116338
v 0.02241136 0.18160992 -0.09001135
v 0.02349969 0.18015059 -0.08931877
v 0.02241136 0.17203753 -0.10744943
v 0.02349969 0.17065238 -0.10660844
v 0.02241136 0.16078316 -0.12384864
v 0.02349969 0.15947221 -0.12285923
v 0.02241136 0.14797051 -0.13908531
v 0.02349969 0.14678324 -0.13797225
v 0.02241136 0.13372321 -0.15298630
v 0.02349969 0.13265962 -0.15174957
v 0.02241136 0.11821447 -0.16542793
v 0.02349969 0.11724979 -0.16409225
v 0.02241136 0.10151843 -0.17626182
v 0.02349969 0.10070217 -0.17485193
v 0.02241136 0.08388245 -0.18543843
v 0.02349969 0.08318988 -0.18395436
v 0.02241136 0.06540552 -0.19283417
v 0.02349969 0.06486133 -0.19130060
v 0.02241136 0.04628545 -0.19837478
v 0.02349969 0.04591443 -0.19679174
v 0.02241136 0.02674490 -0.20201081
v 0.02349969 0.02652229 -0.20040303
v 0.02241136 0.00690755 -0.20374223
v 0.02349969 0.00685808 -0.20210972
v 0.02241136 -0.01297928 -0.20349486
v 0.02349969 -0.01288035 -0.20186238
v 0.02241136 -0.03274244 -0.20129348
v 0.02349969 -0.03249510 -0.19968571
v 0.02241136 -0.05220878 -0.19718749
v 0.02349969 -0.05181303 -0.19560445
v 0.02241136 -0.07118043 -0.19117690
v 0.02349969 -0.07061152 -0.18966807
v 0.02241136 -0.08948423 -0.18333593
v 0.02349969 -0.08876691 -0.18187660
v 0.02241136 -0.10689757 -0.17376355
v 0.02349969 -0.10605659 -0.17237839
v 0.02241136 -0.12332153 -0.16250917
v 0.02349969 -0.12233213 -0.16119823
v 0.02241136 -0.13853346 -0.14969653
v 0.02349969 -0.13744513 -0.14850926
v 0.02241136 -0.15243446 -0.13544922
v 0.02349969 -0.15122245 -0.13438564
v 0.02241136 -0.16487609 -0.11994048
v 0.02349969 -0.16356514 -0.11897581
v 0.02241136 -0.17573470 -0.10324444
v 0.02349969 -0.17432481 -0.10242819
v 0.02241136 -0.18488660 -0.08560847
v 0.02349969 -0.18342724 -0.08491589
v 0.02241136 -0.19228231 -0.06713154
v 0.02349969 -0.19074876 -0.06658735
v 0.02241136 -0.19782292 -0.04801147
v 0.02349969 -0.19623989 -0.04764044
v 0.02241136 -0.20145894 -0.02847092
v 0.02349969 -0.19985118 -0.02824831
v 0.02241136 -0.20319038 -0.00863357
v 0.02349969 -0.20155788 -0.00858410
v 0.02241136 -0.20294303 0.01125327
v 0.02349969 -0.20131052 0.01115434
v 0.02241136 -0.20074162 0.03101642
v 0.02349969 -0.19915860 0.03076908
v 0.02241136 -0.19663563 0.05048276
v 0.02349969 -0.19505259 0.05006228
v 0.02241136 -0.19062505 0.06945441
v 0.02349969 -0.18911622 0.06888550
v 0.02241136 -0.18280884 0.08773347
v 0.02349969 -0.18132474 0.08704090
v 0.02241136 -0.17321170 0.10517156
v 0.02349969 -0.17182655 0.10433057
v 0.02241136 -0.16195734 0.12159551
v 0.02349969 -0.16067112 0.12060611
v 0.02241136 -0.14914468 0.13680745
v 0.02349969 -0.14795740 0.13569438
v 0.02241136 -0.13492211 0.15070844
v 0.02349969 -0.13383379 0.14949644
v 0.02241136 -0.11938862 0.16315007
v 0.02349969 -0.11842396 0.16183913
v 0.02241136 -0.10271732 0.17400868
v 0.02349969 -0.10190107 0.17259879
v 0.02241136 -0.08505662 0.18316058
v 0.02349969 -0.08436405 0.18167649
v 0.02241136 -0.06657967 0.19055629
v 0.02349969 -0.06606025 0.18902274
v 0.02241136 -0.04748436 0.19609690
v 0.02349969 -0.04711333 0.19451387
v 0.02241136 -0.02791907 0.19973293
v 0.02349969 -0.02769646 0.19812517
v 0.02241136 -0.00810644 0.20146437
v 0.02349969 -0.00803225 0.19983187
v 0.02241136 0.01180511 0.20121702
v 0.02349969 0.01170618 0.19958451
v 0.02241136 0.03156829 0.19904034
v 0.02349969 0.03132093 0.19743258
v 0.02241136 0.05103461 0.19490962
v 0.02349969 0.05061413 0.19332658
v 0.02241136 0.07000626 0.18889904
v 0.02349969 0.06943736 0.18739021
v 0.02241136 0.08828534 0.18108282
v 0.02349969 0.08756802 0.17959873
v 0.02241136 0.10572342 0.17148568
v 0.02349969 0.10485769 0.17010053
v 0.02241136 0.12212262 0.16023132
v 0.02349969 0.12113321 0.15894510
v 0.02241136 0.13735929 0.14741866
v 0.02349969 0.13624624 0.14623138
v 0.02241136 0.15126029 0.13319610
v 0.02349969 0.15002355 0.13210778
v 0.02241136 0.16367718 0.11766260
v 0.02349969 0.16236624 0.11669795
v 0.02241136 0.17453581 0.10099130
v 0.02349969 0.17312592 0.10017505
v 0.02241136 0.18371241 0.08333061
v 0.02349969 0.18222835 0.08266277
v 0.02241136 0.19108342 0.06485366
v 0.02349969 0.18954985 0.06433423
v 0.02241136 0.19664876 0.04575834
v 0.02349969 0.19506572 0.04536258
v 0.02241136 0.20028479 0.02619306
v 0.02349969 0.19867701 0.02597045
v 0.02241136 0.20201621 0.00638043
v 0.02241136 0.20201621 0.00638043
v 0.01429832 0.20199148 0.00638043
v 0.02241136 0.20028479 0.02619306
v 0.01429832 0.20028479 0.02619306
v 0.01429832 0.19664876 0.04575834
v 0.02241136 0.19664876 0.04575834
v 0.02241136 0.19108342 0.06485366
v 0.01429832 0.19108342 0.06485366
v 0.01429832 0.18371241 0.08333061
v 0.02241136 0.18371241 0.08333061
v 0.02241136 0.17453581 0.10099130
v 0.01429832 0.17453581 0.10099130
v 0.01429832 0.16367718 0.11766260
v 0.02241136 0.16367718 0.11766260
v 0.02241136 0.15126029 0.13319610
v 0.01429832 0.15123555 0.13317136
v 0.01429832 0.13735929 0.14741866
v 0.02241136 0.13735929 0.14741866
v 0.02241136 0.12212262 0.16023132
v 0.01429832 0.12212262 0.16023132
v 0.01429832 0.10572342 0.17148568
v 0.02241136 0.10572342 0.17148568
v 0.02241136 0.08828534 0.18108282
v 0.01429832 0.08828534 0.18105809
v 0.01429832 0.07000626 0.18892377
v 0.02241136 0.07000626 0.18889904
v 0.02241136 0.05103461 0.19490962
v 0.01429832 0.05103461 0.19490962
v 0.01429832 0.03156829 0.19904034
v 0.02241136 0.03156829 0.19904034
v 0.02241136 0.01180511 0.20121702
v 0.01429832 0.01180511 0.20121702
v 0.01429832 -0.00810644 0.20146437
v 0.02241136 -0.00810644 0.20146437
v 0.02241136 -0.02791907 0.19973293
v 0.01429832 -0.02791907 0.19973293
v 0.01429832 -0.04748436 0.19609690
v 0.02241136 -0.04748436 0.19609690
v 0.02241136 -0.06657967 0.19055629
v 0.01429832 -0.06657967 0.19055629
v 0.01429832 -0.08505662 0.18316058
v 0.02241136 -0.08505662 0.18316058
v 0.02241136 -0.10271732 0.17400868
v 0.01429832 -0.10271732 0.17398394
v 0.01429832 -0.11938862 0.16315007
v 0.02241136 -0.11938862 0.16315007
v 0.02241136 -0.13492211 0.15070844
v 0.01429832 -0.13492211 0.15070844
v 0.01429832 -0.14914468 0.13680745
v 0.02241136 -0.14914468 0.13680745
v 0.02241136 -0.16195734 0.12159551
v 0.01429832 -0.16195734 0.12157077
v 0.01429832 -0.17321170 0.10517156
v 0.02241136 -0.17321170 0.10517156
v 0.02241136 -0.18280884 0.08773347
v 0.01429832 -0.18280884 0.08773347
v 0.01429832 -0.19064979 0.06945441
v 0.02241136 -0.19062505 0.06945441
v 0.02241136 -0.19663563 0.05048276
v 0.01429832 -0.19663563 0.05048276
v 0.01429832 -0.20076636 0.03101642
v 0.02241136 -0.20074162 0.03101642
v 0.02241136 -0.20294303 0.01125327
v 0.01429832 -0.20294303 0.01125327
v 0.01429832 -0.20319038 -0.00863357
v 0.02241136 -0.20319038 -0.00863357
v 0.02241136 -0.20145894 -0.02847092
v 0.01429832 -0.20145894 -0.02847092
v 0.01429832 -0.19782292 -0.04801147
v 0.02241136 -0.19782292 -0.04801147
v 0.02241136 -0.19228231 -0.06713154
v 0.01429832 -0.19228231 -0.06713154
v 0.01429832 -0.18488660 -0.08560847
v 0.02241136 -0.18488660 -0.08560847
v 0.02241136 -0.17573470 -0.10324444
v 0.01429832 -0.17570996 -0.10324444
v 0.01429832 -0.16487609 -0.11994048
v 0.02241136 -0.16487609 -0.11994048
v 0.02241136 -0.15243446 -0.13544922
v 0.01429832 -0.15243446 -0.13547396
v 0.01429832 -0.13853346 -0.14969653
v 0.02241136 -0.13853346 -0.14969653
v 0.02241136 -0.12332153 -0.16250917
v 0.01429832 -0.12332153 -0.16248444
v 0.01429832 -0.10689757 -0.17376355
v 0.02241136 -0.10689757 -0.17376355
v 0.02241136 -0.08948423 -0.18333593
v 0.01429832 -0.08945949 -0.18333593
v 0.01429832 -0.07118043 -0.19117690
v 0.02241136 -0.07118043 -0.19117690
v 0.02241136 -0.05220878 -0.19718749
v 0.01429832 -0.05220878 -0.19718749
v 0.01429832 -0.03274244 -0.20129348
v 0.02241136 -0.03274244 -0.20129348
v 0.02241136 -0.01297928 -0.20349486
v 0.01429832 -0.01297928 -0.20349486
v 0.01429832 0.00690755 -0.20371749
v 0.02241136 0.00690755 -0.20374223
v 0.02241136 0.02674490 -0.20201081
v 0.01429832 0.02672018 -0.20201081
v 0.01429832 0.04628545 -0.19837478
v 0.02241136 0.04628545 -0.19837478
v 0.02241136 0.06540552 -0.19283417
v 0.01429832 0.06540552 -0.19283417
v 0.01429832 0.08388245 -0.18543843
v 0.02241136 0.08388245 -0.18543843
v 0.02241136 0.10151843 -0.17626182
v 0.01429832 0.10151843 -0.17626182
v 0.01429832 0.11818973 -0.16540320
v 0.02241136 0.11821447 -0.16542793
v 0.02241136 0.13372321 -0.15298630
v 0.01429832 0.13372321 -0.15296157
v 0.01429832 0.14797051 -0.13908531
v 0.02241136 0.14797051 -0.13908531
v 0.02241136 0.16078316 -0.12384864
v 0.01429832 0.16075842 -0.12384864
v 0.01429832 0.17203753 -0.10744943
v 0.02241136 0.17203753 -0.10744943
v 0.02241136 0.18160992 -0.09001135
v 0.01429832 0.18160992 -0.09001135
v 0.01429832 0.18945088 -0.07173228
v 0.02241136 0.18945088 -0.07173228
v 0.02241136 0.19546148 -0.05276063
v 0.01429832 0.19546148 -0.05276063
v 0.01429832 0.19956747 -0.03329430
v 0.02241136 0.19956747 -0.03329430
v 0.02241136 0.20174411 -0.01353113
v 0.01429832 0.20174411 -0.01353113
v 0.02416753 -0.13460061 -0.03299741
v 0.02349969 -0.19623989 -0.04764044
v 0.02416753 -0.13084090 -0.04598322
v 0.02349969 -0.19074876 -0.06658735
v 0.02349969 -0.18342724 -0.08491589
v 0.02416753 -0.12581972 -0.05852380
v 0.02416753 -0.11958654 -0.07052022
v 0.02349969 -0.17432481 -0.10242819
v 0.02349969 -0.16356514 -0.11897581
v 0.02416753 -0.11221556 -0.08184877
v 0.02416753 -0.10375623 -0.09241057
v 0.02349969 -0.15122245 -0.13438564
v 0.02349969 -0.13744513 -0.14850926
v 0.02416753 -0.09433224 -0.10208190
v 0.02416753 -0.08396834 -0.11078859
v 0.02349969 -0.12233213 -0.16119823
v 0.02349969 -0.10605659 -0.17237839
v 0.02416753 -0.07283765 -0.11843167
v 0.02416753 -0.06098965 -0.12493692
v 0.02349969 -0.08876691 -0.18187660
v 0.02349969 -0.07061152 -0.18966807
v 0.02416753 -0.04854801 -0.13025494
v 0.02416753 -0.03566115 -0.13433619
v 0.02349969 -0.05181303 -0.19560445
v 0.02349969 -0.03249510 -0.19968571
v 0.02416753 -0.02245273 -0.13713123
v 0.02416753 -0.00902170 -0.13861533
v 0.02349969 -0.01288035 -0.20186238
v 0.02349969 0.00685808 -0.20210972
v 0.02416753 0.00450827 -0.13878848
v 0.02416753 0.01796405 -0.13762593
v 0.02349969 0.02652229 -0.20040303
v 0.02349969 0.04591443 -0.19679174
v 0.02416753 0.03127140 -0.13515246
v 0.02416753 0.04425721 -0.13136801
v 0.02349969 0.06486133 -0.19130060
v 0.02349969 0.08318988 -0.18395436
v 0.02416753 0.05679779 -0.12634683
v 0.02416753 0.06879421 -0.12013838
v 0.02349969 0.10070217 -0.17485193
v 0.02349969 0.11724979 -0.16409225
v 0.02416753 0.08012276 -0.11276740
v 0.02416753 0.09068455 -0.10430808
v 0.02349969 0.13265962 -0.15174957
v 0.02349969 0.14678324 -0.13797225
v 0.02416753 0.10035588 -0.09485937
v 0.02416753 0.10903784 -0.08452020
v 0.02349969 0.15947221 -0.12285923
v 0.02349969 0.17065238 -0.10660844
v 0.02416753 0.11670565 -0.07336478
v 0.02416753 0.12321090 -0.06154151
v 0.02349969 0.18015059 -0.08931877
v 0.02349969 0.18794205 -0.07116338
v 0.02416753 0.12852892 -0.04909988
v 0.02416753 0.13261017 -0.03621299
v 0.02349969 0.19387844 -0.05234014
v 0.02349969 0.19795969 -0.03304694
v 0.02416753 0.13540522 -0.02297984
v 0.02416753 0.13688931 -0.00954881
v 0.02349969 0.20013637 -0.01343220
v 0.02349969 0.20038370 0.00630624
v 0.02416753 0.13706247 0.00395642
v 0.02416753 0.13589991 0.01743692
v 0.02349969 0.19867701 0.02597045
v 0.02349969 0.19506572 0.04536258
v 0.02416753 0.13342644 0.03071955
v 0.02416753 0.12964199 0.04370536
v 0.02349969 0.18954985 0.06433423
v 0.02349969 0.18222835 0.08266277
v 0.02416753 0.12462081 0.05624594
v 0.02416753 0.11841236 0.06824234
v 0.02349969 0.17312592 0.10017505
v 0.02349969 0.16236624 0.11669795
v 0.02416753 0.11101665 0.07957092
v 0.02416753 0.10258206 0.09013271
v 0.02349969 0.15002355 0.13210778
v 0.02349969 0.13624624 0.14623138
v 0.02416753 0.09313335 0.09980404
v 0.02416753 0.08279419 0.10851072
v 0.02349969 0.12113321 0.15894510
v 0.02349969 0.10485769 0.17010053
v 0.02416753 0.07163876 0.11615380
v 0.02416753 0.05979076 0.12265906
v 0.02349969 0.08756802 0.17959873
v 0.02349969 0.06943736 0.18739021
v 0.02416753 0.04737386 0.12800181
v 0.02416753 0.03448698 0.13208306
v 0.02349969 0.05061413 0.19332658
v 0.02349969 0.03132093 0.19743258
v 0.02416753 0.02125382 0.13487810
v 0.02416753 0.00782280 0.13636220
v 0.02349969 0.01170618 0.19958451
v 0.02349969 -0.00803225 0.19983187
v 0.02416753 -0.00568244 0.13651061
v 0.02416753 -0.01916294 0.13534806
v 0.02349969 -0.02769646 0.19812517
v 0.02349969 -0.04711333 0.19451387
v 0.02416753 -0.03244557 0.13287459
v 0.02416753 -0.04543138 0.12911488
v 0.02349969 -0.06606025 0.18902274
v 0.02349969 -0.08436405 0.18167649
v 0.02416753 -0.05797196 0.12409370
v 0.02416753 -0.06996836 0.11786053
v 0.02349969 -0.10190107 0.17259879
v 0.02349969 -0.11842396 0.16183913
v 0.02416753 -0.08129693 0.11048954
v 0.02416753 -0.09185873 0.10203021
v 0.02349969 -0.13383379 0.14949644
v 0.02349969 -0.14795740 0.13569438
v 0.02416753 -0.10153006 0.09260623
v 0.02416753 -0.11023674 0.08224232
v 0.02349969 -0.16067112 0.12060611
v 0.02349969 -0.17182655 0.10433057
v 0.02416753 -0.11787981 0.07111163
v 0.02416753 -0.12438508 0.05926363
v 0.02349969 -0.18132474 0.08704090
v 0.02349969 -0.18911622 0.06888550
v 0.02416753 -0.12972783 0.04682200
v 0.02416753 -0.13380908 0.03393513
v 0.02349969 -0.19505259 0.05006228
v 0.02349969 -0.19915860 0.03076908
v 0.02416753 -0.13660412 0.02072671
v 0.02416753 -0.13808822 0.00727095
v 0.02349969 -0.20131052 0.01115434
v 0.02349969 -0.20155788 -0.00858410
v 0.02416753 -0.13823662 -0.00623428
v 0.02416753 -0.13707408 -0.01971480
v 0.02349969 -0.19985118 -0.02824831
v 0.02421700 -0.13398222 -0.01926957
v 0.02421700 -0.13158294 -0.03228010
v 0.02421700 -0.12789744 -0.04496909
v 0.02421700 -0.12297522 -0.05723759
v 0.02421700 -0.11689044 -0.06896192
v 0.02421700 -0.10969260 -0.08001840
v 0.02421700 -0.10143116 -0.09033284
v 0.02421700 -0.09220505 -0.09978158
v 0.02421700 -0.08208849 -0.10829035
v 0.02421700 -0.07118042 -0.11576030
v 0.02421700 -0.05962923 -0.12214188
v 0.02421700 -0.04745968 -0.12733622
v 0.02421700 -0.03486963 -0.13131852
v 0.02421700 -0.02195803 -0.13406409
v 0.02421700 -0.00882381 -0.13549872
v 0.02421700 0.00438460 -0.13567188
v 0.02421700 0.01754355 -0.13453408
v 0.02421700 0.03052936 -0.13211006
v 0.02421700 0.04324308 -0.12842455
v 0.02421700 0.05548684 -0.12352705
v 0.02421700 0.06721117 -0.11744228
v 0.02421700 0.07829239 -0.11021972
v 0.02421700 0.08860682 -0.10198299
v 0.02421700 0.09805556 -0.09273217
v 0.02421700 0.10656433 -0.08264033
v 0.02421700 0.11403429 -0.07173226
v 0.02421700 0.12041586 -0.06015636
v 0.02421700 0.12561020 -0.04801152
v 0.02421700 0.12959251 -0.03542147
v 0.02421700 0.13233808 -0.02248515
v 0.02421700 0.13377271 -0.00935092
v 0.02421700 0.13394586 0.00385749
v 0.02421700 0.13280807 0.01701644
v 0.02421700 0.13038404 0.03000224
v 0.02421700 0.12669854 0.04269123
v 0.02421700 0.12180103 0.05495973
v 0.02421700 0.11569153 0.06668406
v 0.02421700 0.10849371 0.07776528
v 0.02421700 0.10023224 0.08805498
v 0.02421700 0.09100615 0.09752844
v 0.02421700 0.08088958 0.10601250
v 0.02421700 0.07000625 0.11348243
v 0.02421700 0.05843034 0.11986403
v 0.02421700 0.04628551 0.12505835
v 0.02421700 0.03369546 0.12904066
v 0.02421700 0.02075914 0.13178623
v 0.02421700 0.00762491 0.13322086
v 0.02421700 -0.00558351 0.13339401
v 0.02421700 -0.01874246 0.13225621
v 0.02421700 -0.03172825 0.12985693
v 0.02421700 -0.04441725 0.12614669
v 0.02421700 -0.05668575 0.12124920
v 0.02421700 -0.06841007 0.11516443
v 0.02421700 -0.07946656 0.10794184
v 0.02421700 -0.08978100 0.09968040
v 0.02421700 -0.09925445 0.09047904
v 0.02421700 -0.10773851 0.08036247
v 0.02421700 -0.11523318 0.06945440
v 0.02421700 -0.12159005 0.05787848
v 0.02421700 -0.12678437 0.04573366
v 0.02421700 -0.13076668 0.03314361
v 0.02421700 -0.13351225 0.02023201
v 0.02421700 -0.13494688 0.00709780
v 0.02421700 -0.13512003 -0.00611062
v 0.02330181 -0.11941339 -0.00554171
v 0.02330181 -0.11842399 -0.01716711
v 0.02330181 -0.11627206 -0.02864409
v 0.02330181 -0.11303180 -0.03984898
v 0.02330181 -0.10870320 -0.05068284
v 0.02330181 -0.10331100 -0.06104675
v 0.02330181 -0.09695414 -0.07081703
v 0.02330181 -0.08965735 -0.07991946
v 0.02330181 -0.08151958 -0.08827985
v 0.02330181 -0.07256557 -0.09577451
v 0.02330181 -0.06294371 -0.10237874
v 0.02330181 -0.05272820 -0.10801829
v 0.02330181 -0.04199327 -0.11259423
v 0.02330181 -0.03088732 -0.11613132
v 0.02330181 -0.01945981 -0.11853062
v 0.02330181 -0.00785916 -0.11981683
v 0.02330181 0.00381570 -0.11996525
v 0.02330181 0.01544109 -0.11895111
v 0.02330181 0.02691807 -0.11682391
v 0.02330181 0.03812297 -0.11358365
v 0.02330181 0.04895683 -0.10923031
v 0.02330181 0.05929600 -0.10386285
v 0.02330181 0.06909101 -0.09750599
v 0.02330181 0.07819345 -0.09020919
v 0.02330181 0.08655383 -0.08204669
v 0.02330181 0.09404849 -0.07311741
v 0.02330181 0.10065272 -0.06349555
v 0.02330181 0.10629227 -0.05328006
v 0.02330181 0.11086821 -0.04254512
v 0.02330181 0.11440531 -0.03141443
v 0.02330181 0.11680460 -0.02001166
v 0.02330181 0.11809081 -0.00841100
v 0.02330181 0.11823923 0.00326385
v 0.02330181 0.11722509 0.01488924
v 0.02330181 0.11509789 0.02636622
v 0.02330181 0.11183290 0.03757112
v 0.02330181 0.10750429 0.04840498
v 0.02330181 0.10213684 0.05876890
v 0.02330181 0.09577997 0.06853917
v 0.02330181 0.08848317 0.07766634
v 0.02330181 0.08032068 0.08600199
v 0.02330181 0.07139140 0.09352139
v 0.02330181 0.06176954 0.10012560
v 0.02330181 0.05152931 0.10574042
v 0.02330181 0.04081910 0.11034110
v 0.02330181 0.02968841 0.11385346
v 0.02330181 0.01828564 0.11627748
v 0.02330181 0.00668499 0.11756370
v 0.02330181 -0.00498987 0.11768737
v 0.02330181 -0.01661526 0.11669798
v 0.02330181 -0.02809224 0.11454605
v 0.02330181 -0.03929714 0.11130578
v 0.02330181 -0.05013100 0.10697718
v 0.02330181 -0.06049492 0.10158498
v 0.02330181 -0.07026518 0.09522812
v 0.02330181 -0.07939235 0.08793134
v 0.02330181 -0.08772800 0.07976883
v 0.02330181 -0.09524741 0.07083955
v 0.02330181 -0.10185162 0.06121769
v 0.02330181 -0.10746644 0.05100219
v 0.02330181 -0.11206712 0.04026726
v 0.02330181 -0.11557947 0.02916130
v 0.02330181 -0.11800349 0.01773380
v 0.02330181 -0.11928971 0.00613314
vt 0.00000000 0.00000000
vt 0.00000000 0.00000000
vt 0.00000000 0.00000000
vt 0.00000000 0.00000000
vt 0.00000000 0.00000000
vt 0.00000000 0.00000000
vt 0.00000000 0.00000000
vt 0.00000000 0.00000000
vt 0.00000000 0.00000000
vt 0.00000000 0.00000000
vt 0.00000000 0.00000000
vt 0.00000000 0.00000000
vt 0.00000000 0.00000000
vt 0.00000000 0.00000000
vt 0.00000000 0.00000000
vt 0.00000000 0.00000000
vt 0.00000000 0.00000000
vt 0.00000000 0.00000000
vt 0.00000000 0.00000000
vt 0.00000000 0.00000000
vt 0.00000000 0.00000000
vt 0.00000000 0.00000000
vt 0.00000000 0.00000000
vt 0.00000000 0.00000000
vt 0.00000000 0.00000000
vt 0.00000000 0.00000000
vt 0.00000000 0.00000000
vt 0.00000000 0.00000000
vt 0.00000000 0.00000000
vt 0.00000000 0.00000000
vt 0.00000000 0.00000000
vt 0.00000000 0.00000000
vt 0.00000000 0.00000000
vt 0.00000000 0.00000000
vt 0.00000000 0.00000000
vt 0.00000000 0.00000000
vt 0.00000000 0.00000000
vt 0.00000000 0.00000000
vt 0.00000000 0.00000000
vt 0.00000000 0.00000000
vt 0.00000000 0.00000000
vt 0.00000000 0.00000000
vt 0.00000000 0.00000000
vt 0.00000000 0.00000000
vt 0.00000000 0.00000000
vt 0.00000000 0.00000000
vt 0.00000000 0.00000000
vt 0.00000000 0.00000000
vt 0.00000000 0.00000000
vt 0.00000000 0.00000000
vt 0.00000000 0.00000000
vt 0.00000000 0.00000000
vt 0.00000000 0.00000000
vt 0.00000000 0.00000000
vt 0.00000000 0.00000000
vt 0.00000000 0.00000000
vt 0.00000000 0.00000000
vt 0.00000000 0.00000000
vt 0.00000000 0.00000000
vt 0.00000000 0.00000000
vt 0.00000000 0.00000000
vt 0.00000000 0.00000000
vt 0.00000000 0.00000000
vt 0.00000000 0.00000000
vt 0.00000000 0.00000000
vt 0.00000000 0.00000000
vt 0.00000000 0.00000000
vt 0.00000000 0.00000000
vt 0.00000000 0.00000000
vt 0.00000000 0.00000000
vt 0.00000000 0.00000000
vt 0.00000000 0.00000000
vt 0.00000000 0.00000000
vt 0.00000000 0.00000000
vt 0.00000000 0.00000000
vt 0.00000000 0.00000000
vt 0.00000000 0.00000000
vt 0.00000000 0.00000000
vt 0.00000000 0.00000000
vt 0.00000000 0.00000000
vt 0.00000000 0.00000000
vt 0.00000000 0.00000000
vt 0.00000000 0.00000000
vt 0.00000000 0.00000000
vt 0.00000000 0.00000000
vt 0.00000000 0.00000000
vt 0.00000000 0.00000000
vt 0.00000000 0.00000000
vt 0.00000000 0.00000000
vt 0.00000000 0.00000000
vt 0.00000000 0.00000000
vt 0.00000000 0.00000000
vt 0.00000000 0.00000000
vt 0.00000000 0.00000000
vt 0.00000000 0.00000000
vt 0.00000000 0.00000000
vt 0.00000000 0.00000000
vt 0.00000000 0.00000000
vt 0.00000000 0.00000000
vt 0.00000000 0.00000000
vt 0.00000000 0.00000000
vt 0.00000000 0.00000000
vt 0.00000000 0.00000000
vt 0.00000000 0.00000000
vt 0.00000000 0.00000000
vt 0.00000000 0.00000000
vt 0.00000000 0.00000000
vt 0.00000000 0.00000000
vt 0.00000000 0.00000000
vt 0.00000000 0.00000000
vt 0.00000000 0.00000000
vt 0.00000000 0.00000000
vt 0.00000000 0.00000000
vt 0.00000000 0.00000000
vt 0.00000000 0.00000000
vt 0.00000000 0.00000000
vt 0.00000000 0.00000000
vt 0.00000000 0.00000000
vt 0.00000000 0.00000000
vt 0.00000000 0.00000000
vt 0.00000000 0.00000000
vt 0.00000000 0.00000000
vt 0.00000000 0.00000000
vt 0.00000000 0.00000000
vt 0.00000000 0.00000000
vt 0.00000000 0.00000000
vt 0.00000000 0.00000000
vt 0.00000000 0.00000000
vt 0.00000000 0.00000000
vt 0.00000000 0.00000000
vt 0.00000000 0.00000000
vt 0.00000000 0.00000000
vt 0.00000000 0.00000000
vt 0.00000000 0.00000000
vt 0.00000000 0.00000000
vt 0.00000000 0.00000000
vt 0.00000000 0.00000000
vt 0.00000000 0.00000000
vt 0.00000000 0.00000000
vt 0.00000000 0.00000000
vt 0.00000000 0.00000000
vt 0.00000000 0.00000000
vt 0.00000000 0.00000000
vt 0.00000000 0.00000000
vt 0.00000000 0.00000000
vt 0.00000000 0.00000000
vt 0.00000000 0.00000000
vt 0.00000000 0.00000000
vt 0.00000000 0.00000000
vt 0.00000000 0.00000000
vt 0.00000000 0.00000000
vt 0.00000000 0.00000000
vt 0.00000000 0.00000000
vt 0.00000000 0.00000000
vt 0.00000000 0.00000000
vt 0.00000000 0.00000000
vt 0.00000000 0.00000000
vt 0.00000000 0.00000000
vt 0.00000000 0.00000000
vt 0.00000000 0.00000000
vt 0.00000000 0.00000000
vt 0.00000000 0.00000000
vt 0.00000000 0.00000000
vt 0.00000000 0.00000000
vt 0.00000000 0.00000000
vt 0.00000000 0.00000000
vt 0.00000000 0.00000000
vt 0.00000000 0.00000000
vt 0.00000000 0.00000000
vt 0.00000000 0.00000000
vt 0.00000000 0.00000000
vt 0.00000000 0.00000000
vt 0.00000000 0.00000000
vt 0.00000000 0.00000000
vt 0.00000000 0.00000000
vt 0.00000000 0.00000000
vt 0.00000000 0.00000000
vt 0.00000000 0.00000000
vt 0.00000000 0.00000000
vt 0.00000000 0.00000000
vt 0.00000000 0.00000000
vt 0.00000000 0.00000000
vt 0.00000000 0.00000000
vt 0.00000000 0.00000000
vt 0.00000000 0.00000000
vt 0.00000000 0.00000000
vt 0.00000000 0.00000000
vt 0.00000000 0.00000000
vt 0.00000000 0.00000000
vt 0.00000000 0.00000000
vt 0.00000000 0.00000000
vt 0.00000000 0.00000000
vt 0.00000000 0.00000000
vt 0.00000000 0.00000000
vt 0.00000000 0.00000000
vt 0.00000000 0.00000000
vt 0.00000000 0.00000000
vt 0.00000000 0.00000000
vt 0.00000000 0.00000000
vt 0.00000000 0.00000000
vt 0.00000000 0.00000000
vt 0.00000000 0.00000000
vt 0.00000000 0.00000000
vt 0.00000000 0.00000000
vt 0.00000000 0.00000000
vt 0.00000000 0.00000000
vt 0.00000000 0.00000000
vt 0.00000000 0.00000000
vt 0.00000000 0.00000000
vt 0.00000000 0.00000000
vt 0.00000000 0.00000000
vt 0.00000000 0.00000000
vt 0.00000000 0.00000000
vt 0.00000000 0.00000000
vt 0.00000000 0.00000000
vt 0.00000000 0.00000000
vt 0.00000000 0.00000000
vt 0.00000000 0.00000000
vt 0.00000000 0.00000000
vt 0.00000000 0.00000000
vt 0.00000000 0.00000000
vt 0.00000000 0.00000000
vt 0.00000000 0.00000000
vt 0.00000000 0.00000000
vt 0.00000000 0.00000000
vt 0.00000000 0.00000000
vt 0.00000000 0.00000000
vt 0.00000000 0.00000000
vt 0.00000000 0.00000000
vt 0.00000000 0.00000000
vt 0.00000000 0.00000000
vt 0.00000000 0.00000000
vt 0.00000000 0.00000000
vt 0.00000000 0.00000000
vt 0.00000000 0.00000000
vt 0.00000000 0.00000000
vt 0.00000000 0.00000000
vt 0.00000000 0.00000000
vt 0.00000000 0.00000000
vt 0.00000000 0.00000000
vt 0.00000000 0.00000000
vt 0.00000000 0.00000000
vt 0.00000000 0.00000000
vt 0.00000000 0.00000000
vt 0.00000000 0.00000000
vt 0.00000000 0.00000000
vt 0.00000000 0.00000000
vt 0.00000000 0.00000000
vt 0.00000000 0.00000000
vt 0.00000000 0.00000000
vt 0.00000000 0.00000000
vt 0.00000000 0.00000000
vt 0.00000000 0.00000000
vt 0.00000000 0.00000000
vt 0.00000000 0.00000000
vt 0.00000000 0.00000000
vt 0.00000000 0.00000000
vt 0.00000000 0.00000000
vt 0.00000000 0.00000000
vt 0.00000000 0.00000000
vt 0.00000000 0.00000000
vt 0.00000000 0.00000000
vt 0.00000000 0.00000000
vt 0.00000000 0.00000000
vt 0.00000000 0.00000000
vt 0.00000000 0.00000000
vt 0.00000000 0.00000000
vt 0.00000000 0.00000000
vt 0.00000000 0.00000000
vt 0.00000000 0.00000000
vt 0.00000000 0.00000000
vt 0.00000000 0.00000000
vt 0.00000000 0.00000000
vt 0.00000000 0.00000000
vt 0.00000000 0.00000000
vt 0.00000000 0.00000000
vt 0.00000000 0.00000000
vt 0.00000000 0.00000000
vt 0.00000000 0.00000000
vt 0.00000000 0.00000000
vt 0.00000000 0.00000000
vt 0.00000000 0.00000000
vt 0.00000000 0.00000000
vt 0.00000000 0.00000000
vt 0.00000000 0.00000000
vt 0.00000000 0.00000000
vt 0.00000000 0.00000000
vt 0.00000000 0.00000000
vt 0.00000000 0.00000000
vt 0.00000000 0.00000000
vt 0.00000000 0.00000000
vt 0.00000000 0.00000000
vt 0.00000000 0.00000000
vt 0.00000000 0.00000000
vt 0.00000000 0.00000000
vt 0.00000000 0.00000000
vt 0.00000000 0.00000000
vt 0.00000000 0.00000000
vt 0.00000000 0.00000000
vt 0.00000000 0.00000000
vt 0.00000000 0.00000000
vt 0.00000000 0.00000000
vt 0.00000000 0.00000000
vt 0.00000000 0.00000000
vt 0.00000000 0.00000000
vt 0.00000000 0.00000000
vt 0.00000000 0.00000000
vt 0.00000000 0.00000000
vt 0.00000000 0.00000000
vt 0.00000000 0.00000000
vt 0.00000000 0.00000000
vt 0.00000000 0.00000000
vt 0.00000000 0.00000000
vt 0.00000000 0.00000000
vt 0.00000000 0.00000000
vt 0.00000000 0.00000000
vt 0.00000000 0.00000000
vt 0.00000000 0.00000000
vt 0.00000000 0.00000000
vt 0.00000000 0.00000000
vt 0.00000000 0.00000000
vt 0.00000000 0.00000000
vt 0.00000000 0.00000000
vt 0.00000000 0.00000000
vt 0.00000000 0.00000000
vt 0.00000000 0.00000000
vt 0.00000000 0.00000000
vt 0.00000000 0.00000000
vt 0.00000000 0.00000000
vt 0.00000000 0.00000000
vt 0.00000000 0.00000000
vt 0.00000000 0.00000000
vt 0.00000000 0.00000000
vt 0.00000000 0.00000000
vt 0.00000000 0.00000000
vt 0.00000000 0.00000000
vt 0.00000000 0.00000000
vt 0.00000000 0.00000000
vt 0.00000000 0.00000000
vt 0.00000000 0.00000000
vt 0.00000000 0.00000000
vt 0.00000000 0.00000000
vt 0.00000000 0.00000000
vt 0.00000000 0.00000000
vt 0.00000000 0.00000000
vt 0.00000000 0.00000000
vt 0.00000000 0.00000000
vt 0.00000000 0.00000000
vt 0.00000000 0.00000000
vt 0.00000000 0.00000000
vt 0.00000000 0.00000000
vt 0.00000000 0.00000000
vt 0.00000000 0.00000000
vt 0.00000000 0.00000000
vt 0.00000000 0.00000000
vt 0.00000000 0.00000000
vt 0.00000000 0.00000000
vt 0.00000000 0.00000000
vt 0.00000000 0.00000000
vt 0.00000000 0.00000000
vt 0.00000000 0.00000000
vt 0.00000000 0.00000000
vt 0.00000000 0.00000000
vt 0.00000000 0.00000000
vt 0.00000000 0.00000000
vt 0.00000000 0.00000000
vt 0.00000000 0.00000000
vt 0.00000000 0.00000000
vt 0.00000000 0.00000000
vt 0.00000000 0.00000000
vt 0.00000000 0.00000000
vt 0.00000000 0.00000000
vt 0.00000000 0.00000000
vt 0.00000000 0.00000000
vt 0.00000000 0.00000000
vt 0.00000000 0.00000000
vt 0.00000000 0.00000000
vt 0.00000000 0.00000000
vt 0.00000000 0.00000000
vt 0.00000000 0.00000000
vt 0.00000000 0.00000000
vt 0.00000000 0.00000000
vt 0.00000000 0.00000000
vt 0.00000000 0.00000000
vt 0.00000000 0.00000000
vt 0.00000000 0.00000000
vt 0.00000000 0.00000000
vt 0.00000000 0.00000000
vt 0.00000000 0.00000000
vt 0.00000000 0.00000000
vt 0.00000000 0.00000000
vt 0.00000000 0.00000000
vt 0.00000000 0.00000000
vt 0.00000000 0.00000000
vt 0.00000000 0.00000000
vt 0.00000000 0.00000000
vt 0.00000000 0.00000000
vt 0.00000000 0.00000000
vt 0.00000000 0.00000000
vt 0.00000000 0.00000000
vt 0.00000000 0.00000000
vt 0.00000000 0.00000000
vt 0.00000000 0.00000000
vt 0.00000000 0.00000000
vt 0.00000000 0.00000000
vt 0.00000000 0.00000000
vt 0.00000000 0.00000000
vt 0.00000000 0.00000000
vt 0.00000000 0.00000000
vt 0.00000000 0.00000000
vt 0.00000000 0.00000000
vt 0.00000000 0.00000000
vt 0.00000000 0.00000000
vt 0.00000000 0.00000000
vt 0.00000000 0.00000000
vt 0.00000000 0.00000000
vt 0.00000000 0.00000000
vt 0.00000000 0.00000000
vt 0.00000000 0.00000000
vt 0.00000000 0.00000000
vt 0.00000000 0.00000000
vt 0.00000000 0.00000000
vt 0.00000000 0.00000000
vt 0.00000000 0.00000000
vt 0.00000000 0.00000000
vt 0.00000000 0.00000000
vt 0.00000000 0.00000000
vt 0.00000000 0.00000000
vt 0.00000000 0.00000000
vt 0.00000000 0.00000000
vt 0.00000000 0.00000000
vt 0.00000000 0.00000000
vt 0.00000000 0.00000000
vt 0.00000000 0.00000000
vt 0.00000000 0.00000000
vt 0.00000000 0.00000000
vt 0.00000000 0.00000000
vt 0.00000000 0.00000000
vt 0.00000000 0.00000000
vt 0.00000000 0.00000000
vt 0.00000000 0.00000000
vt 0.00000000 0.00000000
vt 0.00000000 0.00000000
vt 0.00000000 0.00000000
vt 0.00000000 0.00000000
vt 0.00000000 0.00000000
vt 0.00000000 0.00000000
vt 0.00000000 0.00000000
vt 0.00000000 0.00000000
vt 0.00000000 0.00000000
vt 0.00000000 0.00000000
vt 0.00000000 0.00000000
vt 0.00000000 0.00000000
vt 0.00000000 0.00000000
vt 0.00000000 0.00000000
vt 0.00000000 0.00000000
vt 0.00000000 0.00000000
vt 0.00000000 0.00000000
vt 0.00000000 0.00000000
vt 0.00000000 0.00000000
vt 0.00000000 0.00000000
vt 0.00000000 0.00000000
vt 0.00000000 0.00000000
vt 0.00000000 0.00000000
vt 0.00000000 0.00000000
vt 0.00000000 0.00000000
vt 0.00000000 0.00000000
vt 0.00000000 0.00000000
vt 0.00000000 0.00000000
vt 0.00000000 0.00000000
vt 0.00000000 0.00000000
vt 0.00000000 0.00000000
vt 0.00000000 0.00000000
vt 0.00000000 0.00000000
vt 0.00000000 0.00000000
vt 0.00000000 0.00000000
vt 0.00000000 0.00000000
vt 0.00000000 0.00000000
vt 0.00000000 0.00000000
vt 0.00000000 0.00000000
vt 0.00000000 0.00000000
vt 0.00000000 0.00000000
vt 0.00000000 0.00000000
vt 0.00000000 0.00000000
vt 0.00000000 0.00000000
vt 0.00000000 0.00000000
vt 0.00000000 0.00000000
vt 0.00000000 0.00000000
vt 0.00000000 0.00000000
vt 0.00000000 0.00000000
vt 0.00000000 0.00000000
vt 0.00000000 0.00000000
vt 0.00000000 0.00000000
vt 0.00000000 0.00000000
vt 0.00000000 0.00000000
vt 0.00000000 0.00000000
vt 0.00000000 0.00000000
vt 0.00000000 0.00000000
vt 0.00000000 0.00000000
vt 0.00000000 0.00000000
vt 0.00000000 0.00000000
vt 0.00000000 0.00000000
vt 0.00000000 0.00000000
vt 0.00000000 0.00000000
vt 0.00000000 0.00000000
vt 0.00000000 0.00000000
vt 0.00000000 0.00000000
vt 0.00000000 0.00000000
vt 0.00000000 0.00000000
vt 0.00000000 0.00000000
vt 0.00000000 0.00000000
vt 0.00000000 0.00000000
vt 0.00000000 0.00000000
vt 0.00000000 0.00000000
vt 0.00000000 0.00000000
vt 0.00000000 0.00000000
vt 0.00000000 0.00000000
vt 0.00000000 0.00000000
vt 0.00000000 0.00000000
vt 0.00000000 0.00000000
vt 0.00000000 0.00000000
vt 0.00000000 0.00000000
vt 0.00000000 0.00000000
vt 0.00000000 0.00000000
vt 0.00000000 0.00000000
vt 0.00000000 0.00000000
vt 0.00000000 0.00000000
vt 0.00000000 0.00000000
vt 0.00000000 0.00000000
vt 0.00000000 0.00000000
vt 0.00000000 0.00000000
vt 0.00000000 0.00000000
vt 0.00000000 0.00000000
vt 0.00000000 0.00000000
vt 0.00000000 0.00000000
vt 0.00000000 0.00000000
vt 0.00000000 0.00000000
vt 0.00000000 0.00000000
vt 0.00000000 0.00000000
vt 0.00000000 0.00000000
vt 0.00000000 0.00000000
vt 0.00000000 0.00000000
vt 0.00000000 0.00000000
vt 0.00000000 0.00000000
vt 0.00000000 0.00000000
vt 0.00000000 0.00000000
vt 0.00000000 0.00000000
vt 0.00000000 0.00000000
vt 0.00000000 0.00000000
vt 0.00000000 0.00000000
vt 0.00000000 0.00000000
vt 0.00000000 0.00000000
vt 0.00000000 0.00000000
vt 0.00000000 0.00000000
vt 0.00000000 0.00000000
vt 0.00000000 0.00000000
vt 0.00000000 0.00000000
vt 0.00000000 0.00000000
vt 0.00000000 0.00000000
vt 0.00000000 0.00000000
vt 0.00000000 0.00000000
vt 0.00000000 0.00000000
vt 0.00000000 0.00000000
vt 0.00000000 0.00000000
vt 0.00000000 0.00000000
vt 0.00000000 0.00000000
vt 0.00000000 0.00000000
vt 0.00000000 0.00000000
vt 0.00000000 0.00000000
vt 0.00000000 0.00000000
vt 0.00000000 0.00000000
vt 0.00000000 0.00000000
vt 0.00000000 0.00000000
vt 0.00000000 0.00000000
vt 0.00000000 0.00000000
vt 0.00000000 0.00000000
vt 0.00000000 0.00000000
vt 0.00000000 0.00000000
vt 0.00000000 0.00000000
vt 0.00000000 0.00000000
vt 0.00000000 0.00000000
vt 0.00000000 0.00000000
vt 0.00000000 0.00000000
vt 0.00000000 0.00000000
vt 0.00000000 0.00000000
vt 0.00000000 0.00000000
vt 0.00000000 0.00000000
vt 0.00000000 0.00000000
vt 0.00000000 0.00000000
vt 0.00000000 0.00000000
vt 0.00000000 0.00000000
vt 0.00000000 0.00000000
vt 0.00000000 0.00000000
vt 0.00000000 0.00000000
vt 0.00000000 0.00000000
vt 0.00000000 0.00000000
vt 0.00000000 0.00000000
vt 0.00000000 0.00000000
vt 0.00000000 0.00000000
vt 0.00000000 0.00000000
vt 0.00000000 0.00000000
vt 0.00000000 0.00000000
vt 0.00000000 0.00000000
vt 0.00000000 0.00000000
vt 0.00000000 0.00000000
vt 0.00000000 0.00000000
vt 0.00000000 0.00000000
vt 0.00000000 0.00000000
vt 0.00000000 0.00000000
vt 0.00000000 0.00000000
vt 0.00000000 0.00000000
vt 0.00000000 0.00000000
vt 0.00000000 0.00000000
vt 0.00000000 0.00000000
vt 0.00000000 0.00000000
vt 0.00000000 0.00000000
vt 0.00000000 0.00000000
vt 0.00000000 0.00000000
vt 0.00000000 0.00000000
vt 0.00000000 0.00000000
vt 0.00000000 0.00000000
vt 0.00000000 0.00000000
vt 0.00000000 0.00000000
vt 0.00000000 0.00000000
vt 0.00000000 0.00000000
vt 0.00000000 0.00000000
vt 0.00000000 0.00000000
vt 0.00000000 0.00000000
vt 0.00000000 0.00000000
vt 0.00000000 0.00000000
vt 0.00000000 0.00000000
vt 0.00000000 0.00000000
vt 0.00000000 0.00000000
vt 0.00000000 0.00000000
vt 0.00000000 0.00000000
vt 0.00000000 0.00000000
vt 0.00000000 0.00000000
vt 0.00000000 0.00000000
vt 0.00000000 0.00000000
vt 0.00000000 0.00000000
vt 0.00000000 0.00000000
vt 0.00000000 0.00000000
vt 0.00000000 0.00000000
vt 0.00000000 0.00000000
vt 0.00000000 0.00000000
vt 0.00000000 0.00000000
vt 0.00000000 0.00000000
vt 0.00000000 0.00000000
vt 0.00000000 0.00000000
vt 0.00000000 0.00000000
vt 0.00000000 0.00000000
vt 0.00000000 0.00000000
vt 0.00000000 0.00000000
vt 0.00000000 0.00000000
vt 0.00000000 0.00000000
vt 0.00000000 0.00000000
vt 0.00000000 0.00000000
vt 0.00000000 0.00000000
vt 0.00000000 0.00000000
vt 0.00000000 0.00000000
vt 0.00000000 0.00000000
vt 0.00000000 0.00000000
vt 0.00000000 0.00000000
vt 0.00000000 0.00000000
vt 0.00000000 0.00000000
vt 0.00000000 0.00000000
vt 0.00000000 0.00000000
vt 0.00000000 0.00000000
vt 0.00000000 0.00000000
vt 0.00000000 0.00000000
vt 0.00000000 0.00000000
vt 0.00000000 0.00000000
vt 0.00000000 0.00000000
vt 0.00000000 0.00000000
vt 0.00000000 0.00000000
vt 0.00000000 0.00000000
vt 0.00000000 0.00000000
vt 0.00000000 0.00000000
vt 0.00000000 0.00000000
vt 0.00000000 0.00000000
vt 0.00000000 0.00000000
vt 0.00000000 0.00000000
vt 0.00000000 0.00000000
vt 0.00000000 0.00000000
vt 0.00000000 0.00000000
vt 0.00000000 0.00000000
vt 0.00000000 0.00000000
vt 0.00000000 0.00000000
vt 0.00000000 0.00000000
vt 0.00000000 0.00000000
vt 0.00000000 0.00000000
vt 0.00000000 0.00000000
vt 0.00000000 0.00000000
vt 0.00000000 0.00000000
vt 0.00000000 0.00000000
vt 0.00000000 0.00000000
vt 0.00000000 0.00000000
vt 0.00000000 0.00000000
vt 0.00000000 0.00000000
vt 0.00000000 0.00000000
vt 0.00000000 0.00000000
vt 0.00000000 0.00000000
vt 0.00000000 0.00000000
vt 0.00000000 0.00000000
vt 0.00000000 0.00000000
vt 0.00000000 0.00000000
vt 0.00000000 0.00000000
vt 0.00000000 0.00000000
vt 0.00000000 0.00000000
vt 0.00000000 0.00000000
vt 0.00000000 0.00000000
vt 0.00000000 0.00000000
vt 0.00000000 0.00000000
vt 0.00000000 0.00000000
vt 0.00000000 0.00000000
vt 0.00000000 0.00000000
vt 0.00000000 0.00000000
vt 0.00000000 0.00000000
vt 0.00000000 0.00000000
vt 0.00000000 0.00000000
vt 0.00000000 0.00000000
vt 0.00000000 0.00000000
vt 0.00000000 0.00000000
vt 0.00000000 0.00000000
vt 0.00000000 0.00000000
vt 0.00000000 0.00000000
vt 0.00000000 0.00000000
vt 0.00000000 0.00000000
vt 0.00000000 0.00000000
vt 0.00000000 0.00000000
vt 0.00000000 0.00000000
vt 0.00000000 0.00000000
vt 0.00000000 0.00000000
vt 0.00000000 0.00000000
vt 0.00000000 0.00000000
vt 0.00000000 0.00000000
vt 0.00000000 0.00000000
vt 0.00000000 0.00000000
vt 0.00000000 0.00000000
vt 0.00000000 0.00000000
vt 0.00000000 0.00000000
vt 0.00000000 0.00000000
vt 0.00000000 0.00000000
vt 0.00000000 0.00000000
vt 0.00000000 0.00000000
vt 0.00000000 0.00000000
vt 0.00000000 0.00000000
vt 0.00000000 0.00000000
vt 0.00000000 0.00000000
vt 0.00000000 0.00000000
vt 0.00000000 0.00000000
vt 0.00000000 0.00000000
vt 0.00000000 0.00000000
vt 0.00000000 0.00000000
vt 0.00000000 0.00000000
vt 0.00000000 0.00000000
vt 0.00000000 0.00000000
vt 0.00000000 0.00000000
vt 0.00000000 0.00000000
vt 0.00000000 0.00000000
vt 0.00000000 0.00000000
vt 0.00000000 0.00000000
vt 0.00000000 0.00000000
vt 0.00000000 0.00000000
vt 0.00000000 0.00000000
vt 0.00000000 0.00000000
vt 0.00000000 0.00000000
vt 0.00000000 0.00000000
vt 0.00000000 0.00000000
vt 0.00000000 0.00000000
vt 0.00000000 0.00000000
vt 0.00000000 0.00000000
vt 0.00000000 0.00000000
vt 0.00000000 0.00000000
vt 0.00000000 0.00000000
vt 0.00000000 0.00000000
vt 0.00000000 0.00000000
vt 0.00000000 0.00000000
vt 0.00000000 0.00000000
vt 0.00000000 0.00000000
vt 0.00000000 0.00000000
vt 0.00000000 0.00000000
vt 0.00000000 0.00000000
vt 0.00000000 0.00000000
vt 0.00000000 0.00000000
vt 0.00000000 0.00000000
vt 0.00000000 0.00000000
vt 0.00000000 0.00000000
vt 0.00000000 0.00000000
vt 0.00000000 0.00000000
vt 0.00000000 0.00000000
vt 0.00000000 0.00000000
vt 0.00000000 0.00000000
vt 0.00000000 0.00000000
vt 0.00000000 0.00000000
vt 0.00000000 0.00000000
vt 0.00000000 0.00000000
vt 0.00000000 0.00000000
vt 0.00000000 0.00000000
vt 0.00000000 0.00000000
vt 0.00000000 0.00000000
vt 0.00000000 0.00000000
vt 0.00000000 0.00000000
vt 0.00000000 0.00000000
vt 0.00000000 0.00000000
vt 0.00000000 0.00000000
vt 0.00000000 0.00000000
vt 0.00000000 0.00000000
vt 0.00000000 0.00000000
vt 0.00000000 0.00000000
vt 0.00000000 0.00000000
vt 0.00000000 0.00000000
vt 0.00000000 0.00000000
vt 0.00000000 0.00000000
vt 0.00000000 0.00000000
vt 0.00000000 0.00000000
vt 0.00000000 0.00000000
vt 0.00000000 0.00000000
vt 0.00000000 0.00000000
vt 0.00000000 0.00000000
vt 0.00000000 0.00000000
vt 0.00000000 0.00000000
vt 0.00000000 0.00000000
vt 0.00000000 0.00000000
vt 0.00000000 0.00000000
vt 0.00000000 0.00000000
vt 0.00000000 0.00000000
vt 0.00000000 0.00000000
vt 0.00000000 0.00000000
vt 0.00000000 0.00000000
vt 0.00000000 0.00000000
vt 0.00000000 0.00000000
vt 0.00000000 0.00000000
vt 0.00000000 0.00000000
vt 0.00000000 0.00000000
vt 0.00000000 0.00000000
vt 0.00000000 0.00000000
vt 0.00000000 0.00000000
vt 0.00000000 0.00000000
vt 0.00000000 0.00000000
vt 0.00000000 0.00000000
vt 0.00000000 0.00000000
vt 0.00000000 0.00000000
vt 0.00000000 0.00000000
vt 0.00000000 0.00000000
vt 0.00000000 0.00000000
vt 0.00000000 0.00000000
vt 0.00000000 0.00000000
vt 0.00000000 0.00000000
vt 0.00000000 0.00000000
vt 0.00000000 0.00000000
vt 0.00000000 0.00000000
vt 0.00000000 0.00000000
vt 0.00000000 0.00000000
vt 0.00000000 0.00000000
vt 0.00000000 0.00000000
vt 0.00000000 0.00000000
vt 0.00000000 0.00000000
vt 0.00000000 0.00000000
vt 0.00000000 0.00000000
vt 0.00000000 0.00000000
vt 0.00000000 0.00000000
vt 0.00000000 0.00000000
vt 0.00000000 0.00000000
vt 0.00000000 0.00000000
vt 0.00000000 0.00000000
vt 0.00000000 0.00000000
vt 0.00000000 0.00000000
vt 0.00000000 0.00000000
vt 0.00000000 0.00000000
vt 0.00000000 0.00000000
vt 0.00000000 0.00000000
vt 0.00000000 0.00000000
vt 0.00000000 0.00000000
vt 0.00000000 0.00000000
vt 0.00000000 0.00000000
vt 0.00000000 0.00000000
vt 0.00000000 0.00000000
vt 0.00000000 0.00000000
vt 0.00000000 0.00000000
vt 0.00000000 0.00000000
vt 0.00000000 0.00000000
vt 0.00000000 0.00000000
vt 0.00000000 0.00000000
vt 0.00000000 0.00000000
vt 0.00000000 0.00000000
vt 0.00000000 0.00000000
vt 0.00000000 0.00000000
vt 0.00000000 0.00000000
vt 0.00000000 0.00000000
vt 0.00000000 0.00000000
vt 0.00000000 0.00000000
vt 0.00000000 0.00000000
vt 0.00000000 0.00000000
vt 0.00000000 0.00000000
vt 0.00000000 0.00000000
vt 0.00000000 0.00000000
vt 0.00000000 0.00000000
vt 0.00000000 0.00000000
vt 0.00000000 0.00000000
vt 0.00000000 0.00000000
vt 0.00000000 0.00000000
vt 0.00000000 0.00000000
vt 0.00000000 0.00000000
vt 0.00000000 0.00000000
vt 0.00000000 0.00000000
vt 0.00000000 0.00000000
vt 0.00000000 0.00000000
vt 0.00000000 0.00000000
vt 0.00000000 0.00000000
vt 0.00000000 0.00000000
vt 0.00000000 0.00000000
vt 0.00000000 0.00000000
vt 0.00000000 0.00000000
vt 0.00000000 0.00000000
vt 0.00000000 0.00000000
vt 0.00000000 0.00000000
vt 0.00000000 0.00000000
vt 0.00000000 0.00000000
vt 0.00000000 0.00000000
vt 0.00000000 0.00000000
vt 0.00000000 0.00000000
vt 0.00000000 0.00000000
vt 0.00000000 0.00000000
vt 0.00000000 0.00000000
vt 0.00000000 0.00000000
vt 0.00000000 0.00000000
vt 0.00000000 0.00000000
vt 0.00000000 0.00000000
vt 0.00000000 0.00000000
vt 0.00000000 0.00000000
vt 0.00000000 0.00000000
vt 0.00000000 0.00000000
vt 0.00000000 0.00000000
vt 0.00000000 0.00000000
vt 0.00000000 0.00000000
vt 0.00000000 0.00000000
vt 0.00000000 0.00000000
vt 0.00000000 0.00000000
vt 0.00000000 0.00000000
vt 0.00000000 0.00000000
vt 0.00000000 0.00000000
vt 0.00000000 0.00000000
vt 0.00000000 0.00000000
vt 0.00000000 0.00000000
vt 0.00000000 0.00000000
vt 0.00000000 0.00000000
vt 0.00000000 0.00000000
vt 0.00000000 0.00000000
vt 0.00000000 0.00000000
vt 0.00000000 0.00000000
vt 0.00000000 0.00000000
vt 0.00000000 0.00000000
vt 0.00000000 0.00000000
vt 0.00000000 0.00000000
vt 0.00000000 0.00000000
vt 0.00000000 0.00000000
vt 0.00000000 0.00000000
vt 0.00000000 0.00000000
vt 0.00000000 0.00000000
vt 0.00000000 0.00000000
vt 0.00000000 0.00000000
vt 0.00000000 0.00000000
vt 0.00000000 0.00000000
vt 0.00000000 0.00000000
vt 0.00000000 0.00000000
vt 0.00000000 0.00000000
vt 0.00000000 0.00000000
vt 0.00000000 0.00000000
vt 0.00000000 0.00000000
vt 0.00000000 0.00000000
vt 0.00000000 0.00000000
vt 0.00000000 0.00000000
vt 0.00000000 0.00000000
vt 0.00000000 0.00000000
vt 0.00000000 0.00000000
vt 0.00000000 0.00000000
vt 0.00000000 0.00000000
vt 0.00000000 0.00000000
vt 0.00000000 0.00000000
vt 0.00000000 0.00000000
vt 0.00000000 0.00000000
vt 0.00000000 0.00000000
vt 0.00000000 0.00000000
vt 0.00000000 0.00000000
vt 0.00000000 0.00000000
vt 0.00000000 0.00000000
vt 0.00000000 0.00000000
vt 0.00000000 0.00000000
vt 0.00000000 0.00000000
vt 0.00000000 0.00000000
vt 0.00000000 0.00000000
vt 0.00000000 0.00000000
vt 0.00000000 0.00000000
vt 0.00000000 0.00000000
vt 0.00000000 0.00000000
vt 0.00000000 0.00000000
vt 0.00000000 0.00000000
vt 0.00000000 0.00000000
vt 0.00000000 0.00000000
vt 0.00000000 0.00000000
vt 0.00000000 0.00000000
vt 0.00000000 0.00000000
vt 0.00000000 0.00000000
vt 0.00000000 0.00000000
vt 0.00000000 0.00000000
vt 0.00000000 0.00000000
vt 0.00000000 0.00000000
vt 0.00000000 0.00000000
vt 0.00000000 0.00000000
vt 0.00000000 0.00000000
vt 0.00000000 0.00000000
vt 0.00000000 0.00000000
vt 0.00000000 0.00000000
vt 0.00000000 0.00000000
vt 0.00000000 0.00000000
vt 0.00000000 0.00000000
vt 0.00000000 0.00000000
vt 0.00000000 0.00000000
vt 0.00000000 0.00000000
vt 0.00000000 0.00000000
vt 0.00000000 0.00000000
vt 0.00000000 0.00000000
vt 0.00000000 0.00000000
vt 0.00000000 0.00000000
vt 0.00000000 0.00000000
vt 0.00000000 0.00000000
vt 0.00000000 0.00000000
vt 0.00000000 0.00000000
vt 0.00000000 0.00000000
vt 0.00000000 0.00000000
vt 0.00000000 0.00000000
vt 0.00000000 0.00000000
vt 0.00000000 0.00000000
vt 0.00000000 0.00000000
vt 0.00000000 0.00000000
vt 0.00000000 0.00000000
vt 0.00000000 0.00000000
vt 0.00000000 0.00000000
vt 0.00000000 0.00000000
vt 0.00000000 0.00000000
vt 0.00000000 0.00000000
vt 0.00000000 0.00000000
vt 0.00000000 0.00000000
vt 0.00000000 0.00000000
vt 0.00000000 0.00000000
vt 0.00000000 0.00000000
vt 0.00000000 0.00000000
vt 0.00000000 0.00000000
vt 0.00000000 0.00000000
vt 0.00000000 0.00000000
vt 0.00000000 0.00000000
vt 0.00000000 0.00000000
vt 0.00000000 0.00000000
vt 0.00000000 0.00000000
vt 0.00000000 0.00000000
vt 0.00000000 0.00000000
vt 0.00000000 0.00000000
vt 0.00000000 0.00000000
vt 0.00000000 0.00000000
vt 0.00000000 0.00000000
vt 0.00000000 0.00000000
vt 0.00000000 0.00000000
vt 0.00000000 0.00000000
vt 0.00000000 0.00000000
vt 0.00000000 0.00000000
vt 0.00000000 0.00000000
vt 0.00000000 0.00000000
vt 0.00000000 0.00000000
vt 0.00000000 0.00000000
vt 0.00000000 0.00000000
vt 0.00000000 0.00000000
vt 0.00000000 0.00000000
vt 0.00000000 0.00000000
vt 0.00000000 0.00000000
vt 0.00000000 0.00000000
vt 0.00000000 0.00000000
vt 0.00000000 0.00000000
vt 0.00000000 0.00000000
vt 0.00000000 0.00000000
vt 0.00000000 0.00000000
vt 0.00000000 0.00000000
vt 0.00000000 0.00000000
vt 0.00000000 0.00000000
vt 0.00000000 0.00000000
vt 0.00000000 0.00000000
vt 0.00000000 0.00000000
vt 0.00000000 0.00000000
vt 0.00000000 0.00000000
vt 0.00000000 0.00000000
vt 0.00000000 0.00000000
vt 0.00000000 0.00000000
vt 0.00000000 0.00000000
vt 0.00000000 0.00000000
vt 0.00000000 0.00000000
vt 0.00000000 0.00000000
vt 0.00000000 0.00000000
vt 0.00000000 0.00000000
vt 0.00000000 0.00000000
vt 0.00000000 0.00000000
vt 0.00000000 0.00000000
vt 0.00000000 0.00000000
vt 0.00000000 0.00000000
vt 0.00000000 0.00000000
vt 0.00000000 0.00000000
vt 0.00000000 0.00000000
vt 0.00000000 0.00000000
vt 0.00000000 0.00000000
vt 0.00000000 0.00000000
vt 0.00000000 0.00000000
vt 0.00000000 0.00000000
vt 0.00000000 0.00000000
vt 0.00000000 0.00000000
vt 0.00000000 0.00000000
vt 0.00000000 0.00000000
vt 0.00000000 0.00000000
vt 0.00000000 0.00000000
vt 0.00000000 0.00000000
vt 0.00000000 0.00000000
vt 0.00000000 0.00000000
vt 0.00000000 0.00000000
vt 0.00000000 0.00000000
vt 0.00000000 0.00000000
vt 0.00000000 0.00000000
vt 0.00000000 0.00000000
vt 0.00000000 0.00000000
vt 0.00000000 0.00000000
vt 0.00000000 0.00000000
vt 0.00000000 0.00000000
vt 0.00000000 0.00000000
vt 0.00000000 0.00000000
vt 0.00000000 0.00000000
vt 0.00000000 0.00000000
vt 0.00000000 0.00000000
vt 0.00000000 0.00000000
vt 0.00000000 0.00000000
vt 0.00000000 0.00000000
vt 0.00000000 0.00000000
vt 0.00000000 0.00000000
vt 0.00000000 0.00000000
vt 0.00000000 0.00000000
vt 0.00000000 0.00000000
vt 0.00000000 0.00000000
vt 0.00000000 0.00000000
vt 0.00000000 0.00000000
vt 0.00000000 0.00000000
vt 0.00000000 0.00000000
vt 0.00000000 0.00000000
vt 0.00000000 0.00000000
vt 0.00000000 0.00000000
vt 0.00000000 0.00000000
vt 0.00000000 0.00000000
vt 0.00000000 0.00000000
vt 0.00000000 0.00000000
vt 0.00000000 0.00000000
vt 0.00000000 0.00000000
vt 0.00000000 0.00000000
vt 0.00000000 0.00000000
vt 0.00000000 0.00000000
vt 0.00000000 0.00000000
vt 0.00000000 0.00000000
vt 0.00000000 0.00000000
vt 0.00000000 0.00000000
vt 0.00000000 0.00000000
vt 0.00000000 0.00000000
vt 0.00000000 0.00000000
vt 0.00000000 0.00000000
vt 0.00000000 0.00000000
vt 0.00000000 0.00000000
vt 0.00000000 0.00000000
vt 0.00000000 0.00000000
vt 0.00000000 0.00000000
vt 0.00000000 0.00000000
vt 0.00000000 0.00000000
vt 0.00000000 0.00000000
vt 0.00000000 0.00000000
vt 0.00000000 0.00000000
vt 0.00000000 0.00000000
vt 0.00000000 0.00000000
vt 0.00000000 0.00000000
vt 0.00000000 0.00000000
vt 0.00000000 0.00000000
vt 0.00000000 0.00000000
vt 0.00000000 0.00000000
vt 0.00000000 0.00000000
vt 0.00000000 0.00000000
vt 0.00000000 0.00000000
vt 0.00000000 0.00000000
vt 0.00000000 0.00000000
vt 0.00000000 0.00000000
vt 0.00000000 0.00000000
vt 0.00000000 0.00000000
vt 0.00000000 0.00000000
vt 0.00000000 0.00000000
vt 0.00000000 0.00000000
vt 0.00000000 0.00000000
vt 0.00000000 0.00000000
vt 0.00000000 0.00000000
vt 0.00000000 0.00000000
vt 0.00000000 0.00000000
vt 0.00000000 0.00000000
vt 0.00000000 0.00000000
vt 0.00000000 0.00000000
vt 0.00000000 0.00000000
vt 0.00000000 0.00000000
vt 0.00000000 0.00000000
vt 0.00000000 0.00000000
vt 0.00000000 0.00000000
vt 0.00000000 0.00000000
vt 0.00000000 0.00000000
vt 0.00000000 0.00000000
vt 0.00000000 0.00000000
vt 0.00000000 0.00000000
vt 0.00000000 0.00000000
vt 0.00000000 0.00000000
vt 0.00000000 0.00000000
vt 0.00000000 0.00000000
vt 0.00000000 0.00000000
vt 0.00000000 0.00000000
vt 0.00000000 0.00000000
vt 0.00000000 0.00000000
vt 0.00000000 0.00000000
vt 0.00000000 0.00000000
vt 0.00000000 0.00000000
vt 0.00000000 0.00000000
vt 0.00000000 0.00000000
vt 0.00000000 0.00000000
vt 0.00000000 0.00000000
vt 0.00000000 0.00000000
vt 0.00000000 0.00000000
vt 0.00000000 0.00000000
vt 0.00000000 0.00000000
vt 0.00000000 0.00000000
vt 0.00000000 0.00000000
vt 0.00000000 0.00000000
vt 0.00000000 0.00000000
vt 0.00000000 0.00000000
vt 0.00000000 0.00000000
vt 0.00000000 0.00000000
vt 0.00000000 0.00000000
vt 0.00000000 0.00000000
vt 0.00000000 0.00000000
vt 0.00000000 0.00000000
vt 0.00000000 0.00000000
vt 0.00000000 0.00000000
vt 0.00000000 0.00000000
vt 0.00000000 0.00000000
vt 0.00000000 0.00000000
vt 0.00000000 0.00000000
vt 0.00000000 0.00000000
vt 0.00000000 0.00000000
vt 0.00000000 0.00000000
vt 0.00000000 0.00000000
vt 0.00000000 0.00000000
vt 0.00000000 0.00000000
vt 0.00000000 0.00000000
vt 0.00000000 0.00000000
vt 0.00000000 0.00000000
vt 0.00000000 0.00000000
vt 0.00000000 0.00000000
vt 0.00000000 0.00000000
vt 0.00000000 0.00000000
vt 0.00000000 0.00000000
vt 0.00000000 0.00000000
vt 0.00000000 0.00000000
vt 0.00000000 0.00000000
vt 0.00000000 0.00000000
vt 0.00000000 0.00000000
vt 0.00000000 0.00000000
vt 0.00000000 0.00000000
vt 0.00000000 0.00000000
vt 0.00000000 0.00000000
vt 0.00000000 0.00000000
vt 0.00000000 0.00000000
vt 0.00000000 0.00000000
vt 0.00000000 0.00000000
vt 0.00000000 0.00000000
vt 0.00000000 0.00000000
vt 0.00000000 0.00000000
vt 0.00000000 0.00000000
vt 0.00000000 0.00000000
vt 0.00000000 0.00000000
vt 0.00000000 0.00000000
vt 0.00000000 0.00000000
vt 0.00000000 0.00000000
vt 0.00000000 0.00000000
vt 0.00000000 0.00000000
vt 0.00000000 0.00000000
vt 0.00000000 0.00000000
vt 0.00000000 0.00000000
vt 0.00000000 0.00000000
vt 0.00000000 0.00000000
vt 0.00000000 0.00000000
vt 0.00000000 0.00000000
vt 0.00000000 0.00000000
vt 0.00000000 0.00000000
vt 0.00000000 0.00000000
vt 0.00000000 0.00000000
vt 0.00000000 0.00000000
vt 0.00000000 0.00000000
vt 0.00000000 0.00000000
vt 0.00000000 0.00000000
vt 0.00000000 0.00000000
vt 0.00000000 0.00000000
vt 0.00000000 0.00000000
vt 0.00000000 0.00000000
vt 0.00000000 0.00000000
vt 0.00000000 0.00000000
vt 0.00000000 0.00000000
vt 0.00000000 0.00000000
vt 0.00000000 0.00000000
vt 0.00000000 0.00000000
vt 0.00000000 0.00000000
vt 0.00000000 0.00000000
vt 0.00000000 0.00000000
vt 0.00000000 0.00000000
vt 0.00000000 0.00000000
vt 0.00000000 0.00000000
vt 0.00000000 0.00000000
vt 0.00000000 0.00000000
vt 0.00000000 0.00000000
vt 0.00000000 0.00000000
vt 0.00000000 0.00000000
vt 0.00000000 0.00000000
vt 0.00000000 0.00000000
vt 0.00000000 0.00000000
vt 0.00000000 0.00000000
vt 0.00000000 0.00000000
vt 0.00000000 0.00000000
vt 0.00000000 0.00000000
vt 0.00000000 0.00000000
vt 0.00000000 0.00000000
vt 0.00000000 0.00000000
vt 0.00000000 0.00000000
vt 0.00000000 0.00000000
vt 0.00000000 0.00000000
vt 0.00000000 0.00000000
vt 0.00000000 0.00000000
vt 0.00000000 0.00000000
vt 0.00000000 0.00000000
vt 0.00000000 0.00000000
vt 0.00000000 0.00000000
vt 0.00000000 0.00000000
vt 0.00000000 0.00000000
vt 0.00000000 0.00000000
vt 0.00000000 0.00000000
vt 0.00000000 0.00000000
vt 0.00000000 0.00000000
vt 0.00000000 0.00000000
vt 0.00000000 0.00000000
vt 0.00000000 0.00000000
vt 0.00000000 0.00000000
vt 0.00000000 0.00000000
vt 0.00000000 0.00000000
vt 0.00000000 0.00000000
vt 0.00000000 0.00000000
vt 0.00000000 0.00000000
vt 0.00000000 0.00000000
vt 0.00000000 0.00000000
vt 0.00000000 0.00000000
vt 0.00000000 0.00000000
vt 0.00000000 0.00000000
vt 0.00000000 0.00000000
vt 0.00000000 0.00000000
vt 0.00000000 0.00000000
vt 0.00000000 0.00000000
vt 0.00000000 0.00000000
vt 0.00000000 0.00000000
vt 0.00000000 0.00000000
vt 0.00000000 0.00000000
vt 0.00000000 0.00000000
vt 0.00000000 0.00000000
vt 0.00000000 0.00000000
vt 0.00000000 0.00000000
vt 0.00000000 0.00000000
vt 0.00000000 0.00000000
vt 0.00000000 0.00000000
vt 0.00000000 0.00000000
vt 0.00000000 0.00000000
vt 0.00000000 0.00000000
vt 0.00000000 0.00000000
vt 0.00000000 0.00000000
vt 0.00000000 0.00000000
vt 0.00000000 0.00000000
vt 0.00000000 0.00000000
vt 0.00000000 0.00000000
vt 0.00000000 0.00000000
vt 0.00000000 0.00000000
vt 0.00000000 0.00000000
vt 0.00000000 0.00000000
vt 0.00000000 0.00000000
vt 0.00000000 0.00000000
vt 0.00000000 0.00000000
vt 0.00000000 0.00000000
vt 0.00000000 0.00000000
vt 0.00000000 0.00000000
vt 0.00000000 0.00000000
vt 0.00000000 0.00000000
vt 0.00000000 0.00000000
vt 0.00000000 0.00000000
vt 0.00000000 0.00000000
vt 0.00000000 0.00000000
vt 0.00000000 0.00000000
vt 0.00000000 0.00000000
vt 0.00000000 0.00000000
vt 0.00000000 0.00000000
vt 0.00000000 0.00000000
vt 0.00000000 0.00000000
vt 0.00000000 0.00000000
vt 0.00000000 0.00000000
vt 0.00000000 0.00000000
vt 0.00000000 0.00000000
vt 0.00000000 0.00000000
vt 0.00000000 0.00000000
vt 0.00000000 0.00000000
vt 0.00000000 0.00000000
vt 0.00000000 0.00000000
vt 0.00000000 0.00000000
vt 0.00000000 0.00000000
vt 0.00000000 0.00000000
vt 0.00000000 0.00000000
vt 0.00000000 0.00000000
vt 0.00000000 0.00000000
vt 0.00000000 0.00000000
vt 0.00000000 0.00000000
vt 0.00000000 0.00000000
vt 0.00000000 0.00000000
vt 0.00000000 0.00000000
vt 0.00000000 0.00000000
vt 0.00000000 0.00000000
vt 0.00000000 0.00000000
vt 0.00000000 0.00000000
vt 0.00000000 0.00000000
vt 0.00000000 0.00000000
vt 0.00000000 0.00000000
vt 0.00000000 0.00000000
vt 0.00000000 0.00000000
vt 0.00000000 0.00000000
vt 0.00000000 0.00000000
vt 0.00000000 0.00000000
vt 0.00000000 0.00000000
vt 0.00000000 0.00000000
vt 0.00000000 0.00000000
vt 0.00000000 0.00000000
vt 0.00000000 0.00000000
vt 0.00000000 0.00000000
vt 0.00000000 0.00000000
vt 0.00000000 0.00000000
vt 0.00000000 0.00000000
vt 0.00000000 0.00000000
vt 0.00000000 0.00000000
vt 0.00000000 0.00000000
vt 0.00000000 0.00000000
vt 0.00000000 0.00000000
vt 0.00000000 0.00000000
vt 0.00000000 0.00000000
vt 0.00000000 0.00000000
vt 0.00000000 0.00000000
vt 0.00000000 0.00000000
vt 0.00000000 0.00000000
vt 0.00000000 0.00000000
vt 0.00000000 0.00000000
vt 0.00000000 0.00000000
vt 0.00000000 0.00000000
vt 0.00000000 0.00000000
vt 0.00000000 0.00000000
vt 0.00000000 0.00000000
vt 0.00000000 0.00000000
vt 0.00000000 0.00000000
vt 0.00000000 0.00000000
vt 0.00000000 0.00000000
vt 0.00000000 0.00000000
vt 0.00000000 0.00000000
vt 0.00000000 0.00000000
vt 0.00000000 0.00000000
vt 0.00000000 0.00000000
vt 0.00000000 0.00000000
vt 0.00000000 0.00000000
vt 0.00000000 0.00000000
vt 0.00000000 0.00000000
vt 0.00000000 0.00000000
vt 0.00000000 0.00000000
vt 0.00000000 0.00000000
vt 0.00000000 0.00000000
vt 0.00000000 0.00000000
vt 0.00000000 0.00000000
vt 0.00000000 0.00000000
vt 0.00000000 0.00000000
vt 0.00000000 0.00000000
vt 0.00000000 0.00000000
vt 0.00000000 0.00000000
vt 0.00000000 0.00000000
vt 0.00000000 0.00000000
vt 0.00000000 0.00000000
vt 0.00000000 0.00000000
vt 0.00000000 0.00000000
vt 0.00000000 0.00000000
vt 0.00000000 0.00000000
vt 0.00000000 0.00000000
vt 0.00000000 0.00000000
vt 0.00000000 0.00000000
vt 0.00000000 0.00000000
vt 0.00000000 0.00000000
vt 0.00000000 0.00000000
vt 0.00000000 0.00000000
vt 0.00000000 0.00000000
vt 0.00000000 0.00000000
vt 0.00000000 0.00000000
vt 0.00000000 0.00000000
vt 0.00000000 0.00000000
vt 0.00000000 0.00000000
vt 0.00000000 0.00000000
vt 0.00000000 0.00000000
vt 0.00000000 0.00000000
vt 0.00000000 0.00000000
vt 0.00000000 0.00000000
vt 0.00000000 0.00000000
vt 0.00000000 0.00000000
vt 0.00000000 0.00000000
vt 0.00000000 0.00000000
vt 0.00000000 0.00000000
vt 0.00000000 0.00000000
vt 0.00000000 0.00000000
vt 0.00000000 0.00000000
vt 0.00000000 0.00000000
vt 0.00000000 0.00000000
vt 0.00000000 0.00000000
vt 0.00000000 0.00000000
vt 0.00000000 0.00000000
vt 0.00000000 0.00000000
vt 0.00000000 0.00000000
vt 0.00000000 0.00000000
vt 0.00000000 0.00000000
vt 0.00000000 0.00000000
vt 0.00000000 0.00000000
vt 0.00000000 0.00000000
vt 0.00000000 0.00000000
vt 0.00000000 0.00000000
vt 0.00000000 0.00000000
vt 0.00000000 0.00000000
vt 0.00000000 0.00000000
vt 0.00000000 0.00000000
vt 0.00000000 0.00000000
vt 0.00000000 0.00000000
vt 0.00000000 0.00000000
vt 0.00000000 0.00000000
vt 0.00000000 0.00000000
vt 0.00000000 0.00000000
vt 0.00000000 0.00000000
vt 0.00000000 0.00000000
vt 0.00000000 0.00000000
vt 0.00000000 0.00000000
vt 0.00000000 0.00000000
vt 0.00000000 0.00000000
vt 0.00000000 0.00000000
vt 0.00000000 0.00000000
vt 0.00000000 0.00000000
vt 0.00000000 0.00000000
vt 0.00000000 0.00000000
vt 0.00000000 0.00000000
vt 0.00000000 0.00000000
vt 0.00000000 0.00000000
vt 0.00000000 0.00000000
vt 0.00000000 0.00000000
vt 0.00000000 0.00000000
vt 0.00000000 0.00000000
vt 0.00000000 0.00000000
vt 0.00000000 0.00000000
vt 0.00000000 0.00000000
vt 0.00000000 0.00000000
vt 0.00000000 0.00000000
vt 0.00000000 0.00000000
vt 0.00000000 0.00000000
vt 0.00000000 0.00000000
vt 0.00000000 0.00000000
vt 0.00000000 0.00000000
vt 0.00000000 0.00000000
vt 0.00000000 0.00000000
vt 0.00000000 0.00000000
vt 0.00000000 0.00000000
vt 0.00000000 0.00000000
vt 0.00000000 0.00000000
vt 0.00000000 0.00000000
vt 0.00000000 0.00000000
vt 0.00000000 0.00000000
vt 0.00000000 0.00000000
vt 0.00000000 0.00000000
vt 0.00000000 0.00000000
vt 0.00000000 0.00000000
vt 0.00000000 0.00000000
vt 0.00000000 0.00000000
vt 0.00000000 0.00000000
vt 0.00000000 0.00000000
vt 0.00000000 0.00000000
vt 0.00000000 0.00000000
vt 0.00000000 0.00000000
vt 0.00000000 0.00000000
vt 0.00000000 0.00000000
vt 0.00000000 0.00000000
vt 0.00000000 0.00000000
vt 0.00000000 0.00000000
vt 0.00000000 0.00000000
vt 0.00000000 0.00000000
vt 0.00000000 0.00000000
vt 0.00000000 0.00000000
vt 0.00000000 0.00000000
vt 0.00000000 0.00000000
vt 0.00000000 0.00000000
vt 0.00000000 0.00000000
vt 0.00000000 0.00000000
vt 0.00000000 0.00000000
vt 0.00000000 0.00000000
vt 0.00000000 0.00000000
vt 0.00000000 0.00000000
vt 0.00000000 0.00000000
vt 0.00000000 0.00000000
vt 0.00000000 0.00000000
vt 0.00000000 0.00000000
vt 0.00000000 0.00000000
vt 0.00000000 0.00000000
vt 0.00000000 0.00000000
vt 0.00000000 0.00000000
vt 0.00000000 0.00000000
vt 0.00000000 0.00000000
vt 0.00000000 0.00000000
vt 0.00000000 0.00000000
vt 0.00000000 0.00000000
vt 0.00000000 0.00000000
vt 0.00000000 0.00000000
vt 0.00000000 0.00000000
vt 0.00000000 0.00000000
vt 0.00000000 0.00000000
vt 0.00000000 0.00000000
vt 0.00000000 0.00000000
vt 0.00000000 0.00000000
vt 0.00000000 0.00000000
vt 0.00000000 0.00000000
vt 0.00000000 0.00000000
vt 0.00000000 0.00000000
vt 0.00000000 0.00000000
vt 0.00000000 0.00000000
vt 0.00000000 0.00000000
vt 0.00000000 0.00000000
vt 0.00000000 0.00000000
vt 0.00000000 0.00000000
vt 0.00000000 0.00000000
vt 0.00000000 0.00000000
vt 0.00000000 0.00000000
vt 0.00000000 0.00000000
vt 0.00000000 0.00000000
vt 0.00000000 0.00000000
vt 0.00000000 0.00000000
vt 0.00000000 0.00000000
vt 0.00000000 0.00000000
vt 0.00000000 0.00000000
vt 0.00000000 0.00000000
vt 0.00000000 0.00000000
vt 0.00000000 0.00000000
vt 0.00000000 0.00000000
vt 0.00000000 0.00000000
vt 0.00000000 0.00000000
vt 0.00000000 0.00000000
vt 0.00000000 0.00000000
vt 0.00000000 0.00000000
vt 0.00000000 0.00000000
vt 0.00000000 0.00000000
vt 0.00000000 0.00000000
vt 0.00000000 0.00000000
vt 0.00000000 0.00000000
vt 0.00000000 0.00000000
vt 0.00000000 0.00000000
vt 0.00000000 0.00000000
vt 0.00000000 0.00000000
vt 0.00000000 0.00000000
vt 0.00000000 0.00000000
vt 0.00000000 0.00000000
vt 0.00000000 0.00000000
vt 0.00000000 0.00000000
vt 0.00000000 0.00000000
vt 0.00000000 0.00000000
vt 0.00000000 0.00000000
vt 0.00000000 0.00000000
vt 0.00000000 0.00000000
vt 0.00000000 0.00000000
vt 0.00000000 0.00000000
vt 0.00000000 0.00000000
vt 0.00000000 0.00000000
vt 0.00000000 0.00000000
vt 0.00000000 0.00000000
vt 0.00000000 0.00000000
vt 0.00000000 0.00000000
vt 0.00000000 0.00000000
vt 0.00000000 0.00000000
vt 0.00000000 0.00000000
vt 0.00000000 0.00000000
vt 0.00000000 0.00000000
vt 0.00000000 0.00000000
vt 0.00000000 0.00000000
vt 0.00000000 0.00000000
vt 0.00000000 0.00000000
vt 0.00000000 0.00000000
vt 0.00000000 0.00000000
vt 0.00000000 0.00000000
vt 0.00000000 0.00000000
vt 0.00000000 0.00000000
vt 0.00000000 0.00000000
vt 0.00000000 0.00000000
vt 0.00000000 0.00000000
vt 0.00000000 0.00000000
vt 0.00000000 0.00000000
vt 0.00000000 0.00000000
vt 0.00000000 0.00000000
vt 0.00000000 0.00000000
vt 0.00000000 0.00000000
vt 0.00000000 0.00000000
vt 0.00000000 0.00000000
vt 0.00000000 0.00000000
vt 0.00000000 0.00000000
vt 0.00000000 0.00000000
vt 0.00000000 0.00000000
vt 0.00000000 0.00000000
vt 0.00000000 0.00000000
vt 0.00000000 0.00000000
vt 0.00000000 0.00000000
vt 0.00000000 0.00000000
vt 0.00000000 0.00000000
vt 0.00000000 0.00000000
vt 0.00000000 0.00000000
vt 0.00000000 0.00000000
vt 0.00000000 0.00000000
vt 0.00000000 0.00000000
vt 0.00000000 0.00000000
vt 0.00000000 0.00000000
vt 0.00000000 0.00000000
vt 0.00000000 0.00000000
vt 0.00000000 0.00000000
vt 0.00000000 0.00000000
vt 0.00000000 0.00000000
vt 0.00000000 0.00000000
vt 0.00000000 0.00000000
vt 0.00000000 0.00000000
vt 0.00000000 0.00000000
vt 0.00000000 0.00000000
vt 0.00000000 0.00000000
vt 0.00000000 0.00000000
vt 0.00000000 0.00000000
vt 0.00000000 0.00000000
vt 0.00000000 0.00000000
vt 0.00000000 0.00000000
vt 0.00000000 0.00000000
vt 0.00000000 0.00000000
vt 0.00000000 0.00000000
vt 0.00000000 0.00000000
vt 0.00000000 0.00000000
vt 0.00000000 0.00000000
vt 0.00000000 0.00000000
vt 0.00000000 0.00000000
vt 0.00000000 0.00000000
vt 0.00000000 0.00000000
vt 0.00000000 0.00000000
vt 0.00000000 0.00000000
vt 0.00000000 0.00000000
vt 0.00000000 0.00000000
vt 0.00000000 0.00000000
vt 0.00000000 0.00000000
vt 0.00000000 0.00000000
vt 0.00000000 0.00000000
vt 0.00000000 0.00000000
vt 0.00000000 0.00000000
vt 0.00000000 0.00000000
vt 0.00000000 0.00000000
vt 0.00000000 0.00000000
vt 0.00000000 0.00000000
vt 0.00000000 0.00000000
vt 0.00000000 0.00000000
vt 0.00000000 0.00000000
vt 0.00000000 0.00000000
vt 0.00000000 0.00000000
vt 0.00000000 0.00000000
vt 0.00000000 0.00000000
vt 0.00000000 0.00000000
vt 0.00000000 0.00000000
vt 0.00000000 0.00000000
vt 0.00000000 0.00000000
vt 0.00000000 0.00000000
vt 0.00000000 0.00000000
vt 0.00000000 0.00000000
vt 0.00000000 0.00000000
vt 0.00000000 0.00000000
vt 0.00000000 0.00000000
vt 0.00000000 0.00000000
vt 0.00000000 0.00000000
vt 0.00000000 0.00000000
vt 0.00000000 0.00000000
vt 0.00000000 0.00000000
vt 0.00000000 0.00000000
vt 0.00000000 0.00000000
vt 0.00000000 0.00000000
vt 0.00000000 0.00000000
vt 0.00000000 0.00000000
vt 0.00000000 0.00000000
vt 0.00000000 0.00000000
vt 0.00000000 0.00000000
vt 0.00000000 0.00000000
vt 0.00000000 0.00000000
vt 0.00000000 0.00000000
vt 0.00000000 0.00000000
vt 0.00000000 0.00000000
vt 0.00000000 0.00000000
vt 0.00000000 0.00000000
vt 0.00000000 0.00000000
vt 0.00000000 0.00000000
vt 0.00000000 0.00000000
vt 0.00000000 0.00000000
vt 0.00000000 0.00000000
vt 0.00000000 0.00000000
vt 0.00000000 0.00000000
vt 0.00000000 0.00000000
vt 0.00000000 0.00000000
vt 0.00000000 0.00000000
vt 0.00000000 0.00000000
vt 0.00000000 0.00000000
vt 0.00000000 0.00000000
vt 0.00000000 0.00000000
vt 0.00000000 0.00000000
vt 0.00000000 0.00000000
vt 0.00000000 0.00000000
vt 0.00000000 0.00000000
vt 0.00000000 0.00000000
vt 0.00000000 0.00000000
vt 0.00000000 0.00000000
vt 0.00000000 0.00000000
vt 0.00000000 0.00000000
vt 0.00000000 0.00000000
vt 0.00000000 0.00000000
vt 0.00000000 0.00000000
vt 0.00000000 0.00000000
vt 0.00000000 0.00000000
vt 0.00000000 0.00000000
vt 0.00000000 0.00000000
vt 0.00000000 0.00000000
vt 0.00000000 0.00000000
vt 0.00000000 0.00000000
vt 0.00000000 0.00000000
vt 0.00000000 0.00000000
vt 0.00000000 0.00000000
vt 0.00000000 0.00000000
vt 0.00000000 0.00000000
vt 0.00000000 0.00000000
vt 0.00000000 0.00000000
vt 0.00000000 0.00000000
vt 0.00000000 0.00000000
vt 0.00000000 0.00000000
vt 0.00000000 0.00000000
vt 0.00000000 0.00000000
vt 0.00000000 0.00000000
vt 0.00000000 0.00000000
vt 0.00000000 0.00000000
vt 0.00000000 0.00000000
vt 0.00000000 0.00000000
vt 0.00000000 0.00000000
vt 0.00000000 0.00000000
vt 0.00000000 0.00000000
vt 0.00000000 0.00000000
vt 0.00000000 0.00000000
vt 0.00000000 0.00000000
vt 0.00000000 0.00000000
vt 0.00000000 0.00000000
vt 0.00000000 0.00000000
vt 0.00000000 0.00000000
vt 0.00000000 0.00000000
vt 0.00000000 0.00000000
vt 0.00000000 0.00000000
vt 0.00000000 0.00000000
vt 0.00000000 0.00000000
vt 0.00000000 0.00000000
vt 0.00000000 0.00000000
vt 0.00000000 0.00000000
vt 0.00000000 0.00000000
vt 0.00000000 0.00000000
vt 0.00000000 0.00000000
vt 0.00000000 0.00000000
vt 0.00000000 0.00000000
vt 0.00000000 0.00000000
vt 0.00000000 0.00000000
vt 0.00000000 0.00000000
vt 0.00000000 0.00000000
vt 0.00000000 0.00000000
vt 0.00000000 0.00000000
vt 0.00000000 0.00000000
vt 0.00000000 0.00000000
vt 0.00000000 0.00000000
vt 0.00000000 0.00000000
vt 0.00000000 0.00000000
vt 0.00000000 0.00000000
vt 0.00000000 0.00000000
vt 0.00000000 0.00000000
vt 0.00000000 0.00000000
vt 0.00000000 0.00000000
vt 0.00000000 0.00000000
vt 0.00000000 0.00000000
vt 0.00000000 0.00000000
vt 0.00000000 0.00000000
vt 0.00000000 0.00000000
vt 0.00000000 0.00000000
vt 0.00000000 0.00000000
vt 0.00000000 0.00000000
vt 0.00000000 0.00000000
vt 0.00000000 0.00000000
vt 0.00000000 0.00000000
vt 0.00000000 0.00000000
vt 0.00000000 0.00000000
vt 0.00000000 0.00000000
vt 0.00000000 0.00000000
vt 0.00000000 0.00000000
vt 0.00000000 0.00000000
vt 0.00000000 0.00000000
vt 0.00000000 0.00000000
vt 0.00000000 0.00000000
vt 0.00000000 0.00000000
vt 0.00000000 0.00000000
vt 0.00000000 0.00000000
vt 0.00000000 0.00000000
vt 0.00000000 0.00000000
vt 0.00000000 0.00000000
vt 0.00000000 0.00000000
vt 0.00000000 0.00000000
vt 0.00000000 0.00000000
vt 0.00000000 0.00000000
vt 0.00000000 0.00000000
vt 0.00000000 0.00000000
vt 0.00000000 0.00000000
vt 0.00000000 0.00000000
vt 0.00000000 0.00000000
vt 0.00000000 0.00000000
vt 0.00000000 0.00000000
vt 0.00000000 0.00000000
vt 0.00000000 0.00000000
vt 0.00000000 0.00000000
vt 0.00000000 0.00000000
vt 0.00000000 0.00000000
vt 0.00000000 0.00000000
vt 0.00000000 0.00000000
vt 0.00000000 0.00000000
vt 0.00000000 0.00000000
vt 0.00000000 0.00000000
vt 0.00000000 0.00000000
vt 0.00000000 0.00000000
vt 0.00000000 0.00000000
vt 0.00000000 0.00000000
vt 0.00000000 0.00000000
vt 0.00000000 0.00000000
vt 0.00000000 0.00000000
vt 0.00000000 0.00000000
vt 0.00000000 0.00000000
vt 0.00000000 0.00000000
vt 0.00000000 0.00000000
vt 0.00000000 0.00000000
vt 0.00000000 0.00000000
vt 0.00000000 0.00000000
vt 0.00000000 0.00000000
vt 0.00000000 0.00000000
vt 0.00000000 0.00000000
vt 0.00000000 0.00000000
vt 0.00000000 0.00000000
vt 0.00000000 0.00000000
vt 0.00000000 0.00000000
vt 0.00000000 0.00000000
vt 0.00000000 0.00000000
vt 0.00000000 0.00000000
vt 0.00000000 0.00000000
vt 0.00000000 0.00000000
vt 0.00000000 0.00000000
vt 0.00000000 0.00000000
vt 0.00000000 0.00000000
vt 0.00000000 0.00000000
vt 0.00000000 0.00000000
vt 0.00000000 0.00000000
vt 0.00000000 0.00000000
vt 0.00000000 0.00000000
vt 0.00000000 0.00000000
vt 0.00000000 0.00000000
vt 0.00000000 0.00000000
vt 0.00000000 0.00000000
vt 0.00000000 0.00000000
vt 0.00000000 0.00000000
vt 0.00000000 0.00000000
vt 0.00000000 0.00000000
vt 0.00000000 0.00000000
vt 0.00000000 0.00000000
vt 0.00000000 0.00000000
vt 0.00000000 0.00000000
vt 0.00000000 0.00000000
vt 0.00000000 0.00000000
vt 0.00000000 0.00000000
vt 0.00000000 0.00000000
vt 0.00000000 0.00000000
vt 0.00000000 0.00000000
vt 0.00000000 0.00000000
vt 0.00000000 0.00000000
vt 0.00000000 0.00000000
vt 0.00000000 0.00000000
vt 0.00000000 0.00000000
vt 0.00000000 0.00000000
vt 0.00000000 0.00000000
vt 0.00000000 0.00000000
vt 0.00000000 0.00000000
vt 0.00000000 0.00000000
vt 0.00000000 0.00000000
vt 0.00000000 0.00000000
vt 0.00000000 0.00000000
vt 0.00000000 0.00000000
vt 0.00000000 0.00000000
vt 0.00000000 0.00000000
vt 0.00000000 0.00000000
vt 0.00000000 0.00000000
vt 0.00000000 0.00000000
vt 0.00000000 0.00000000
vt 0.00000000 0.00000000
vt 0.00000000 0.00000000
vt 0.00000000 0.00000000
vt 0.00000000 0.00000000
vt 0.00000000 0.00000000
vt 0.00000000 0.00000000
vt 0.00000000 0.00000000
vt 0.00000000 0.00000000
vt 0.00000000 0.00000000
vt 0.00000000 0.00000000
vt 0.00000000 0.00000000
vt 0.00000000 0.00000000
vt 0.00000000 0.00000000
vt 0.00000000 0.00000000
vt 0.00000000 0.00000000
vt 0.00000000 0.00000000
vt 0.00000000 0.00000000
vt 0.00000000 0.00000000
vt 0.00000000 0.00000000
vt 0.00000000 0.00000000
vt 0.00000000 0.00000000
vt 0.00000000 0.00000000
vt 0.00000000 0.00000000
vt 0.00000000 0.00000000
vt 0.00000000 0.00000000
vt 0.00000000 0.00000000
vt 0.00000000 0.00000000
vt 0.00000000 0.00000000
vt 0.00000000 0.00000000
vt 0.00000000 0.00000000
vt 0.00000000 0.00000000
vt 0.00000000 0.00000000
vt 0.00000000 0.00000000
vt 0.00000000 0.00000000
vt 0.00000000 0.00000000
vt 0.00000000 0.00000000
vt 0.00000000 0.00000000
vt 0.00000000 0.00000000
vt 0.00000000 0.00000000
vt 0.00000000 0.00000000
vt 0.00000000 0.00000000
vt 0.00000000 0.00000000
vt 0.00000000 0.00000000
vt 0.00000000 0.00000000
vt 0.00000000 0.00000000
vt 0.00000000 0.00000000
vt 0.00000000 0.00000000
vt 0.00000000 0.00000000
vt 0.00000000 0.00000000
vt 0.00000000 0.00000000
vt 0.00000000 0.00000000
vt 0.00000000 0.00000000
vt 0.00000000 0.00000000
vt 0.00000000 0.00000000
vt 0.00000000 0.00000000
vt 0.00000000 0.00000000
vt 0.00000000 0.00000000
vt 0.00000000 0.00000000
vt 0.00000000 0.00000000
vt 0.00000000 0.00000000
vt 0.00000000 0.00000000
vt 0.00000000 0.00000000
vt 0.00000000 0.00000000
vt 0.00000000 0.00000000
vt 0.00000000 0.00000000
vt 0.00000000 0.00000000
vt 0.00000000 0.00000000
vt 0.00000000 0.00000000
vt 0.00000000 0.00000000
vt 0.00000000 0.00000000
vt 0.00000000 0.00000000
vt 0.00000000 0.00000000
vt 0.00000000 0.00000000
vt 0.00000000 0.00000000
vt 0.00000000 0.00000000
vt 0.00000000 0.00000000
vt 0.00000000 0.00000000
vt 0.00000000 0.00000000
vt 0.00000000 0.00000000
vt 0.00000000 0.00000000
vt 0.00000000 0.00000000
vt 0.00000000 0.00000000
vt 0.00000000 0.00000000
vt 0.00000000 0.00000000
vt 0.00000000 0.00000000
vt 0.00000000 0.00000000
vt 0.00000000 0.00000000
vt 0.00000000 0.00000000
vt 0.00000000 0.00000000
vt 0.00000000 0.00000000
vt 0.00000000 0.00000000
vt 0.00000000 0.00000000
vt 0.00000000 0.00000000
vt 0.00000000 0.00000000
vt 0.00000000 0.00000000
vt 0.00000000 0.00000000
vt 0.00000000 0.00000000
vt 0.00000000 0.00000000
vt 0.00000000 0.00000000
vt 0.00000000 0.00000000
vt 0.00000000 0.00000000
vt 0.00000000 0.00000000
vt 0.00000000 0.00000000
vt 0.00000000 0.00000000
vt 0.00000000 0.00000000
vt 0.00000000 0.00000000
vt 0.00000000 0.00000000
vt 0.00000000 0.00000000
vt 0.00000000 0.00000000
vt 0.00000000 0.00000000
vt 0.00000000 0.00000000
vt 0.00000000 0.00000000
vt 0.00000000 0.00000000
vt 0.00000000 0.00000000
vt 0.00000000 0.00000000
vt 0.00000000 0.00000000
vt 0.00000000 0.00000000
vt 0.00000000 0.00000000
vt 0.00000000 0.00000000
vt 0.00000000 0.00000000
vt 0.00000000 0.00000000
vt 0.00000000 0.00000000
vt 0.00000000 0.00000000
vt 0.00000000 0.00000000
vt 0.00000000 0.00000000
vt 0.00000000 0.00000000
vt 0.00000000 0.00000000
vt 0.00000000 0.00000000
vt 0.00000000 0.00000000
vt 0.00000000 0.00000000
vt 0.00000000 0.00000000
vt 0.00000000 0.00000000
vt 0.00000000 0.00000000
vt 0.00000000 0.00000000
vt 0.00000000 0.00000000
vt 0.00000000 0.00000000
vt 0.00000000 0.00000000
vt 0.00000000 0.00000000
vt 0.00000000 0.00000000
vt 0.00000000 0.00000000
vt 0.00000000 0.00000000
vt 0.00000000 0.00000000
vt 0.00000000 0.00000000
vt 0.00000000 0.00000000
vt 0.00000000 0.00000000
vt 0.00000000 0.00000000
vt 0.00000000 0.00000000
vt 0.00000000 0.00000000
vt 0.00000000 0.00000000
vt 0.00000000 0.00000000
vt 0.00000000 0.00000000
vt 0.00000000 0.00000000
vt 0.00000000 0.00000000
vt 0.00000000 0.00000000
vt 0.00000000 0.00000000
vt 0.00000000 0.00000000
vt 0.00000000 0.00000000
vt 0.00000000 0.00000000
vt 0.00000000 0.00000000
vt 0.00000000 0.00000000
vt 0.00000000 0.00000000
vt 0.00000000 0.00000000
vt 0.00000000 0.00000000
vt 0.00000000 0.00000000
vt 0.00000000 0.00000000
vt 0.00000000 0.00000000
vt 0.00000000 0.00000000
vt 0.00000000 0.00000000
vt 0.00000000 0.00000000
vt 0.00000000 0.00000000
vt 0.00000000 0.00000000
vt 0.00000000 0.00000000
vt 0.00000000 0.00000000
vt 0.00000000 0.00000000
vt 0.00000000 0.00000000
vt 0.00000000 0.00000000
vt 0.00000000 0.00000000
vt 0.00000000 0.00000000
vt 0.00000000 0.00000000
vt 0.00000000 0.00000000
vt 0.00000000 0.00000000
vt 0.00000000 0.00000000
vt 0.00000000 0.00000000
vt 0.00000000 0.00000000
vt 0.00000000 0.00000000
vt 0.00000000 0.00000000
vt 0.00000000 0.00000000
vt 0.00000000 0.00000000
vt 0.00000000 0.00000000
vt 0.00000000 0.00000000
vt 0.00000000 0.00000000
vt 0.00000000 0.00000000
vt 0.00000000 0.00000000
vt 0.00000000 0.00000000
vt 0.00000000 0.00000000
vt 0.00000000 0.00000000
vt 0.00000000 0.00000000
vt 0.00000000 0.00000000
vt 0.00000000 0.00000000
vt 0.00000000 0.00000000
vt 0.00000000 0.00000000
vt 0.00000000 0.00000000
vt 0.00000000 0.00000000
vt 0.00000000 0.00000000
vt 0.00000000 0.00000000
vt 0.00000000 0.00000000
vt 0.00000000 0.00000000
vt 0.00000000 0.00000000
vt 0.00000000 0.00000000
vt 0.00000000 0.00000000
vt 0.00000000 0.00000000
vt 0.00000000 0.00000000
vt 0.00000000 0.00000000
vt 0.00000000 0.00000000
vt 0.00000000 0.00000000
vt 0.00000000 0.00000000
vt 0.00000000 0.00000000
vt 0.00000000 0.00000000
vt 0.00000000 0.00000000
vt 0.00000000 0.00000000
vt 0.00000000 0.00000000
vt 0.00000000 0.00000000
vt 0.00000000 0.00000000
vt 0.00000000 0.00000000
vt 0.00000000 0.00000000
vt 0.00000000 0.00000000
vt 0.00000000 0.00000000
vt 0.00000000 0.00000000
vt 0.00000000 0.00000000
vt 0.00000000 0.00000000
vt 0.00000000 0.00000000
vt 0.00000000 0.00000000
vt 0.00000000 0.00000000
vt 0.00000000 0.00000000
vt 0.00000000 0.00000000
vt 0.00000000 0.00000000
vt 0.00000000 0.00000000
vt 0.00000000 0.00000000
vt 0.00000000 0.00000000
vt 0.00000000 0.00000000
vt 0.00000000 0.00000000
vt 0.00000000 0.00000000
vt 0.00000000 0.00000000
vt 0.00000000 0.00000000
vt 0.00000000 0.00000000
vt 0.00000000 0.00000000
vt 0.00000000 0.00000000
vt 0.00000000 0.00000000
vt 0.00000000 0.00000000
vt 0.00000000 0.00000000
vt 0.00000000 0.00000000
vt 0.00000000 0.00000000
vt 0.00000000 0.00000000
vt 0.00000000 0.00000000
vt 0.00000000 0.00000000
vt 0.00000000 0.00000000
vt 0.00000000 0.00000000
vt 0.00000000 0.00000000
vt 0.00000000 0.00000000
vt 0.00000000 0.00000000
vt 0.00000000 0.00000000
vt 0.00000000 0.00000000
vt 0.00000000 0.00000000
vt 0.00000000 0.00000000
vt 0.00000000 0.00000000
vt 0.00000000 0.00000000
vt 0.00000000 0.00000000
vt 0.00000000 0.00000000
vt 0.00000000 0.00000000
vt 0.00000000 0.00000000
vt 0.00000000 0.00000000
vt 0.00000000 0.00000000
vt 0.00000000 0.00000000
vt 0.00000000 0.00000000
vt 0.00000000 0.00000000
vt 0.00000000 0.00000000
vt 0.00000000 0.00000000
vt 0.00000000 0.00000000
vt 0.00000000 0.00000000
vt 0.00000000 0.00000000
vt 0.00000000 0.00000000
vt 0.00000000 0.00000000
vt 0.00000000 0.00000000
vt 0.00000000 0.00000000
vt 0.00000000 0.00000000
vt 0.00000000 0.00000000
vt 0.00000000 0.00000000
vt 0.00000000 0.00000000
vt 0.00000000 0.00000000
vt 0.00000000 0.00000000
vt 0.00000000 0.00000000
vt 0.00000000 0.00000000
vt 0.00000000 0.00000000
vt 0.00000000 0.00000000
vt 0.00000000 0.00000000
vt 0.00000000 0.00000000
vt 0.00000000 0.00000000
vt 0.00000000 0.00000000
vt 0.00000000 0.00000000
vt 0.00000000 0.00000000
vt 0.00000000 0.00000000
vt 0.00000000 0.00000000
vt 0.00000000 0.00000000
vt 0.00000000 0.00000000
vt 0.00000000 0.00000000
vt 0.00000000 0.00000000
vt 0.00000000 0.00000000
vt 0.00000000 0.00000000
vt 0.00000000 0.00000000
vt 0.00000000 0.00000000
vt 0.00000000 0.00000000
vt 0.00000000 0.00000000
vt 0.00000000 0.00000000
vt 0.00000000 0.00000000
vt 0.00000000 0.00000000
vt 0.00000000 0.00000000
vt 0.00000000 0.00000000
vt 0.00000000 0.00000000
vt 0.00000000 0.00000000
vt 0.00000000 0.00000000
vt 0.00000000 0.00000000
vt 0.00000000 0.00000000
vt 0.00000000 0.00000000
vt 0.00000000 0.00000000
vt 0.00000000 0.00000000
vt 0.00000000 0.00000000
vt 0.00000000 0.00000000
vt 0.00000000 0.00000000
vt 0.00000000 0.00000000
vt 0.00000000 0.00000000
vt 0.00000000 0.00000000
vt 0.00000000 0.00000000
vt 0.00000000 0.00000000
vt 0.00000000 0.00000000
vt 0.00000000 0.00000000
vt 0.00000000 0.00000000
vt 0.00000000 0.00000000
vt 0.00000000 0.00000000
vt 0.00000000 0.00000000
vt 0.00000000 0.00000000
vt 0.00000000 0.00000000
vt 0.00000000 0.00000000
vt 0.00000000 0.00000000
vt 0.00000000 0.00000000
vt 0.00000000 0.00000000
vt 0.00000000 0.00000000
vt 0.00000000 0.00000000
vt 0.00000000 0.00000000
vt 0.00000000 0.00000000
vt 0.00000000 0.00000000
vt 0.00000000 0.00000000
vt 0.00000000 0.00000000
vt 0.00000000 0.00000000
vt 0.00000000 0.00000000
vt 0.00000000 0.00000000
vt 0.00000000 0.00000000
vt 0.00000000 0.00000000
vt 0.00000000 0.00000000
vt 0.00000000 0.00000000
vt 0.00000000 0.00000000
vt 0.00000000 0.00000000
vt 0.00000000 0.00000000
vt 0.00000000 0.00000000
vt 0.00000000 0.00000000
vt 0.00000000 0.00000000
vt 0.00000000 0.00000000
vt 0.00000000 0.00000000
vt 0.00000000 0.00000000
vt 0.00000000 0.00000000
vt 0.00000000 0.00000000
vt 0.00000000 0.00000000
vt 0.00000000 0.00000000
vt 0.00000000 0.00000000
vt 0.00000000 0.00000000
vt 0.00000000 0.00000000
vt 0.00000000 0.00000000
vt 0.00000000 0.00000000
vt 0.00000000 0.00000000
vt 0.00000000 0.00000000
vt 0.00000000 0.00000000
vt 0.00000000 0.00000000
vt 0.00000000 0.00000000
vt 0.00000000 0.00000000
vt 0.00000000 0.00000000
vt 0.00000000 0.00000000
vt 0.00000000 0.00000000
vt 0.00000000 0.00000000
vt 0.00000000 0.00000000
vt 0.00000000 0.00000000
vt 0.00000000 0.00000000
vt 0.00000000 0.00000000
vt 0.00000000 0.00000000
vt 0.00000000 0.00000000
vt 0.00000000 0.00000000
vt 0.00000000 0.00000000
vt 0.00000000 0.00000000
vt 0.00000000 0.00000000
vt 0.00000000 0.00000000
vt 0.00000000 0.00000000
vt 0.00000000 0.00000000
vt 0.00000000 0.00000000
vt 0.00000000 0.00000000
vt 0.00000000 0.00000000
vt 0.00000000 0.00000000
vt 0.00000000 0.00000000
vt 0.00000000 0.00000000
vt 0.00000000 0.00000000
vt 0.00000000 0.00000000
vt 0.00000000 0.00000000
vt 0.00000000 0.00000000
vt 0.00000000 0.00000000
vt 0.00000000 0.00000000
vt 0.00000000 0.00000000
vt 0.00000000 0.00000000
vt 0.00000000 0.00000000
vt 0.00000000 0.00000000
vt 0.00000000 0.00000000
vt 0.00000000 0.00000000
vt 0.00000000 0.00000000
vt 0.00000000 0.00000000
vt 0.00000000 0.00000000
vt 0.00000000 0.00000000
vt 0.00000000 0.00000000
vt 0.00000000 0.00000000
vt 0.00000000 0.00000000
vt 0.00000000 0.00000000
vt 0.00000000 0.00000000
vt 0.00000000 0.00000000
vt 0.00000000 0.00000000
vt 0.00000000 0.00000000
vt 0.00000000 0.00000000
vt 0.00000000 0.00000000
vt 0.00000000 0.00000000
vt 0.00000000 0.00000000
vt 0.00000000 0.00000000
vt 0.00000000 0.00000000
vt 0.00000000 0.00000000
vt 0.00000000 0.00000000
vt 0.00000000 0.00000000
vt 0.00000000 0.00000000
vt 0.00000000 0.00000000
vt 0.00000000 0.00000000
vt 0.00000000 0.00000000
vt 0.00000000 0.00000000
vt 0.00000000 0.00000000
vt 0.00000000 0.00000000
vt 0.00000000 0.00000000
vt 0.00000000 0.00000000
vt 0.00000000 0.00000000
vt 0.00000000 0.00000000
vt 0.00000000 0.00000000
vt 0.00000000 0.00000000
vt 0.00000000 0.00000000
vt 0.00000000 0.00000000
vt 0.00000000 0.00000000
vt 0.00000000 0.00000000
vt 0.00000000 0.00000000
vt 0.00000000 0.00000000
vt 0.00000000 0.00000000
vt 0.00000000 0.00000000
vt 0.00000000 0.00000000
vt 0.00000000 0.00000000
vt 0.00000000 0.00000000
vt 0.00000000 0.00000000
vt 0.00000000 0.00000000
vt 0.00000000 0.00000000
vt 0.00000000 0.00000000
vt 0.00000000 0.00000000
vt 0.00000000 0.00000000
vt 0.00000000 0.00000000
vt 0.00000000 0.00000000
vt 0.00000000 0.00000000
vt 0.00000000 0.00000000
vt 0.00000000 0.00000000
vt 0.00000000 0.00000000
vt 0.00000000 0.00000000
vt 0.00000000 0.00000000
vt 0.00000000 0.00000000
vt 0.00000000 0.00000000
vt 0.00000000 0.00000000
vt 0.00000000 0.00000000
vt 0.00000000 0.00000000
vt 0.00000000 0.00000000
vt 0.00000000 0.00000000
vt 0.00000000 0.00000000
vt 0.00000000 0.00000000
vt 0.00000000 0.00000000
vt 0.00000000 0.00000000
vt 0.00000000 0.00000000
vt 0.00000000 0.00000000
vt 0.00000000 0.00000000
vt 0.00000000 0.00000000
vt 0.00000000 0.00000000
vt 0.00000000 0.00000000
vt 0.00000000 0.00000000
vt 0.00000000 0.00000000
vt 0.00000000 0.00000000
vt 0.00000000 0.00000000
vt 0.00000000 0.00000000
vt 0.00000000 0.00000000
vt 0.00000000 0.00000000
vt 0.00000000 0.00000000
vt 0.00000000 0.00000000
vt 0.00000000 0.00000000
vt 0.00000000 0.00000000
vt 0.00000000 0.00000000
vt 0.00000000 0.00000000
vt 0.00000000 0.00000000
vt 0.00000000 0.00000000
vt 0.00000000 0.00000000
vt 0.00000000 0.00000000
vt 0.00000000 0.00000000
vt 0.00000000 0.00000000
vt 0.00000000 0.00000000
vt 0.00000000 0.00000000
vt 0.00000000 0.00000000
vt 0.00000000 0.00000000
vt 0.00000000 0.00000000
vt 0.00000000 0.00000000
vt 0.00000000 0.00000000
vt 0.00000000 0.00000000
vt 0.00000000 0.00000000
vt 0.00000000 0.00000000
vt 0.00000000 0.00000000
vt 0.00000000 0.00000000
vt 0.00000000 0.00000000
vt 0.00000000 0.00000000
vt 0.00000000 0.00000000
vt 0.00000000 0.00000000
vt 0.00000000 0.00000000
vt 0.00000000 0.00000000
vt 0.00000000 0.00000000
vt 0.00000000 0.00000000
vt 0.00000000 0.00000000
vt 0.00000000 0.00000000
vt 0.00000000 0.00000000
vt 0.00000000 0.00000000
vt 0.00000000 0.00000000
vt 0.00000000 0.00000000
vt 0.00000000 0.00000000
vt 0.00000000 0.00000000
vt 0.00000000 0.00000000
vt 0.00000000 0.00000000
vt 0.00000000 0.00000000
vt 0.00000000 0.00000000
vt 0.00000000 0.00000000
vt 0.00000000 0.00000000
vt 0.00000000 0.00000000
vt 0.00000000 0.00000000
vt 0.00000000 0.00000000
vt 0.00000000 0.00000000
vt 0.00000000 0.00000000
vt 0.00000000 0.00000000
vt 0.00000000 0.00000000
vt 0.00000000 0.00000000
vt 0.00000000 0.00000000
vt 0.00000000 0.00000000
vt 0.00000000 0.00000000
vt 0.00000000 0.00000000
vt 0.00000000 0.00000000
vt 0.00000000 0.00000000
vt 0.00000000 0.00000000
vt 0.00000000 0.00000000
vt 0.00000000 0.00000000
vt 0.00000000 0.00000000
vt 0.00000000 0.00000000
vt 0.00000000 0.00000000
vt 0.00000000 0.00000000
vt 0.00000000 0.00000000
vt 0.00000000 0.00000000
vt 0.00000000 0.00000000
vt 0.00000000 0.00000000
vt 0.00000000 0.00000000
vt 0.00000000 0.00000000
vt 0.00000000 0.00000000
vt 0.00000000 0.00000000
vt 0.00000000 0.00000000
vt 0.00000000 0.00000000
vt 0.00000000 0.00000000
vt 0.00000000 0.00000000
vt 0.00000000 0.00000000
vt 0.00000000 0.00000000
vt 0.00000000 0.00000000
vt 0.00000000 0.00000000
vt 0.00000000 0.00000000
vt 0.00000000 0.00000000
vt 0.00000000 0.00000000
vt 0.00000000 0.00000000
vt 0.00000000 0.00000000
vt 0.00000000 0.00000000
vt 0.00000000 0.00000000
vt 0.00000000 0.00000000
vt 0.00000000 0.00000000
vt 0.00000000 0.00000000
vt 0.00000000 0.00000000
vt 0.00000000 0.00000000
vt 0.00000000 0.00000000
vt 0.00000000 0.00000000
vt 0.00000000 0.00000000
vt 0.00000000 0.00000000
vt 0.00000000 0.00000000
vt 0.00000000 0.00000000
vt 0.00000000 0.00000000
vt 0.00000000 0.00000000
vt 0.00000000 0.00000000
vt 0.00000000 0.00000000
vt 0.00000000 0.00000000
vt 0.00000000 0.00000000
vt 0.00000000 0.00000000
vt 0.00000000 0.00000000
vt 0.00000000 0.00000000
vt 0.00000000 0.00000000
vt 0.00000000 0.00000000
vt 0.00000000 0.00000000
vt 0.00000000 0.00000000
vt 0.00000000 0.00000000
vt 0.00000000 0.00000000
vt 0.00000000 0.00000000
vt 0.00000000 0.00000000
vt 0.00000000 0.00000000
vt 0.00000000 0.00000000
vt 0.00000000 0.00000000
vt 0.00000000 0.00000000
vt 0.00000000 0.00000000
vt 0.00000000 0.00000000
vt 0.00000000 0.00000000
vt 0.00000000 0.00000000
vt 0.00000000 0.00000000
vt 0.00000000 0.00000000
vt 0.00000000 0.00000000
vt 0.00000000 0.00000000
vt 0.00000000 0.00000000
vt 0.00000000 0.00000000
vt 0.00000000 0.00000000
vt 0.00000000 0.00000000
vt 0.00000000 0.00000000
vt 0.00000000 0.00000000
vt 0.00000000 0.00000000
vt 0.00000000 0.00000000
vt 0.00000000 0.00000000
vt 0.00000000 0.00000000
vt 0.00000000 0.00000000
vt 0.00000000 0.00000000
vt 0.00000000 0.00000000
vt 0.00000000 0.00000000
vt 0.00000000 0.00000000
vt 0.00000000 0.00000000
vt 0.00000000 0.00000000
vt 0.00000000 0.00000000
vt 0.00000000 0.00000000
vt 0.00000000 0.00000000
vt 0.00000000 0.00000000
vt 0.00000000 0.00000000
vt 0.00000000 0.00000000
vt 0.00000000 0.00000000
vt 0.00000000 0.00000000
vt 0.00000000 0.00000000
vt 0.00000000 0.00000000
vt 0.00000000 0.00000000
vt 0.00000000 0.00000000
vt 0.00000000 0.00000000
vt 0.00000000 0.00000000
vt 0.00000000 0.00000000
vt 0.00000000 0.00000000
vt 0.00000000 0.00000000
vt 0.00000000 0.00000000
vt 0.00000000 0.00000000
vt 0.00000000 0.00000000
vt 0.00000000 0.00000000
vt 0.00000000 0.00000000
vt 0.00000000 0.00000000
vt 0.00000000 0.00000000
vt 0.00000000 0.00000000
vt 0.00000000 0.00000000
vt 0.00000000 0.00000000
vt 0.00000000 0.00000000
vt 0.00000000 0.00000000
vt 0.00000000 0.00000000
vt 0.00000000 0.00000000
vt 0.00000000 0.00000000
vt 0.00000000 0.00000000
vt 0.00000000 0.00000000
vt 0.00000000 0.00000000
vt 0.00000000 0.00000000
vt 0.00000000 0.00000000
vt 0.00000000 0.00000000
vt 0.00000000 0.00000000
vt 0.00000000 0.00000000
vt 0.00000000 0.00000000
vt 0.00000000 0.00000000
vt 0.00000000 0.00000000
vt 0.00000000 0.00000000
vt 0.00000000 0.00000000
vt 0.00000000 0.00000000
vt 0.00000000 0.00000000
vt 0.00000000 0.00000000
vt 0.00000000 0.00000000
vt 0.00000000 0.00000000
vt 0.00000000 0.00000000
vt 0.00000000 0.00000000
vt 0.00000000 0.00000000
vt 0.00000000 0.00000000
vt 0.00000000 0.00000000
vt 0.00000000 0.00000000
vt 0.00000000 0.00000000
vt 0.00000000 0.00000000
vt 0.00000000 0.00000000
vt 0.00000000 0.00000000
vt 0.00000000 0.00000000
vt 0.00000000 0.00000000
vt 0.00000000 0.00000000
vt 0.00000000 0.00000000
vt 0.00000000 0.00000000
vt 0.00000000 0.00000000
vt 0.00000000 0.00000000
vt 0.00000000 0.00000000
vt 0.00000000 0.00000000
vt 0.00000000 0.00000000
vt 0.00000000 0.00000000
vt 0.00000000 0.00000000
vt 0.00000000 0.00000000
vt 0.00000000 0.00000000
vt 0.00000000 0.00000000
vt 0.00000000 0.00000000
vt 0.00000000 0.00000000
vt 0.00000000 0.00000000
vt 0.00000000 0.00000000
vt 0.00000000 0.00000000
vt 0.00000000 0.00000000
vt 0.00000000 0.00000000
vt 0.00000000 0.00000000
vt 0.00000000 0.00000000
vt 0.00000000 0.00000000
vt 0.00000000 0.00000000
vt 0.00000000 0.00000000
vt 0.00000000 0.00000000
vt 0.00000000 0.00000000
vt 0.00000000 0.00000000
vt 0.00000000 0.00000000
vt 0.00000000 0.00000000
vt 0.00000000 0.00000000
vt 0.00000000 0.00000000
vt 0.00000000 0.00000000
vt 0.00000000 0.00000000
vt 0.00000000 0.00000000
vt 0.00000000 0.00000000
vt 0.00000000 0.00000000
vt 0.00000000 0.00000000
vt 0.00000000 0.00000000
vt 0.00000000 0.00000000
vt 0.00000000 0.00000000
vt 0.00000000 0.00000000
vt 0.00000000 0.00000000
vt 0.00000000 0.00000000
vt 0.00000000 0.00000000
vt 0.00000000 0.00000000
vt 0.00000000 0.00000000
vt 0.00000000 0.00000000
vt 0.00000000 0.00000000
vt 0.00000000 0.00000000
vt 0.00000000 0.00000000
vt 0.00000000 0.00000000
vt 0.00000000 0.00000000
vt 0.00000000 0.00000000
vt 0.00000000 0.00000000
vt 0.00000000 0.00000000
vt 0.00000000 0.00000000
vt 0.00000000 0.00000000
vt 0.00000000 0.00000000
vt 0.00000000 0.00000000
vt 0.00000000 0.00000000
vt 0.00000000 0.00000000
vt 0.00000000 0.00000000
vt 0.00000000 0.00000000
vt 0.00000000 0.00000000
vt 0.00000000 0.00000000
vt 0.00000000 0.00000000
vt 0.00000000 0.00000000
vt 0.00000000 0.00000000
vt 0.00000000 0.00000000
vt 0.00000000 0.00000000
vt 0.00000000 0.00000000
vt 0.00000000 0.00000000
vt 0.00000000 0.00000000
vt 0.00000000 0.00000000
vt 0.00000000 0.00000000
vt 0.00000000 0.00000000
vt 0.00000000 0.00000000
vt 0.00000000 0.00000000
vt 0.00000000 0.00000000
vt 0.00000000 0.00000000
vt 0.00000000 0.00000000
vt 0.00000000 0.00000000
vt 0.00000000 0.00000000
vt 0.00000000 0.00000000
vt 0.00000000 0.00000000
vt 0.00000000 0.00000000
vt 0.00000000 0.00000000
vt 0.00000000 0.00000000
vt 0.00000000 0.00000000
vt 0.00000000 0.00000000
vt 0.00000000 0.00000000
vt 0.00000000 0.00000000
vt 0.00000000 0.00000000
vt 0.00000000 0.00000000
vt 0.00000000 0.00000000
vt 0.00000000 0.00000000
vt 0.00000000 0.00000000
vt 0.00000000 0.00000000
vt 0.00000000 0.00000000
vt 0.00000000 0.00000000
vt 0.00000000 0.00000000
vt 0.00000000 0.00000000
vt 0.00000000 0.00000000
vt 0.00000000 0.00000000
vt 0.00000000 0.00000000
vt 0.00000000 0.00000000
vt 0.00000000 0.00000000
vt 0.00000000 0.00000000
vt 0.00000000 0.00000000
vt 0.00000000 0.00000000
vt 0.00000000 0.00000000
vt 0.00000000 0.00000000
vt 0.00000000 0.00000000
vt 0.00000000 0.00000000
vt 0.00000000 0.00000000
vt 0.00000000 0.00000000
vt 0.00000000 0.00000000
vt 0.00000000 0.00000000
vt 0.00000000 0.00000000
vt 0.00000000 0.00000000
vt 0.00000000 0.00000000
vt 0.00000000 0.00000000
vt 0.00000000 0.00000000
vt 0.00000000 0.00000000
vt 0.00000000 0.00000000
vt 0.00000000 0.00000000
vt 0.00000000 0.00000000
vt 0.00000000 0.00000000
vt 0.00000000 0.00000000
vt 0.00000000 0.00000000
vt 0.00000000 0.00000000
vt 0.00000000 0.00000000
vt 0.00000000 0.00000000
vt 0.00000000 0.00000000
vt 0.00000000 0.00000000
vt 0.00000000 0.00000000
vt 0.00000000 0.00000000
vt 0.00000000 0.00000000
vt 0.00000000 0.00000000
vt 0.00000000 0.00000000
vt 0.00000000 0.00000000
vt 0.00000000 0.00000000
vt 0.00000000 0.00000000
vt 0.00000000 0.00000000
vt 0.00000000 0.00000000
vt 0.00000000 0.00000000
vt 0.00000000 0.00000000
vt 0.00000000 0.00000000
vt 0.00000000 0.00000000
vt 0.00000000 0.00000000
vt 0.00000000 0.00000000
vt 0.00000000 0.00000000
vt 0.00000000 0.00000000
vt 0.00000000 0.00000000
vt 0.00000000 0.00000000
vt 0.00000000 0.00000000
vt 0.00000000 0.00000000
vt 0.00000000 0.00000000
vt 0.00000000 0.00000000
vt 0.00000000 0.00000000
vt 0.00000000 0.00000000
vt 0.00000000 0.00000000
vt 0.00000000 0.00000000
vt 0.00000000 0.00000000
vt 0.00000000 0.00000000
vt 0.00000000 0.00000000
vt 0.00000000 0.00000000
vt 0.00000000 0.00000000
vt 0.00000000 0.00000000
vt 0.00000000 0.00000000
vt 0.00000000 0.00000000
vt 0.00000000 0.00000000
vt 0.00000000 0.00000000
vt 0.00000000 0.00000000
vt 0.00000000 0.00000000
vt 0.00000000 0.00000000
vt 0.00000000 0.00000000
vt 0.00000000 0.00000000
vt 0.00000000 0.00000000
vt 0.00000000 0.00000000
vt 0.00000000 0.00000000
vt 0.00000000 0.00000000
vt 0.00000000 0.00000000
vt 0.00000000 0.00000000
vt 0.00000000 0.00000000
vt 0.00000000 0.00000000
vt 0.00000000 0.00000000
vt 0.00000000 0.00000000
vt 0.00000000 0.00000000
vt 0.00000000 0.00000000
vt 0.00000000 0.00000000
vt 0.00000000 0.00000000
vt 0.00000000 0.00000000
vt 0.00000000 0.00000000
vt 0.00000000 0.00000000
vt 0.00000000 0.00000000
vt 0.00000000 0.00000000
vt 0.00000000 0.00000000
vt 0.00000000 0.00000000
vt 0.00000000 0.00000000
vt 0.00000000 0.00000000
vt 0.00000000 0.00000000
vt 0.00000000 0.00000000
vt 0.00000000 0.00000000
vt 0.00000000 0.00000000
vt 0.00000000 0.00000000
vt 0.00000000 0.00000000
vt 0.00000000 0.00000000
vt 0.00000000 0.00000000
vt 0.00000000 0.00000000
vt 0.00000000 0.00000000
vt 0.00000000 0.00000000
vt 0.00000000 0.00000000
vt 0.00000000 0.00000000
vt 0.00000000 0.00000000
vt 0.00000000 0.00000000
vt 0.00000000 0.00000000
vt 0.00000000 0.00000000
vt 0.00000000 0.00000000
vt 0.00000000 0.00000000
vt 0.00000000 0.00000000
vt 0.00000000 0.00000000
vt 0.00000000 0.00000000
vt 0.00000000 0.00000000
vt 0.00000000 0.00000000
vt 0.00000000 0.00000000
vt 0.00000000 0.00000000
vt 0.00000000 0.00000000
vt 0.00000000 0.00000000
vt 0.00000000 0.00000000
vt 0.00000000 0.00000000
vt 0.00000000 0.00000000
vt 0.00000000 0.00000000
vt 0.00000000 0.00000000
vt 0.00000000 0.00000000
vt 0.00000000 0.00000000
vt 0.00000000 0.00000000
vt 0.00000000 0.00000000
vt 0.00000000 0.00000000
vt 0.00000000 0.00000000
vt 0.00000000 0.00000000
vt 0.00000000 0.00000000
vt 0.00000000 0.00000000
vt 0.00000000 0.00000000
vt 0.00000000 0.00000000
vt 0.00000000 0.00000000
vt 0.00000000 0.00000000
vt 0.00000000 0.00000000
vt 0.00000000 0.00000000
vt 0.00000000 0.00000000
vt 0.00000000 0.00000000
vt 0.00000000 0.00000000
vt 0.00000000 0.00000000
vt 0.00000000 0.00000000
vt 0.00000000 0.00000000
vt 0.00000000 0.00000000
vt 0.00000000 0.00000000
vt 0.00000000 0.00000000
vt 0.00000000 0.00000000
vt 0.00000000 0.00000000
vt 0.00000000 0.00000000
vt 0.00000000 0.00000000
vt 0.00000000 0.00000000
vt 0.00000000 0.00000000
vt 0.00000000 0.00000000
vt 0.00000000 0.00000000
vt 0.00000000 0.00000000
vt 0.00000000 0.00000000
vt 0.00000000 0.00000000
vt 0.00000000 0.00000000
vt 0.00000000 0.00000000
vt 0.00000000 0.00000000
vt 0.00000000 0.00000000
vt 0.00000000 0.00000000
vt 0.00000000 0.00000000
vt 0.00000000 0.00000000
vt 0.00000000 0.00000000
vt 0.00000000 0.00000000
vt 0.00000000 0.00000000
vt 0.00000000 0.00000000
vt 0.00000000 0.00000000
vt 0.00000000 0.00000000
vt 0.00000000 0.00000000
vt 0.00000000 0.00000000
vt 0.00000000 0.00000000
vt 0.00000000 0.00000000
vt 0.00000000 0.00000000
vt 0.00000000 0.00000000
vt 0.00000000 0.00000000
vt 0.00000000 0.00000000
vt 0.00000000 0.00000000
vt 0.00000000 0.00000000
vt 0.00000000 0.00000000
vt 0.00000000 0.00000000
vt 0.00000000 0.00000000
vt 0.00000000 0.00000000
vt 0.00000000 0.00000000
vt 0.00000000 0.00000000
vt 0.00000000 0.00000000
vt 0.00000000 0.00000000
vt 0.00000000 0.00000000
vt 0.00000000 0.00000000
vt 0.00000000 0.00000000
vt 0.00000000 0.00000000
vt 0.00000000 0.00000000
vt 0.00000000 0.00000000
vt 0.00000000 0.00000000
vt 0.00000000 0.00000000
vt 0.00000000 0.00000000
vt 0.00000000 0.00000000
vt 0.00000000 0.00000000
vt 0.00000000 0.00000000
vt 0.00000000 0.00000000
vt 0.00000000 0.00000000
vt 0.00000000 0.00000000
vt 0.00000000 0.00000000
vt 0.00000000 0.00000000
vt 0.00000000 0.00000000
vt 0.00000000 0.00000000
vt 0.00000000 0.00000000
vt 0.00000000 0.00000000
vt 0.00000000 0.00000000
vt 0.00000000 0.00000000
vt 0.00000000 0.00000000
vt 0.00000000 0.00000000
vt 0.00000000 0.00000000
vt 0.00000000 0.00000000
vt 0.00000000 0.00000000
vt 0.00000000 0.00000000
vt 0.00000000 0.00000000
vt 0.00000000 0.00000000
vt 0.00000000 0.00000000
vt 0.00000000 0.00000000
vt 0.00000000 0.00000000
vt 0.00000000 0.00000000
vt 0.00000000 0.00000000
vt 0.00000000 0.00000000
vt 0.00000000 0.00000000
vt 0.00000000 0.00000000
vt 0.00000000 0.00000000
vt 0.00000000 0.00000000
vt 0.00000000 0.00000000
vt 0.00000000 0.00000000
vt 0.00000000 0.00000000
vt 0.00000000 0.00000000
vt 0.00000000 0.00000000
vt 0.00000000 0.00000000
vt 0.00000000 0.00000000
vt 0.00000000 0.00000000
vt 0.00000000 0.00000000
vt 0.00000000 0.00000000
vt 0.00000000 0.00000000
vt 0.00000000 0.00000000
vt 0.00000000 0.00000000
vt 0.00000000 0.00000000
vt 0.00000000 0.00000000
vt 0.00000000 0.00000000
vt 0.00000000 0.00000000
vt 0.00000000 0.00000000
vt 0.00000000 0.00000000
vt 0.00000000 0.00000000
vt 0.00000000 0.00000000
vt 0.00000000 0.00000000
vt 0.00000000 0.00000000
vt 0.00000000 0.00000000
vt 0.00000000 0.00000000
vt 0.00000000 0.00000000
vt 0.00000000 0.00000000
vt 0.00000000 0.00000000
vt 0.00000000 0.00000000
vt 0.00000000 0.00000000
vt 0.00000000 0.00000000
vt 0.00000000 0.00000000
vt 0.00000000 0.00000000
vt 0.00000000 0.00000000
vt 0.00000000 0.00000000
vt 0.00000000 0.00000000
vt 0.00000000 0.00000000
vt 0.00000000 0.00000000
vt 0.00000000 0.00000000
vt 0.00000000 0.00000000
vt 0.00000000 0.00000000
vt 0.00000000 0.00000000
vt 0.00000000 0.00000000
vt 0.00000000 0.00000000
vt 0.00000000 0.00000000
vt 0.00000000 0.00000000
vt 0.00000000 0.00000000
vt 0.00000000 0.00000000
vt 0.00000000 0.00000000
vt 0.00000000 0.00000000
vt 0.00000000 0.00000000
vt 0.00000000 0.00000000
vt 0.00000000 0.00000000
vt 0.00000000 0.00000000
vt 0.00000000 0.00000000
vt 0.00000000 0.00000000
vt 0.00000000 0.00000000
vt 0.00000000 0.00000000
vt 0.00000000 0.00000000
vt 0.00000000 0.00000000
vt 0.00000000 0.00000000
vt 0.00000000 0.00000000
vt 0.00000000 0.00000000
vt 0.00000000 0.00000000
vt 0.00000000 0.00000000
vt 0.00000000 0.00000000
vt 0.00000000 0.00000000
vt 0.00000000 0.00000000
vt 0.00000000 0.00000000
vt 0.00000000 0.00000000
vt 0.00000000 0.00000000
vt 0.00000000 0.00000000
vt 0.00000000 0.00000000
vt 0.00000000 0.00000000
vt 0.00000000 0.00000000
vt 0.00000000 0.00000000
vt 0.00000000 0.00000000
vt 0.00000000 0.00000000
vt 0.00000000 0.00000000
vt 0.00000000 0.00000000
vt 0.00000000 0.00000000
vt 0.00000000 0.00000000
vt 0.00000000 0.00000000
vt 0.00000000 0.00000000
vt 0.00000000 0.00000000
vt 0.00000000 0.00000000
vt 0.00000000 0.00000000
vt 0.00000000 0.00000000
vt 0.00000000 0.00000000
vt 0.00000000 0.00000000
vt 0.00000000 0.00000000
vt 0.00000000 0.00000000
vt 0.00000000 0.00000000
vt 0.00000000 0.00000000
vt 0.00000000 0.00000000
vt 0.00000000 0.00000000
vt 0.00000000 0.00000000
vt 0.00000000 0.00000000
vt 0.00000000 0.00000000
vt 0.00000000 0.00000000
vt 0.00000000 0.00000000
vt 0.00000000 0.00000000
vt 0.00000000 0.00000000
vt 0.00000000 0.00000000
vt 0.00000000 0.00000000
vt 0.00000000 0.00000000
vt 0.00000000 0.00000000
vt 0.00000000 0.00000000
vt 0.00000000 0.00000000
vt 0.00000000 0.00000000
vt 0.00000000 0.00000000
vt 0.00000000 0.00000000
vt 0.00000000 0.00000000
vt 0.00000000 0.00000000
vt 0.00000000 0.00000000
vt 0.00000000 0.00000000
vt 0.00000000 0.00000000
vt 0.00000000 0.00000000
vt 0.00000000 0.00000000
vt 0.00000000 0.00000000
vt 0.00000000 0.00000000
vt 0.00000000 0.00000000
vt 0.00000000 0.00000000
vt 0.00000000 0.00000000
vt 0.00000000 0.00000000
vt 0.00000000 0.00000000
vt 0.00000000 0.00000000
vt 0.00000000 0.00000000
vt 0.00000000 0.00000000
vt 0.00000000 0.00000000
vt 0.00000000 0.00000000
vt 0.00000000 0.00000000
vt 0.00000000 0.00000000
vt 0.00000000 0.00000000
vt 0.00000000 0.00000000
vt 0.00000000 0.00000000
vt 0.00000000 0.00000000
vt 0.00000000 0.00000000
vt 0.00000000 0.00000000
vt 0.00000000 0.00000000
vt 0.00000000 0.00000000
vt 0.00000000 0.00000000
vt 0.00000000 0.00000000
vt 0.00000000 0.00000000
vt 0.00000000 0.00000000
vt 0.00000000 0.00000000
vt 0.00000000 0.00000000
vt 0.00000000 0.00000000
vt 0.00000000 0.00000000
vt 0.00000000 0.00000000
vt 0.00000000 0.00000000
vt 0.00000000 0.00000000
vt 0.00000000 0.00000000
vt 0.00000000 0.00000000
vt 0.00000000 0.00000000
vt 0.00000000 0.00000000
vt 0.00000000 0.00000000
vt 0.00000000 0.00000000
vt 0.00000000 0.00000000
vt 0.00000000 0.00000000
vt 0.00000000 0.00000000
vt 0.00000000 0.00000000
vt 0.00000000 0.00000000
vt 0.00000000 0.00000000
vt 0.00000000 0.00000000
vt 0.00000000 0.00000000
vt 0.00000000 0.00000000
vt 0.00000000 0.00000000
vt 0.00000000 0.00000000
vt 0.00000000 0.00000000
vt 0.00000000 0.00000000
vt 0.00000000 0.00000000
vt 0.00000000 0.00000000
vt 0.00000000 0.00000000
vt 0.00000000 0.00000000
vt 0.00000000 0.00000000
vt 0.00000000 0.00000000
vt 0.00000000 0.00000000
vt 0.00000000 0.00000000
vt 0.00000000 0.00000000
vt 0.00000000 0.00000000
vt 0.00000000 0.00000000
vt 0.00000000 0.00000000
vt 0.00000000 0.00000000
vt 0.00000000 0.00000000
vt 0.00000000 0.00000000
vt 0.00000000 0.00000000
vt 0.00000000 0.00000000
vt 0.00000000 0.00000000
vt 0.00000000 0.00000000
vt 0.00000000 0.00000000
vt 0.00000000 0.00000000
vt 0.00000000 0.00000000
vt 0.00000000 0.00000000
vt 0.00000000 0.00000000
vt 0.00000000 0.00000000
vt 0.00000000 0.00000000
vt 0.00000000 0.00000000
vt 0.00000000 0.00000000
vt 0.00000000 0.00000000
vt 0.00000000 0.00000000
vt 0.00000000 0.00000000
vt 0.00000000 0.00000000
vt 0.00000000 0.00000000
vt 0.00000000 0.00000000
vt 0.00000000 0.00000000
vt 0.00000000 0.00000000
vt 0.00000000 0.00000000
vt 0.00000000 0.00000000
vt 0.00000000 0.00000000
vt 0.00000000 0.00000000
vt 0.00000000 0.00000000
vt 0.00000000 0.00000000
vt 0.00000000 0.00000000
vt 0.00000000 0.00000000
vt 0.00000000 0.00000000
vt 0.00000000 0.00000000
vt 0.00000000 0.00000000
vt 0.00000000 0.00000000
vt 0.00000000 0.00000000
vt 0.00000000 0.00000000
vt 0.00000000 0.00000000
vt 0.00000000 0.00000000
vt 0.00000000 0.00000000
vt 0.00000000 0.00000000
vt 0.00000000 0.00000000
vt 0.00000000 0.00000000
vt 0.00000000 0.00000000
vt 0.00000000 0.00000000
vt 0.00000000 0.00000000
vt 0.00000000 0.00000000
vt 0.00000000 0.00000000
vt 0.00000000 0.00000000
vt 0.00000000 0.00000000
vt 0.00000000 0.00000000
vt 0.00000000 0.00000000
vt 0.00000000 0.00000000
vt 0.00000000 0.00000000
vt 0.00000000 0.00000000
vt 0.00000000 0.00000000
vt 0.00000000 0.00000000
vt 0.00000000 0.00000000
vt 0.00000000 0.00000000
vt 0.00000000 0.00000000
vt 0.00000000 0.00000000
vt 0.00000000 0.00000000
vt 0.00000000 0.00000000
vt 0.00000000 0.00000000
vt 0.00000000 0.00000000
vt 0.00000000 0.00000000
vt 0.00000000 0.00000000
vt 0.00000000 0.00000000
vt 0.00000000 0.00000000
vt 0.00000000 0.00000000
vt 0.00000000 0.00000000
vt 0.00000000 0.00000000
vt 0.00000000 0.00000000
vt 0.00000000 0.00000000
vt 0.00000000 0.00000000
vt 0.00000000 0.00000000
vt 0.00000000 0.00000000
vt 0.00000000 0.00000000
vt 0.00000000 0.00000000
vt 0.00000000 0.00000000
vt 0.00000000 0.00000000
vt 0.00000000 0.00000000
vt 0.00000000 0.00000000
vt 0.00000000 0.00000000
vt 0.00000000 0.00000000
vt 0.00000000 0.00000000
vt 0.00000000 0.00000000
vt 0.00000000 0.00000000
vt 0.00000000 0.00000000
vt 0.00000000 0.00000000
vt 0.00000000 0.00000000
vt 0.00000000 0.00000000
vt 0.00000000 0.00000000
vt 0.00000000 0.00000000
vt 0.00000000 0.00000000
vt 0.00000000 0.00000000
vt 0.00000000 0.00000000
vt 0.00000000 0.00000000
vt 0.00000000 0.00000000
vt 0.00000000 0.00000000
vt 0.00000000 0.00000000
vt 0.00000000 0.00000000
vt 0.00000000 0.00000000
vt 0.00000000 0.00000000
vt 0.00000000 0.00000000
vt 0.00000000 0.00000000
vt 0.00000000 0.00000000
vt 0.00000000 0.00000000
vt 0.00000000 0.00000000
vt 0.00000000 0.00000000
vt 0.00000000 0.00000000
vt 0.00000000 0.00000000
vt 0.00000000 0.00000000
vt 0.00000000 0.00000000
vt 0.00000000 0.00000000
vt 0.00000000 0.00000000
vt 0.00000000 0.00000000
vt 0.00000000 0.00000000
vt 0.00000000 0.00000000
vt 0.00000000 0.00000000
vt 0.00000000 0.00000000
vt 0.00000000 0.00000000
vt 0.00000000 0.00000000
vt 0.00000000 0.00000000
vt 0.00000000 0.00000000
vt 0.00000000 0.00000000
vt 0.00000000 0.00000000
vt 0.00000000 0.00000000
vt 0.00000000 0.00000000
vt 0.00000000 0.00000000
vt 0.00000000 0.00000000
vt 0.00000000 0.00000000
vt 0.00000000 0.00000000
vt 0.00000000 0.00000000
vt 0.00000000 0.00000000
vt 0.00000000 0.00000000
vt 0.00000000 0.00000000
vt 0.00000000 0.00000000
vt 0.00000000 0.00000000
vt 0.00000000 0.00000000
vt 0.00000000 0.00000000
vt 0.00000000 0.00000000
vt 0.00000000 0.00000000
vt 0.00000000 0.00000000
vt 0.00000000 0.00000000
vt 0.00000000 0.00000000
vt 0.00000000 0.00000000
vt 0.00000000 0.00000000
vt 0.00000000 0.00000000
vt 0.00000000 0.00000000
vt 0.00000000 0.00000000
vt 0.00000000 0.00000000
vt 0.00000000 0.00000000
vt 0.00000000 0.00000000
vt 0.00000000 0.00000000
vt 0.00000000 0.00000000
vt 0.00000000 0.00000000
vt 0.00000000 0.00000000
vt 0.00000000 0.00000000
vt 0.00000000 0.00000000
vt 0.00000000 0.00000000
vt 0.00000000 0.00000000
vt 0.00000000 0.00000000
vt 0.00000000 0.00000000
vt 0.00000000 0.00000000
vt 0.00000000 0.00000000
vt 0.00000000 0.00000000
vt 0.00000000 0.00000000
vt 0.00000000 0.00000000
vt 0.00000000 0.00000000
vt 0.00000000 0.00000000
vt 0.00000000 0.00000000
vt 0.00000000 0.00000000
vt 0.00000000 0.00000000
vt 0.00000000 0.00000000
vt 0.00000000 0.00000000
vt 0.00000000 0.00000000
vt 0.00000000 0.00000000
vt 0.00000000 0.00000000
vt 0.00000000 0.00000000
vt 0.00000000 0.00000000
vt 0.00000000 0.00000000
vt 0.00000000 0.00000000
vt 0.00000000 0.00000000
vt 0.00000000 0.00000000
vt 0.00000000 0.00000000
vt 0.00000000 0.00000000
vt 0.00000000 0.00000000
vt 0.00000000 0.00000000
vt 0.00000000 0.00000000
vt 0.00000000 0.00000000
vt 0.00000000 0.00000000
vt 0.00000000 0.00000000
vt 0.00000000 0.00000000
vt 0.00000000 0.00000000
vt 0.00000000 0.00000000
vt 0.00000000 0.00000000
vt 0.00000000 0.00000000
vt 0.00000000 0.00000000
vt 0.00000000 0.00000000
vt 0.00000000 0.00000000
vt 0.00000000 0.00000000
vt 0.00000000 0.00000000
vt 0.00000000 0.00000000
vt 0.00000000 0.00000000
vt 0.00000000 0.00000000
vt 0.00000000 0.00000000
vt 0.00000000 0.00000000
vt 0.00000000 0.00000000
vt 0.00000000 0.00000000
vt 0.00000000 0.00000000
vt 0.00000000 0.00000000
vt 0.00000000 0.00000000
vt 0.00000000 0.00000000
vt 0.00000000 0.00000000
vt 0.00000000 0.00000000
vt 0.00000000 0.00000000
vt 0.00000000 0.00000000
vt 0.00000000 0.00000000
vt 0.00000000 0.00000000
vt 0.00000000 0.00000000
vt 0.00000000 0.00000000
vt 0.00000000 0.00000000
vt 0.00000000 0.00000000
vt 0.00000000 0.00000000
vt 0.00000000 0.00000000
vt 0.00000000 0.00000000
vt 0.00000000 0.00000000
vt 0.00000000 0.00000000
vt 0.00000000 0.00000000
vt 0.00000000 0.00000000
vt 0.00000000 0.00000000
vt 0.00000000 0.00000000
vt 0.00000000 0.00000000
vt 0.00000000 0.00000000
vt 0.00000000 0.00000000
vt 0.00000000 0.00000000
vt 0.00000000 0.00000000
vt 0.00000000 0.00000000
vt 0.00000000 0.00000000
vt 0.00000000 0.00000000
vt 0.00000000 0.00000000
vt 0.00000000 0.00000000
vt 0.00000000 0.00000000
vt 0.00000000 0.00000000
vt 0.00000000 0.00000000
vt 0.00000000 0.00000000
vt 0.00000000 0.00000000
vt 0.00000000 0.00000000
vt 0.00000000 0.00000000
vt 0.00000000 0.00000000
vt 0.00000000 0.00000000
vt 0.00000000 0.00000000
vt 0.00000000 0.00000000
vt 0.00000000 0.00000000
vt 0.00000000 0.00000000
vt 0.00000000 0.00000000
vt 0.00000000 0.00000000
vt 0.00000000 0.00000000
vt 0.00000000 0.00000000
vt 0.00000000 0.00000000
vt 0.00000000 0.00000000
vt 0.00000000 0.00000000
vt 0.00000000 0.00000000
vt 0.00000000 0.00000000
vt 0.00000000 0.00000000
vt 0.00000000 0.00000000
vt 0.00000000 0.00000000
vt 0.00000000 0.00000000
vt 0.00000000 0.00000000
vt 0.00000000 0.00000000
vt 0.00000000 0.00000000
vt 0.00000000 0.00000000
vt 0.00000000 0.00000000
vt 0.00000000 0.00000000
vt 0.00000000 0.00000000
vt 0.00000000 0.00000000
vt 0.00000000 0.00000000
vt 0.00000000 0.00000000
vt 0.00000000 0.00000000
vt 0.00000000 0.00000000
vt 0.00000000 0.00000000
vt 0.00000000 0.00000000
vt 0.00000000 0.00000000
vt 0.00000000 0.00000000
vt 0.00000000 0.00000000
vt 0.00000000 0.00000000
vt 0.00000000 0.00000000
vt 0.00000000 0.00000000
vt 0.00000000 0.00000000
vt 0.00000000 0.00000000
vt 0.00000000 0.00000000
vt 0.00000000 0.00000000
vt 0.00000000 0.00000000
vt 0.00000000 0.00000000
vt 0.00000000 0.00000000
vt 0.00000000 0.00000000
vt 0.00000000 0.00000000
vt 0.00000000 0.00000000
vt 0.00000000 0.00000000
vt 0.00000000 0.00000000
vt 0.00000000 0.00000000
vt 0.00000000 0.00000000
vt 0.00000000 0.00000000
vt 0.00000000 0.00000000
vt 0.00000000 0.00000000
vt 0.00000000 0.00000000
vt 0.00000000 0.00000000
vt 0.00000000 0.00000000
vt 0.00000000 0.00000000
vt 0.00000000 0.00000000
vt 0.00000000 0.00000000
vt 0.00000000 0.00000000
vt 0.00000000 0.00000000
vt 0.00000000 0.00000000
vt 0.00000000 0.00000000
vt 0.00000000 0.00000000
vt 0.00000000 0.00000000
vt 0.00000000 0.00000000
vt 0.00000000 0.00000000
vt 0.00000000 0.00000000
vt 0.00000000 0.00000000
vt 0.00000000 0.00000000
vt 0.00000000 0.00000000
vt 0.00000000 0.00000000
vt 0.00000000 0.00000000
vt 0.00000000 0.00000000
vt 0.00000000 0.00000000
vt 0.00000000 0.00000000
vt 0.00000000 0.00000000
vt 0.00000000 0.00000000
vt 0.00000000 0.00000000
vt 0.00000000 0.00000000
vt 0.00000000 0.00000000
vt 0.00000000 0.00000000
vt 0.00000000 0.00000000
vt 0.00000000 0.00000000
vt 0.00000000 0.00000000
vt 0.00000000 0.00000000
vt 0.00000000 0.00000000
vt 0.00000000 0.00000000
vt 0.00000000 0.00000000
vt 0.00000000 0.00000000
vt 0.00000000 0.00000000
vt 0.00000000 0.00000000
vt 0.00000000 0.00000000
vt 0.00000000 0.00000000
vt 0.00000000 0.00000000
vt 0.00000000 0.00000000
vt 0.00000000 0.00000000
vt 0.00000000 0.00000000
vt 0.00000000 0.00000000
vt 0.00000000 0.00000000
vt 0.00000000 0.00000000
vt 0.00000000 0.00000000
vt 0.00000000 0.00000000
vt 0.00000000 0.00000000
vt 0.00000000 0.00000000
vt 0.00000000 0.00000000
vt 0.00000000 0.00000000
vt 0.00000000 0.00000000
vt 0.00000000 0.00000000
vt 0.00000000 0.00000000
vt 0.00000000 0.00000000
vt 0.00000000 0.00000000
vt 0.00000000 0.00000000
vt 0.00000000 0.00000000
vt 0.00000000 0.00000000
vt 0.00000000 0.00000000
vt 0.00000000 0.00000000
vt 0.00000000 0.00000000
vt 0.00000000 0.00000000
vt 0.00000000 0.00000000
vt 0.00000000 0.00000000
vt 0.00000000 0.00000000
vt 0.00000000 0.00000000
vt 0.00000000 0.00000000
vt 0.00000000 0.00000000
vt 0.00000000 0.00000000
vt 0.00000000 0.00000000
vt 0.00000000 0.00000000
vt 0.00000000 0.00000000
vt 0.00000000 0.00000000
vt 0.00000000 0.00000000
vt 0.00000000 0.00000000
vt 0.00000000 0.00000000
vt 0.00000000 0.00000000
vt 0.00000000 0.00000000
vt 0.00000000 0.00000000
vt 0.00000000 0.00000000
vt 0.00000000 0.00000000
vt 0.00000000 0.00000000
vt 0.00000000 0.00000000
vt 0.00000000 0.00000000
vt 0.00000000 0.00000000
vt 0.00000000 0.00000000
vt 0.00000000 0.00000000
vt 0.00000000 0.00000000
vt 0.00000000 0.00000000
vt 0.00000000 0.00000000
vt 0.00000000 0.00000000
vt 0.00000000 0.00000000
vt 0.00000000 0.00000000
vt 0.00000000 0.00000000
vt 0.00000000 0.00000000
vt 0.00000000 0.00000000
vt 0.00000000 0.00000000
vt 0.00000000 0.00000000
vt 0.00000000 0.00000000
vt 0.00000000 0.00000000
vt 0.00000000 0.00000000
vt 0.00000000 0.00000000
vt 0.00000000 0.00000000
vt 0.00000000 0.00000000
vt 0.00000000 0.00000000
vt 0.00000000 0.00000000
vt 0.00000000 0.00000000
vt 0.00000000 0.00000000
vt 0.00000000 0.00000000
vt 0.00000000 0.00000000
vt 0.00000000 0.00000000
vt 0.00000000 0.00000000
vt 0.00000000 0.00000000
vt 0.00000000 0.00000000
vt 0.00000000 0.00000000
vt 0.00000000 0.00000000
vt 0.00000000 0.00000000
vt 0.00000000 0.00000000
vt 0.00000000 0.00000000
vt 0.00000000 0.00000000
vt 0.00000000 0.00000000
vt 0.00000000 0.00000000
vt 0.00000000 0.00000000
vt 0.00000000 0.00000000
vt 0.00000000 0.00000000
vt 0.00000000 0.00000000
vt 0.00000000 0.00000000
vt 0.00000000 0.00000000
vt 0.00000000 0.00000000
vt 0.00000000 0.00000000
vt 0.00000000 0.00000000
vt 0.00000000 0.00000000
vt 0.00000000 0.00000000
vt 0.00000000 0.00000000
vt 0.00000000 0.00000000
vt 0.00000000 0.00000000
vt 0.00000000 0.00000000
vt 0.00000000 0.00000000
vt 0.00000000 0.00000000
vt 0.00000000 0.00000000
vt 0.00000000 0.00000000
vt 0.00000000 0.00000000
vt 0.00000000 0.00000000
vt 0.00000000 0.00000000
vt 0.00000000 0.00000000
vt 0.00000000 0.00000000
vt 0.00000000 0.00000000
vt 0.00000000 0.00000000
vt 0.00000000 0.00000000
vt 0.00000000 0.00000000
vt 0.00000000 0.00000000
vt 0.00000000 0.00000000
vt 0.00000000 0.00000000
vt 0.00000000 0.00000000
vt 0.00000000 0.00000000
vt 0.00000000 0.00000000
vt 0.00000000 0.00000000
vt 0.00000000 0.00000000
vt 0.00000000 0.00000000
vt 0.00000000 0.00000000
vt 0.00000000 0.00000000
vt 0.00000000 0.00000000
vt 0.00000000 0.00000000
vt 0.00000000 0.00000000
vt 0.00000000 0.00000000
vt 0.00000000 0.00000000
vt 0.00000000 0.00000000
vt 0.00000000 0.00000000
vt 0.00000000 0.00000000
vt 0.00000000 0.00000000
vt 0.00000000 0.00000000
vt 0.00000000 0.00000000
vt 0.00000000 0.00000000
vt 0.00000000 0.00000000
vt 0.00000000 0.00000000
vt 0.00000000 0.00000000
vt 0.00000000 0.00000000
vt 0.00000000 0.00000000
vt 0.00000000 0.00000000
vt 0.00000000 0.00000000
vt 0.00000000 0.00000000
vt 0.00000000 0.00000000
vt 0.00000000 0.00000000
vt 0.00000000 0.00000000
vt 0.00000000 0.00000000
vt 0.00000000 0.00000000
vt 0.00000000 0.00000000
vt 0.00000000 0.00000000
vt 0.00000000 0.00000000
vt 0.00000000 0.00000000
vt 0.00000000 0.00000000
vt 0.00000000 0.00000000
vt 0.00000000 0.00000000
vt 0.00000000 0.00000000
vt 0.00000000 0.00000000
vt 0.00000000 0.00000000
vt 0.00000000 0.00000000
vt 0.00000000 0.00000000
vt 0.00000000 0.00000000
vt 0.00000000 0.00000000
vt 0.00000000 0.00000000
vt 0.00000000 0.00000000
vt 0.00000000 0.00000000
vt 0.00000000 0.00000000
vt 0.00000000 0.00000000
vt 0.00000000 0.00000000
vt 0.00000000 0.00000000
vt 0.00000000 0.00000000
vt 0.00000000 0.00000000
vt 0.00000000 0.00000000
vt 0.00000000 0.00000000
vt 0.00000000 0.00000000
vt 0.00000000 0.00000000
vt 0.00000000 0.00000000
vt 0.00000000 0.00000000
vt 0.00000000 0.00000000
vt 0.00000000 0.00000000
vt 0.00000000 0.00000000
vt 0.00000000 0.00000000
vt 0.00000000 0.00000000
vt 0.00000000 0.00000000
vt 0.00000000 0.00000000
vt 0.00000000 0.00000000
vt 0.00000000 0.00000000
vt 0.00000000 0.00000000
vt 0.00000000 0.00000000
vt 0.00000000 0.00000000
vt 0.00000000 0.00000000
vt 0.00000000 0.00000000
vt 0.00000000 0.00000000
vt 0.00000000 0.00000000
vt 0.00000000 0.00000000
vt 0.00000000 0.00000000
vt 0.00000000 0.00000000
vt 0.00000000 0.00000000
vt 0.00000000 0.00000000
vt 0.00000000 0.00000000
vt 0.00000000 0.00000000
vt 0.00000000 0.00000000
vt 0.00000000 0.00000000
vt 0.00000000 0.00000000
vt 0.00000000 0.00000000
vt 0.00000000 0.00000000
vt 0.00000000 0.00000000
vt 0.00000000 0.00000000
vt 0.00000000 0.00000000
vt 0.00000000 0.00000000
vt 0.00000000 0.00000000
vt 0.00000000 0.00000000
vt 0.00000000 0.00000000
vt 0.00000000 0.00000000
vt 0.00000000 0.00000000
vt 0.00000000 0.00000000
vt 0.00000000 0.00000000
vt 0.00000000 0.00000000
vt 0.00000000 0.00000000
vt 0.00000000 0.00000000
vt 0.00000000 0.00000000
vt 0.00000000 0.00000000
vt 0.00000000 0.00000000
vt 0.00000000 0.00000000
vt 0.00000000 0.00000000
vt 0.00000000 0.00000000
vt 0.00000000 0.00000000
vt 0.00000000 0.00000000
vt 0.00000000 0.00000000
vt 0.00000000 0.00000000
vt 0.00000000 0.00000000
vt 0.00000000 0.00000000
vt 0.00000000 0.00000000
vt 0.00000000 0.00000000
vt 0.00000000 0.00000000
vt 0.00000000 0.00000000
vt 0.00000000 0.00000000
vt 0.00000000 0.00000000
vt 0.00000000 0.00000000
vt 0.00000000 0.00000000
vt 0.00000000 0.00000000
vt 0.00000000 0.00000000
vt 0.00000000 0.00000000
vt 0.00000000 0.00000000
vt 0.00000000 0.00000000
vt 0.00000000 0.00000000
vt 0.00000000 0.00000000
vt 0.00000000 0.00000000
vt 0.00000000 0.00000000
vt 0.00000000 0.00000000
vt 0.00000000 0.00000000
vt 0.00000000 0.00000000
vt 0.00000000 0.00000000
vt 0.00000000 0.00000000
vt 0.00000000 0.00000000
vt 0.00000000 0.00000000
vt 0.00000000 0.00000000
vt 0.00000000 0.00000000
vt 0.00000000 0.00000000
vt 0.00000000 0.00000000
vt 0.00000000 0.00000000
vt 0.00000000 0.00000000
vt 0.00000000 0.00000000
vt 0.00000000 0.00000000
vt 0.00000000 0.00000000
vt 0.00000000 0.00000000
vt 0.00000000 0.00000000
vt 0.00000000 0.00000000
vt 0.00000000 0.00000000
vt 0.00000000 0.00000000
vt 0.00000000 0.00000000
vt 0.00000000 0.00000000
vt 0.00000000 0.00000000
vt 0.00000000 0.00000000
vt 0.00000000 0.00000000
vt 0.00000000 0.00000000
vt 0.00000000 0.00000000
vt 0.00000000 0.00000000
vt 0.00000000 0.00000000
vt 0.00000000 0.00000000
vt 0.00000000 0.00000000
vt 0.00000000 0.00000000
vt 0.00000000 0.00000000
vt 0.00000000 0.00000000
vt 0.00000000 0.00000000
vt 0.00000000 0.00000000
vt 0.00000000 0.00000000
vt 0.00000000 0.00000000
vt 0.00000000 0.00000000
vt 0.00000000 0.00000000
vt 0.00000000 0.00000000
vt 0.00000000 0.00000000
vt 0.00000000 0.00000000
vt 0.00000000 0.00000000
vt 0.00000000 0.00000000
vt 0.00000000 0.00000000
vt 0.00000000 0.00000000
vt 0.00000000 0.00000000
vt 0.00000000 0.00000000
vt 0.00000000 0.00000000
vt 0.00000000 0.00000000
vt 0.00000000 0.00000000
vt 0.00000000 0.00000000
vt 0.00000000 0.00000000
vt 0.00000000 0.00000000
vt 0.00000000 0.00000000
vt 0.00000000 0.00000000
vt 0.00000000 0.00000000
vt 0.00000000 0.00000000
vt 0.00000000 0.00000000
vt 0.00000000 0.00000000
vt 0.00000000 0.00000000
vt 0.00000000 0.00000000
vt 0.00000000 0.00000000
vt 0.00000000 0.00000000
vt 0.00000000 0.00000000
vt 0.00000000 0.00000000
vt 0.00000000 0.00000000
vt 0.00000000 0.00000000
vt 0.00000000 0.00000000
vt 0.00000000 0.00000000
vt 0.00000000 0.00000000
vt 0.00000000 0.00000000
vt 0.00000000 0.00000000
vt 0.00000000 0.00000000
vt 0.00000000 0.00000000
vt 0.00000000 0.00000000
vt 0.00000000 0.00000000
vt 0.00000000 0.00000000
vt 0.00000000 0.00000000
vt 0.00000000 0.00000000
vt 0.00000000 0.00000000
vt 0.00000000 0.00000000
vt 0.00000000 0.00000000
vt 0.00000000 0.00000000
vt 0.00000000 0.00000000
vt 0.00000000 0.00000000
vt 0.00000000 0.00000000
vt 0.00000000 0.00000000
vt 0.00000000 0.00000000
vt 0.00000000 0.00000000
vt 0.00000000 0.00000000
vt 0.00000000 0.00000000
vt 0.00000000 0.00000000
vt 0.00000000 0.00000000
vt 0.00000000 0.00000000
vt 0.00000000 0.00000000
vt 0.00000000 0.00000000
vt 0.00000000 0.00000000
vt 0.00000000 0.00000000
vt 0.00000000 0.00000000
vt 0.00000000 0.00000000
vt 0.00000000 0.00000000
vt 0.00000000 0.00000000
vt 0.00000000 0.00000000
vt 0.00000000 0.00000000
vt 0.00000000 0.00000000
vt 0.00000000 0.00000000
vt 0.00000000 0.00000000
vt 0.00000000 0.00000000
vt 0.00000000 0.00000000
vt 0.00000000 0.00000000
vt 0.00000000 0.00000000
vt 0.00000000 0.00000000
vt 0.00000000 0.00000000
vt 0.00000000 0.00000000
vt 0.00000000 0.00000000
vt 0.00000000 0.00000000
vt 0.00000000 0.00000000
vt 0.00000000 0.00000000
vt 0.00000000 0.00000000
vt 0.00000000 0.00000000
vt 0.00000000 0.00000000
vt 0.00000000 0.00000000
vt 0.00000000 0.00000000
vt 0.00000000 0.00000000
vt 0.00000000 0.00000000
vt 0.00000000 0.00000000
vt 0.00000000 0.00000000
vt 0.00000000 0.00000000
vt 0.00000000 0.00000000
vt 0.00000000 0.00000000
vt 0.00000000 0.00000000
vt 0.00000000 0.00000000
vt 0.00000000 0.00000000
vt 0.00000000 0.00000000
vt 0.00000000 0.00000000
vt 0.00000000 0.00000000
vt 0.00000000 0.00000000
vt 0.00000000 0.00000000
vt 0.00000000 0.00000000
vt 0.00000000 0.00000000
vt 0.00000000 0.00000000
vt 0.00000000 0.00000000
vt 0.00000000 0.00000000
vt 0.00000000 0.00000000
vt 0.00000000 0.00000000
vt 0.00000000 0.00000000
vt 0.00000000 0.00000000
vt 0.00000000 0.00000000
vt 0.00000000 0.00000000
vt 0.00000000 0.00000000
vt 0.00000000 0.00000000
vt 0.00000000 0.00000000
vt 0.00000000 0.00000000
vt 0.00000000 0.00000000
vt 0.00000000 0.00000000
vt 0.00000000 0.00000000
vt 0.00000000 0.00000000
vt 0.00000000 0.00000000
vt 0.00000000 0.00000000
vt 0.00000000 0.00000000
vt 0.00000000 0.00000000
vt 0.00000000 0.00000000
vt 0.00000000 0.00000000
vt 0.00000000 0.00000000
vt 0.00000000 0.00000000
vt 0.00000000 0.00000000
vt 0.00000000 0.00000000
vt 0.00000000 0.00000000
vt 0.00000000 0.00000000
vt 0.00000000 0.00000000
vt 0.00000000 0.00000000
vt 0.00000000 0.00000000
vt 0.00000000 0.00000000
vt 0.00000000 0.00000000
vt 0.00000000 0.00000000
vt 0.00000000 0.00000000
vt 0.00000000 0.00000000
vt 0.00000000 0.00000000
vt 0.00000000 0.00000000
vt 0.00000000 0.00000000
vt 0.00000000 0.00000000
vt 0.00000000 0.00000000
vt 0.00000000 0.00000000
vt 0.00000000 0.00000000
vt 0.00000000 0.00000000
vt 0.00000000 0.00000000
vt 0.00000000 0.00000000
vt 0.00000000 0.00000000
vt 0.00000000 0.00000000
vt 0.00000000 0.00000000
vt 0.00000000 0.00000000
vt 0.00000000 0.00000000
vt 0.00000000 0.00000000
vt 0.00000000 0.00000000
vt 0.00000000 0.00000000
vt 0.00000000 0.00000000
vt 0.00000000 0.00000000
vt 0.00000000 0.00000000
vt 0.00000000 0.00000000
vt 0.00000000 0.00000000
vt 0.00000000 0.00000000
vt 0.00000000 0.00000000
vt 0.00000000 0.00000000
vt 0.00000000 0.00000000
vt 0.00000000 0.00000000
vt 0.00000000 0.00000000
vt 0.00000000 0.00000000
vt 0.00000000 0.00000000
vt 0.00000000 0.00000000
vt 0.00000000 0.00000000
vt 0.00000000 0.00000000
vt 0.00000000 0.00000000
vt 0.00000000 0.00000000
vt 0.00000000 0.00000000
vt 0.00000000 0.00000000
vt 0.00000000 0.00000000
vt 0.00000000 0.00000000
vt 0.00000000 0.00000000
vt 0.00000000 0.00000000
vt 0.00000000 0.00000000
vt 0.00000000 0.00000000
vt 0.00000000 0.00000000
vt 0.00000000 0.00000000
vt 0.00000000 0.00000000
vt 0.00000000 0.00000000
vt 0.00000000 0.00000000
vt 0.00000000 0.00000000
vt 0.00000000 0.00000000
vt 0.00000000 0.00000000
vt 0.00000000 0.00000000
vt 0.00000000 0.00000000
vt 0.00000000 0.00000000
vt 0.00000000 0.00000000
vt 0.00000000 0.00000000
vt 0.00000000 0.00000000
vt 0.00000000 0.00000000
vt 0.00000000 0.00000000
vt 0.00000000 0.00000000
vt 0.00000000 0.00000000
vt 0.00000000 0.00000000
vt 0.00000000 0.00000000
vt 0.00000000 0.00000000
vt 0.00000000 0.00000000
vt 0.00000000 0.00000000
vt 0.00000000 0.00000000
vt 0.00000000 0.00000000
vt 0.00000000 0.00000000
vt 0.00000000 0.00000000
vt 0.00000000 0.00000000
vt 0.00000000 0.00000000
vt 0.00000000 0.00000000
vt 0.00000000 0.00000000
vt 0.00000000 0.00000000
vt 0.00000000 0.00000000
vt 0.00000000 0.00000000
vt 0.00000000 0.00000000
vt 0.00000000 0.00000000
vt 0.00000000 0.00000000
vt 0.00000000 0.00000000
vt 0.00000000 0.00000000
vt 0.00000000 0.00000000
vt 0.00000000 0.00000000
vt 0.00000000 0.00000000
vt 0.00000000 0.00000000
vt 0.00000000 0.00000000
vt 0.00000000 0.00000000
vt 0.00000000 0.00000000
f 1/1 2/2 3/3
f 2/2 4/4 3/3
f 5/5 6/6 7/7
f 6/6 8/8 7/7
f 9/9 10/10 11/11
f 10/10 12/12 11/11
f 13/13 14/14 15/15
f 14/14 16/16 15/15
f 17/17 18/18 19/19
f 18/18 20/20 19/19
f 21/21 22/22 23/23
f 22/22 24/24 23/23
f 25/25 26/26 27/27
f 26/26 28/28 27/27
f 29/29 30/30 31/31
f 30/30 32/32 31/31
f 33/33 34/34 35/35
f 34/34 36/36 35/35
f 37/37 38/38 39/39
f 38/38 40/40 39/39
f 41/41 42/42 43/43
f 42/42 44/44 43/43
f 45/45 46/46 47/47
f 46/46 48/48 47/47
f 49/49 50/50 51/51
f 50/50 52/52 51/51
f 53/53 54/54 55/55
f 54/54 56/56 55/55
f 57/57 58/58 59/59
f 58/58 60/60 59/59
f 61/61 62/62 63/63
f 62/62 64/64 63/63
f 65/65 66/66 67/67
f 66/66 68/68 67/67
f 69/69 70/70 71/71
f 70/70 72/72 71/71
f 73/73 74/74 75/75
f 74/74 76/76 75/75
f 77/77 78/78 79/79
f 78/78 80/80 79/79
f 81/81 82/82 83/83
f 82/82 84/84 83/83
f 85/85 86/86 87/87
f 86/86 88/88 87/87
f 89/89 90/90 91/91
f 90/90 92/92 91/91
f 93/93 94/94 95/95
f 94/94 96/96 95/95
f 97/97 98/98 99/99
f 98/98 100/100 99/99
f 101/101 102/102 103/103
f 102/102 104/104 103/103
f 105/105 106/106 107/107
f 106/106 108/108 107/107
f 109/109 110/110 111/111
f 110/110 112/112 111/111
f 113/113 114/114 115/115
f 114/114 116/116 115/115
f 117/117 118/118 119/119
f 118/118 120/120 119/119
f 121/121 122/122 123/123
f 122/122 124/124 123/123
f 125/125 126/126 127/127
f 126/126 128/128 127/127
f 129/129 130/130 131/131
f 130/130 132/132 131/131
f 133/133 134/134 135/135
f 134/134 136/136 135/135
f 137/137 138/138 139/139
f 138/138 140/140 139/139
f 141/141 142/142 143/143
f 142/142 144/144 143/143
f 145/145 146/146 147/147
f 146/146 148/148 147/147
f 149/149 150/150 151/151
f 150/150 152/152 151/151
f 153/153 154/154 155/155
f 154/154 156/156 155/155
f 157/157 158/158 159/159
f 158/158 160/160 159/159
f 161/161 162/162 163/163
f 162/162 164/164 163/163
f 165/165 166/166 167/167
f 166/166 168/168 167/167
f 169/169 170/170 171/171
f 170/170 172/172 171/171
f 173/173 174/174 175/175
f 174/174 176/176 175/175
f 177/177 178/178 179/179
f 178/178 180/180 179/179
f 181/181 182/182 183/183
f 182/182 184/184 183/183
f 185/185 186/186 187/187
f 186/186 188/188 187/187
f 189/189 190/190 191/191
f 190/190 192/192 191/191
f 193/193 194/194 195/195
f 194/194 196/196 195/195
f 197/197 198/198 199/199
f 198/198 200/200 199/199
f 201/201 202/202 203/203
f 202/202 204/204 203/203
f 205/205 206/206 207/207
f 206/206 208/208 207/207
f 209/209 210/210 211/211
f 210/210 212/212 211/211
f 213/213 214/214 215/215
f 214/214 216/216 215/215
f 217/217 218/218 219/219
f 218/218 220/220 219/219
f 221/221 222/222 223/223
f 222/222 224/224 223/223
f 225/225 226/226 227/227
f 226/226 228/228 227/227
f 229/229 230/230 231/231
f 230/230 232/232 231/231
f 233/233 234/234 235/235
f 234/234 236/236 235/235
f 237/237 238/238 239/239
f 238/238 240/240 239/239
f 241/241 242/242 243/243
f 242/242 244/244 243/243
f 245/245 246/246 247/247
f 246/246 248/248 247/247
f 249/249 250/250 251/251
f 250/250 252/252 251/251
f 253/253 254/254 255/255
f 254/254 256/256 255/255
f 257/257 258/258 259/259
f 258/258 260/260 259/259
f 261/261 262/262 263/263
f 262/262 264/264 263/263
f 265/265 266/266 267/267
f 266/266 268/268 267/267
f 269/269 270/270 271/271
f 270/270 272/272 271/271
f 273/273 274/274 275/275
f 274/274 276/276 275/275
f 277/277 278/278 279/279
f 278/278 280/280 279/279
f 281/281 282/282 283/283
f 282/282 284/284 283/283
f 285/285 286/286 287/287
f 286/286 288/288 287/287
f 289/289 290/290 291/291
f 290/290 292/292 291/291
f 293/293 294/294 295/295
f 294/294 296/296 295/295
f 297/297 298/298 299/299
f 298/298 300/300 299/299
f 301/301 302/302 303/303
f 302/302 304/304 303/303
f 305/305 306/306 307/307
f 306/306 308/308 307/307
f 309/309 310/310 311/311
f 310/310 312/312 311/311
f 313/313 314/314 315/315
f 314/314 316/316 315/315
f 317/317 318/318 319/319
f 318/318 320/320 319/319
f 321/321 322/322 323/323
f 322/322 324/324 323/323
f 325/325 326/326 327/327
f 326/326 328/328 327/327
f 329/329 330/330 331/331
f 330/330 332/332 331/331
f 333/333 334/334 335/335
f 334/334 336/336 335/335
f 337/337 338/338 339/339
f 338/338 340/340 339/339
f 341/341 342/342 343/343
f 342/342 344/344 343/343
f 345/345 346/346 347/347
f 346/346 348/348 347/347
f 349/349 350/350 351/351
f 350/350 352/352 351/351
f 353/353 354/354 355/355
f 354/354 356/356 355/355
f 357/357 358/358 359/359
f 358/358 360/360 359/359
f 361/361 362/362 363/363
f 362/362 364/364 363/363
f 365/365 366/366 367/367
f 366/366 368/368 367/367
f 369/369 370/370 371/371
f 370/370 372/372 371/371
f 373/373 374/374 375/375
f 374/374 376/376 375/375
f 377/377 378/378 379/379
f 378/378 380/380 379/379
f 381/381 382/382 383/383
f 382/382 384/384 383/383
f 385/385 386/386 387/387
f 386/386 388/388 387/387
f 389/389 390/390 391/391
f 390/390 392/392 391/391
f 393/393 394/394 395/395
f 394/394 396/396 395/395
f 397/397 398/398 399/399
f 398/398 400/400 399/399
f 401/401 402/402 403/403
f 402/402 404/404 403/403
f 405/405 406/406 407/407
f 406/406 408/408 407/407
f 409/409 410/410 411/411
f 410/410 412/412 411/411
f 413/413 414/414 415/415
f 414/414 416/416 415/415
f 417/417 418/418 419/419
f 418/418 420/420 419/419
f 421/421 422/422 423/423
f 422/422 424/424 423/423
f 425/425 426/426 427/427
f 426/426 428/428 427/427
f 429/429 430/430 431/431
f 430/430 432/432 431/431
f 433/433 434/434 435/435
f 434/434 436/436 435/435
f 437/437 438/438 439/439
f 438/438 440/440 439/439
f 441/441 442/442 443/443
f 442/442 444/444 443/443
f 445/445 446/446 447/447
f 446/446 448/448 447/447
f 449/449 450/450 451/451
f 450/450 452/452 451/451
f 453/453 454/454 455/455
f 454/454 456/456 455/455
f 457/457 458/458 459/459
f 458/458 460/460 459/459
f 461/461 462/462 463/463
f 462/462 464/464 463/463
f 465/465 466/466 467/467
f 466/466 468/468 467/467
f 469/469 470/470 471/471
f 470/470 472/472 471/471
f 473/473 474/474 475/475
f 474/474 476/476 475/475
f 477/477 478/478 479/479
f 478/478 480/480 479/479
f 481/481 482/482 483/483
f 482/482 484/484 483/483
f 485/485 486/486 487/487
f 486/486 488/488 487/487
f 489/489 490/490 491/491
f 490/490 492/492 491/491
f 493/493 494/494 495/495
f 494/494 496/496 495/495
f 497/497 498/498 499/499
f 498/498 500/500 499/499
f 501/501 502/502 503/503
f 502/502 504/504 503/503
f 505/505 506/506 507/507
f 506/506 508/508 507/507
f 509/509 510/510 511/511
f 510/510 512/512 511/511
f 513/513 514/514 515/515
f 514/514 516/516 515/515
f 517/517 518/518 519/519
f 518/518 520/520 519/519
f 521/521 522/522 523/523
f 522/522 524/524 523/523
f 525/525 526/526 527/527
f 526/526 528/528 527/527
f 529/529 530/530 531/531
f 530/530 532/532 531/531
f 533/533 534/534 535/535
f 534/534 536/536 535/535
f 537/537 538/538 539/539
f 538/538 540/540 539/539
f 541/541 542/542 543/543
f 542/542 544/544 543/543
f 545/545 546/546 547/547
f 546/546 548/548 547/547
f 549/549 550/550 551/551
f 550/550 552/552 551/551
f 553/553 554/554 555/555
f 554/554 556/556 555/555
f 557/557 558/558 559/559
f 558/558 560/560 559/559
f 561/561 562/562 563/563
f 562/562 564/564 563/563
f 565/565 566/566 567/567
f 566/566 568/568 567/567
f 569/569 570/570 571/571
f 570/570 572/572 571/571
f 573/573 574/574 575/575
f 574/574 576/576 575/575
f 577/577 578/578 579/579
f 578/578 580/580 579/579
f 581/581 582/582 583/583
f 582/582 584/584 583/583
f 585/585 586/586 587/587
f 586/586 588/588 587/587
f 589/589 590/590 591/591
f 590/590 592/592 591/591
f 593/593 594/594 595/595
f 594/594 596/596 595/595
f 597/597 598/598 599/599
f 598/598 600/600 599/599
f 601/601 602/602 603/603
f 602/602 604/604 603/603
f 605/605 606/606 607/607
f 606/606 608/608 607/607
f 609/609 610/610 611/611
f 610/610 612/612 611/611
f 613/613 614/614 615/615
f 614/614 616/616 615/615
f 617/617 618/618 619/619
f 618/618 620/620 619/619
f 621/621 622/622 623/623
f 622/622 624/624 623/623
f 625/625 626/626 627/627
f 626/626 628/628 627/627
f 629/629 630/630 631/631
f 630/630 632/632 631/631
f 633/633 634/634 635/635
f 634/634 636/636 635/635
f 637/637 638/638 639/639
f 638/638 640/640 639/639
f 641/641 642/642 643/643
f 642/642 644/644 643/643
f 645/645 646/646 647/647
f 646/646 648/648 647/647
f 649/649 650/650 651/651
f 650/650 652/652 651/651
f 653/653 654/654 655/655
f 654/654 656/656 655/655
f 657/657 658/658 659/659
f 658/658 660/660 659/659
f 661/661 662/662 663/663
f 662/662 664/664 663/663
f 665/665 666/666 667/667
f 666/666 668/668 667/667
f 669/669 670/670 671/671
f 670/670 672/672 671/671
f 673/673 674/674 675/675
f 674/674 676/676 675/675
f 677/677 678/678 679/679
f 678/678 680/680 679/679
f 681/681 682/682 683/683
f 682/682 684/684 683/683
f 685/685 686/686 687/687
f 686/686 688/688 687/687
f 689/689 690/690 691/691
f 690/690 692/692 691/691
f 693/693 694/694 695/695
f 694/694 696/696 695/695
f 697/697 698/698 699/699
f 698/698 700/700 699/699
f 701/701 702/702 703/703
f 702/702 704/704 703/703
f 705/705 706/706 707/707
f 706/706 708/708 707/707
f 709/709 710/710 711/711
f 710/710 712/712 711/711
f 713/713 714/714 715/715
f 714/714 716/716 715/715
f 717/717 718/718 719/719
f 718/718 720/720 719/719
f 721/721 722/722 723/723
f 722/722 724/724 723/723
f 725/725 726/726 727/727
f 726/726 728/728 727/727
f 729/729 730/730 731/731
f 730/730 732/732 731/731
f 733/733 734/734 735/735
f 734/734 736/736 735/735
f 737/737 738/738 739/739
f 738/738 740/740 739/739
f 741/741 742/742 743/743
f 742/742 744/744 743/743
f 745/745 746/746 747/747
f 746/746 748/748 747/747
f 749/749 750/750 751/751
f 750/750 752/752 751/751
f 753/753 754/754 755/755
f 754/754 756/756 755/755
f 757/757 758/758 759/759
f 758/758 760/760 759/759
f 761/761 762/762 763/763
f 762/762 764/764 763/763
f 765/765 766/766 767/767
f 766/766 768/768 767/767
f 769/769 770/770 771/771
f 770/770 772/772 771/771
f 773/773 774/774 775/775
f 774/774 776/776 775/775
f 777/777 778/778 779/779
f 778/778 780/780 779/779
f 781/781 782/782 783/783
f 782/782 784/784 783/783
f 785/785 786/786 787/787
f 786/786 788/788 787/787
f 789/789 790/790 791/791
f 790/790 792/792 791/791
f 793/793 794/794 795/795
f 794/794 796/796 795/795
f 797/797 798/798 799/799
f 798/798 800/800 799/799
f 801/801 802/802 803/803
f 802/802 804/804 803/803
f 805/805 806/806 807/807
f 806/806 808/808 807/807
f 809/809 810/810 811/811
f 810/810 812/812 811/811
f 813/813 814/814 815/815
f 814/814 816/816 815/815
f 817/817 818/818 819/819
f 818/818 820/820 819/819
f 821/821 822/822 823/823
f 822/822 824/824 823/823
f 825/825 826/826 827/827
f 826/826 828/828 827/827
f 829/829 830/830 831/831
f 830/830 832/832 831/831
f 833/833 834/834 835/835
f 834/834 836/836 835/835
f 837/837 838/838 839/839
f 838/838 840/840 839/839
f 841/841 842/842 843/843
f 842/842 844/844 843/843
f 845/845 846/846 847/847
f 846/846 848/848 847/847
f 849/849 850/850 851/851
f 850/850 852/852 851/851
f 853/853 854/854 855/855
f 854/854 856/856 855/855
f 857/857 858/858 859/859
f 858/858 860/860 859/859
f 861/861 862/862 863/863
f 862/862 864/864 863/863
f 865/865 866/866 867/867
f 866/866 868/868 867/867
f 869/869 870/870 871/871
f 870/870 872/872 871/871
f 873/873 874/874 875/875
f 874/874 876/876 875/875
f 877/877 878/878 879/879
f 878/878 880/880 879/879
f 881/881 882/882 883/883
f 882/882 884/884 883/883
f 885/885 886/886 887/887
f 886/886 888/888 887/887
f 889/889 890/890 891/891
f 890/890 892/892 891/891
f 893/893 894/894 895/895
f 894/894 896/896 895/895
f 897/897 898/898 899/899
f 898/898 900/900 899/899
f 901/901 902/902 903/903
f 902/902 904/904 903/903
f 905/905 906/906 907/907
f 906/906 908/908 907/907
f 909/909 910/910 911/911
f 910/910 912/912 911/911
f 913/913 914/914 915/915
f 914/914 916/916 915/915
f 917/917 918/918 919/919
f 918/918 920/920 919/919
f 921/921 922/922 923/923
f 922/922 924/924 923/923
f 925/925 926/926 927/927
f 926/926 928/928 927/927
f 929/929 930/930 931/931
f 930/930 932/932 931/931
f 933/933 934/934 935/935
f 934/934 936/936 935/935
f 937/937 938/938 939/939
f 938/938 940/940 939/939
f 941/941 942/942 943/943
f 942/942 944/944 943/943
f 945/945 946/946 947/947
f 946/946 948/948 947/947
f 949/949 950/950 951/951
f 950/950 952/952 951/951
f 953/953 954/954 955/955
f 954/954 956/956 955/955
f 957/957 958/958 959/959
f 958/958 960/960 959/959
f 961/961 962/962 963/963
f 962/962 964/964 963/963
f 965/965 966/966 967/967
f 966/966 968/968 967/967
f 969/969 970/970 971/971
f 970/970 972/972 971/971
f 973/973 974/974 975/975
f 974/974 976/976 975/975
f 977/977 978/978 979/979
f 978/978 980/980 979/979
f 981/981 982/982 983/983
f 982/982 984/984 983/983
f 985/985 986/986 987/987
f 986/986 988/988 987/987
f 989/989 990/990 991/991
f 990/990 992/992 991/991
f 993/993 994/994 995/995
f 994/994 996/996 995/995
f 997/997 998/998 999/999
f 998/998 1000/1000 999/999
f 1001/1001 1002/1002 1003/1003
f 1002/1002 1004/1004 1003/1003
f 1005/1005 1006/1006 1007/1007
f 1006/1006 1008/1008 1007/1007
f 1009/1009 1010/1010 1011/1011
f 1010/1010 1012/1012 1011/1011
f 1013/1013 1014/1014 1015/1015
f 1014/1014 1016/1016 1015/1015
f 1017/1017 1018/1018 1019/1019
f 1018/1018 1020/1020 1019/1019
f 1021/1021 1022/1022 1023/1023
f 1022/1022 1024/1024 1023/1023
f 1025/1025 1026/1026 1027/1027
f 1026/1026 1028/1028 1027/1027
f 1029/1029 1030/1030 1031/1031
f 1030/1030 1032/1032 1031/1031
f 1033/1033 1034/1034 1035/1035
f 1034/1034 1036/1036 1035/1035
f 1037/1037 1038/1038 1039/1039
f 1038/1038 1040/1040 1039/1039
f 1041/1041 1042/1042 1043/1043
f 1042/1042 1044/1044 1043/1043
f 1045/1045 1046/1046 1047/1047
f 1046/1046 1048/1048 1047/1047
f 1049/1049 1050/1050 1051/1051
f 1050/1050 1052/1052 1051/1051
f 1053/1053 1054/1054 1055/1055
f 1054/1054 1056/1056 1055/1055
f 1057/1057 1058/1058 1059/1059
f 1058/1058 1060/1060 1059/1059
f 1061/1061 1062/1062 1063/1063
f 1062/1062 1064/1064 1063/1063
f 1065/1065 1066/1066 1067/1067
f 1066/1066 1068/1068 1067/1067
f 1069/1069 1070/1070 1071/1071
f 1070/1070 1072/1072 1071/1071
f 1073/1073 1074/1074 1075/1075
f 1074/1074 1076/1076 1075/1075
f 1077/1077 1078/1078 1079/1079
f 1078/1078 1080/1080 1079/1079
f 1081/1081 1082/1082 1083/1083
f 1082/1082 1084/1084 1083/1083
f 1085/1085 1086/1086 1087/1087
f 1086/1086 1088/1088 1087/1087
f 1089/1089 1090/1090 1091/1091
f 1090/1090 1092/1092 1091/1091
f 1093/1093 1094/1094 1095/1095
f 1094/1094 1096/1096 1095/1095
f 1097/1097 1098/1098 1099/1099
f 1098/1098 1100/1100 1099/1099
f 1101/1101 1102/1102 1103/1103
f 1102/1102 1104/1104 1103/1103
f 1105/1105 1106/1106 1107/1107
f 1106/1106 1108/1108 1107/1107
f 1109/1109 1110/1110 1111/1111
f 1110/1110 1112/1112 1111/1111
f 1113/1113 1114/1114 1115/1115
f 1114/1114 1116/1116 1115/1115
f 1117/1117 1118/1118 1119/1119
f 1118/1118 1120/1120 1119/1119
f 1121/1121 1122/1122 1123/1123
f 1122/1122 1124/1124 1123/1123
f 1125/1125 1126/1126 1127/1127
f 1126/1126 1128/1128 1127/1127
f 1129/1129 1130/1130 1131/1131
f 1130/1130 1132/1132 1131/1131
f 1133/1133 1134/1134 1135/1135
f 1134/1134 1136/1136 1135/1135
f 1137/1137 1138/1138 1139/1139
f 1138/1138 1140/1140 1139/1139
f 1141/1141 1142/1142 1143/1143
f 1142/1142 1144/1144 1143/1143
f 1145/1145 1146/1146 1147/1147
f 1146/1146 1148/1148 1147/1147
f 1149/1149 1150/1150 1151/1151
f 1150/1150 1152/1152 1151/1151
f 1153/1153 1154/1154 1155/1155
f 1154/1154 1156/1156 1155/1155
f 1157/1157 1158/1158 1159/1159
f 1158/1158 1160/1160 1159/1159
f 1161/1161 1162/1162 1163/1163
f 1162/1162 1164/1164 1163/1163
f 1165/1165 1166/1166 1167/1167
f 1166/1166 1168/1168 1167/1167
f 1169/1169 1170/1170 1171/1171
f 1170/1170 1172/1172 1171/1171
f 1173/1173 1174/1174 1175/1175
f 1174/1174 1176/1176 1175/1175
f 1177/1177 1178/1178 1179/1179
f 1178/1178 1180/1180 1179/1179
f 1181/1181 1182/1182 1183/1183
f 1182/1182 1184/1184 1183/1183
f 1185/1185 1186/1186 1187/1187
f 1186/1186 1188/1188 1187/1187
f 1189/1189 1190/1190 1191/1191
f 1190/1190 1192/1192 1191/1191
f 1193/1193 1194/1194 1195/1195
f 1194/1194 1196/1196 1195/1195
f 1197/1197 1198/1198 1199/1199
f 1198/1198 1200/1200 1199/1199
f 1201/1201 1202/1202 1203/1203
f 1202/1202 1204/1204 1203/1203
f 1205/1205 1206/1206 1207/1207
f 1206/1206 1208/1208 1207/1207
f 1209/1209 1210/1210 1211/1211
f 1210/1210 1212/1212 1211/1211
f 1213/1213 1214/1214 1215/1215
f 1214/1214 1216/1216 1215/1215
f 1217/1217 1218/1218 1219/1219
f 1218/1218 1220/1220 1219/1219
f 1221/1221 1222/1222 1223/1223
f 1222/1222 1224/1224 1223/1223
f 1225/1225 1226/1226 1227/1227
f 1226/1226 1228/1228 1227/1227
f 1229/1229 1230/1230 1231/1231
f 1230/1230 1232/1232 1231/1231
f 1233/1233 1234/1234 1235/1235
f 1234/1234 1236/1236 1235/1235
f 1237/1237 1238/1238 1239/1239
f 1238/1238 1240/1240 1239/1239
f 1241/1241 1242/1242 1243/1243
f 1242/1242 1244/1244 1243/1243
f 1245/1245 1246/1246 1247/1247
f 1246/1246 1248/1248 1247/1247
f 1249/1249 1250/1250 1251/1251
f 1250/1250 1252/1252 1251/1251
f 1253/1253 1254/1254 1255/1255
f 1254/1254 1256/1256 1255/1255
f 1257/1257 1258/1258 1259/1259
f 1258/1258 1260/1260 1259/1259
f 1261/1261 1262/1262 1263/1263
f 1262/1262 1264/1264 1263/1263
f 1265/1265 1266/1266 1267/1267
f 1266/1266 1268/1268 1267/1267
f 1269/1269 1270/1270 1271/1271
f 1270/1270 1272/1272 1271/1271
f 1273/1273 1274/1274 1275/1275
f 1274/1274 1276/1276 1275/1275
f 1277/1277 1278/1278 1279/1279
f 1278/1278 1280/1280 1279/1279
f 1281/1281 1282/1282 1283/1283
f 1282/1282 1284/1284 1283/1283
f 1285/1285 1286/1286 1287/1287
f 1286/1286 1288/1288 1287/1287
f 1289/1289 1290/1290 1291/1291
f 1290/1290 1292/1292 1291/1291
f 1293/1293 1294/1294 1295/1295
f 1294/1294 1296/1296 1295/1295
f 1297/1297 1298/1298 1299/1299
f 1298/1298 1300/1300 1299/1299
f 1301/1301 1302/1302 1303/1303
f 1302/1302 1304/1304 1303/1303
f 1305/1305 1306/1306 1307/1307
f 1306/1306 1308/1308 1307/1307
f 1309/1309 1310/1310 1311/1311
f 1310/1310 1312/1312 1311/1311
f 1313/1313 1314/1314 1315/1315
f 1314/1314 1316/1316 1315/1315
f 1317/1317 1318/1318 1319/1319
f 1318/1318 1320/1320 1319/1319
f 1321/1321 1322/1322 1323/1323
f 1322/1322 1324/1324 1323/1323
f 1325/1325 1326/1326 1327/1327
f 1326/1326 1328/1328 1327/1327
f 1329/1329 1330/1330 1331/1331
f 1330/1330 1332/1332 1331/1331
f 1333/1333 1334/1334 1335/1335
f 1334/1334 1336/1336 1335/1335
f 1337/1337 1338/1338 1339/1339
f 1338/1338 1340/1340 1339/1339
f 1341/1341 1342/1342 1343/1343
f 1342/1342 1344/1344 1343/1343
f 1345/1345 1346/1346 1347/1347
f 1346/1346 1348/1348 1347/1347
f 1349/1349 1350/1350 1351/1351
f 1350/1350 1352/1352 1351/1351
f 1353/1353 1354/1354 1355/1355
f 1354/1354 1356/1356 1355/1355
f 1357/1357 1358/1358 1359/1359
f 1358/1358 1360/1360 1359/1359
f 1361/1361 1362/1362 1363/1363
f 1362/1362 1364/1364 1363/1363
f 1365/1365 1366/1366 1367/1367
f 1366/1366 1368/1368 1367/1367
f 1369/1369 1370/1370 1371/1371
f 1370/1370 1372/1372 1371/1371
f 1373/1373 1374/1374 1375/1375
f 1374/1374 1376/1376 1375/1375
f 1377/1377 1378/1378 1379/1379
f 1378/1378 1380/1380 1379/1379
f 1381/1381 1382/1382 1383/1383
f 1382/1382 1384/1384 1383/1383
f 1385/1385 1386/1386 1387/1387
f 1386/1386 1388/1388 1387/1387
f 1389/1389 1390/1390 1391/1391
f 1390/1390 1392/1392 1391/1391
f 1393/1393 1394/1394 1395/1395
f 1394/1394 1396/1396 1395/1395
f 1397/1397 1398/1398 1399/1399
f 1398/1398 1400/1400 1399/1399
f 1401/1401 1402/1402 1403/1403
f 1402/1402 1404/1404 1403/1403
f 1405/1405 1406/1406 1407/1407
f 1406/1406 1408/1408 1407/1407
f 1409/1409 1410/1410 1411/1411
f 1410/1410 1412/1412 1411/1411
f 1413/1413 1414/1414 1415/1415
f 1414/1414 1416/1416 1415/1415
f 1417/1417 1418/1418 1419/1419
f 1418/1418 1420/1420 1419/1419
f 1421/1421 1422/1422 1423/1423
f 1422/1422 1424/1424 1423/1423
f 1425/1425 1426/1426 1427/1427
f 1426/1426 1428/1428 1427/1427
f 1429/1429 1430/1430 1431/1431
f 1430/1430 1432/1432 1431/1431
f 1433/1433 1434/1434 1435/1435
f 1434/1434 1436/1436 1435/1435
f 1437/1437 1438/1438 1439/1439
f 1438/1438 1440/1440 1439/1439
f 1441/1441 1442/1442 1443/1443
f 1442/1442 1444/1444 1443/1443
f 1445/1445 1446/1446 1447/1447
f 1446/1446 1448/1448 1447/1447
f 1449/1449 1450/1450 1451/1451
f 1450/1450 1452/1452 1451/1451
f 1453/1453 1454/1454 1455/1455
f 1454/1454 1456/1456 1455/1455
f 1457/1457 1458/1458 1459/1459
f 1458/1458 1460/1460 1459/1459
f 1461/1461 1462/1462 1463/1463
f 1462/1462 1464/1464 1463/1463
f 1465/1465 1466/1466 1467/1467
f 1466/1466 1468/1468 1467/1467
f 1469/1469 1470/1470 1471/1471
f 1470/1470 1472/1472 1471/1471
f 1473/1473 1474/1474 1475/1475
f 1474/1474 1476/1476 1475/1475
f 1477/1477 1478/1478 1479/1479
f 1478/1478 1480/1480 1479/1479
f 1481/1481 1482/1482 1483/1483
f 1482/1482 1484/1484 1483/1483
f 1485/1485 1486/1486 1487/1487
f 1486/1486 1488/1488 1487/1487
f 1489/1489 1490/1490 1491/1491
f 1490/1490 1492/1492 1491/1491
f 1493/1493 1494/1494 1495/1495
f 1494/1494 1496/1496 1495/1495
f 1497/1497 1498/1498 1499/1499
f 1498/1498 1500/1500 1499/1499
f 1501/1501 1502/1502 1503/1503
f 1502/1502 1504/1504 1503/1503
f 1505/1505 1506/1506 1507/1507
f 1506/1506 1508/1508 1507/1507
f 1509/1509 1510/1510 1511/1511
f 1510/1510 1512/1512 1511/1511
f 1513/1513 1514/1514 1515/1515
f 1514/1514 1516/1516 1515/1515
f 1517/1517 1518/1518 1519/1519
f 1518/1518 1520/1520 1519/1519
f 1521/1521 1522/1522 1523/1523
f 1522/1522 1524/1524 1523/1523
f 1525/1525 1526/1526 1527/1527
f 1526/1526 1528/1528 1527/1527
f 1529/1529 1530/1530 1531/1531
f 1530/1530 1532/1532 1531/1531
f 1533/1533 1534/1534 1535/1535
f 1534/1534 1536/1536 1535/1535
f 1537/1537 1538/1538 1539/1539
f 1538/1538 1540/1540 1539/1539
f 1541/1541 1542/1542 1543/1543
f 1542/1542 1544/1544 1543/1543
f 1545/1545 1546/1546 1547/1547
f 1546/1546 1548/1548 1547/1547
f 1549/1549 1550/1550 1551/1551
f 1550/1550 1552/1552 1551/1551
f 1553/1553 1554/1554 1555/1555
f 1554/1554 1556/1556 1555/1555
f 1557/1557 1558/1558 1559/1559
f 1558/1558 1560/1560 1559/1559
f 1561/1561 1562/1562 1563/1563
f 1562/1562 1564/1564 1563/1563
f 1565/1565 1566/1566 1567/1567
f 1566/1566 1568/1568 1567/1567
f 1569/1569 1570/1570 1571/1571
f 1570/1570 1572/1572 1571/1571
f 1573/1573 1574/1574 1575/1575
f 1574/1574 1576/1576 1575/1575
f 1577/1577 1578/1578 1579/1579
f 1578/1578 1580/1580 1579/1579
f 1581/1581 1582/1582 1583/1583
f 1582/1582 1584/1584 1583/1583
f 1585/1585 1586/1586 1587/1587
f 1586/1586 1588/1588 1587/1587
f 1589/1589 1590/1590 1591/1591
f 1590/1590 1592/1592 1591/1591
f 1593/1593 1594/1594 1595/1595
f 1594/1594 1596/1596 1595/1595
f 1597/1597 1598/1598 1599/1599
f 1598/1598 1600/1600 1599/1599
f 1601/1601 1602/1602 1603/1603
f 1602/1602 1604/1604 1603/1603
f 1605/1605 1606/1606 1607/1607
f 1606/1606 1608/1608 1607/1607
f 1609/1609 1610/1610 1611/1611
f 1610/1610 1612/1612 1611/1611
f 1613/1613 1614/1614 1615/1615
f 1614/1614 1616/1616 1615/1615
f 1617/1617 1618/1618 1619/1619
f 1618/1618 1620/1620 1619/1619
f 1621/1621 1622/1622 1623/1623
f 1622/1622 1624/1624 1623/1623
f 1625/1625 1626/1626 1627/1627
f 1626/1626 1628/1628 1627/1627
f 1629/1629 1630/1630 1631/1631
f 1630/1630 1632/1632 1631/1631
f 1633/1633 1634/1634 1635/1635
f 1634/1634 1636/1636 1635/1635
f 1637/1637 1638/1638 1639/1639
f 1638/1638 1640/1640 1639/1639
f 1641/1641 1642/1642 1643/1643
f 1642/1642 1644/1644 1643/1643
f 1645/1645 1646/1646 1647/1647
f 1646/1646 1648/1648 1647/1647
f 1649/1649 1650/1650 1651/1651
f 1650/1650 1652/1652 1651/1651
f 1653/1653 1654/1654 1655/1655
f 1654/1654 1656/1656 1655/1655
f 1657/1657 1658/1658 1659/1659
f 1658/1658 1660/1660 1659/1659
f 1661/1661 1662/1662 1663/1663
f 1662/1662 1664/1664 1663/1663
f 1665/1665 1666/1666 1667/1667
f 1666/1666 1668/1668 1667/1667
f 1669/1669 1670/1670 1671/1671
f 1670/1670 1672/1672 1671/1671
f 1673/1673 1674/1674 1675/1675
f 1674/1674 1676/1676 1675/1675
f 1677/1677 1678/1678 1679/1679
f 1678/1678 1680/1680 1679/1679
f 1681/1681 1682/1682 1683/1683
f 1682/1682 1684/1684 1683/1683
f 1685/1685 1686/1686 1687/1687
f 1686/1686 1688/1688 1687/1687
f 1689/1689 1690/1690 1691/1691
f 1690/1690 1692/1692 1691/1691
f 1693/1693 1694/1694 1695/1695
f 1694/1694 1696/1696 1695/1695
f 1697/1697 1698/1698 1699/1699
f 1698/1698 1700/1700 1699/1699
f 1701/1701 1702/1702 1703/1703
f 1702/1702 1704/1704 1703/1703
f 1705/1705 1706/1706 1707/1707
f 1706/1706 1708/1708 1707/1707
f 1709/1709 1710/1710 1711/1711
f 1710/1710 1712/1712 1711/1711
f 1713/1713 1714/1714 1715/1715
f 1714/1714 1716/1716 1715/1715
f 1717/1717 1718/1718 1719/1719
f 1718/1718 1720/1720 1719/1719
f 1721/1721 1722/1722 1723/1723
f 1722/1722 1724/1724 1723/1723
f 1725/1725 1726/1726 1727/1727
f 1726/1726 1728/1728 1727/1727
f 1729/1729 1730/1730 1731/1731
f 1730/1730 1732/1732 1731/1731
f 1732/1732 1733/1733 1731/1731
f 1734/1734 1735/1735 1736/1736
f 1735/1735 1737/1737 1736/1736
f 1738/1738 1739/1739 1740/1740
f 1741/1741 1742/1742 1743/1743
f 1743/1743 1742/1742 1744/1744
f 1744/1744 1742/1742 1745/1745
f 1742/1742 1746/1746 1745/1745
f 1746/1746 1747/1747 1745/1745
f 1745/1745 1747/1747 1748/1748
f 1748/1748 1747/1747 1749/1749
f 1747/1747 1750/1750 1749/1749
f 1750/1750 1751/1751 1749/1749
f 1751/1751 1752/1752 1749/1749
f 1753/1753 1754/1754 1755/1755
f 1754/1754 1756/1756 1755/1755
f 1755/1755 1756/1756 1757/1757
f 1756/1756 1758/1758 1757/1757
f 1757/1757 1758/1758 1759/1759
f 1758/1758 1760/1760 1759/1759
f 1759/1759 1760/1760 1761/1761
f 1760/1760 1762/1762 1761/1761
f 1761/1761 1762/1762 1763/1763
f 1762/1762 1764/1764 1763/1763
f 1763/1763 1764/1764 1765/1765
f 1764/1764 1766/1766 1765/1765
f 1765/1765 1766/1766 1767/1767
f 1766/1766 1768/1768 1767/1767
f 1767/1767 1768/1768 1769/1769
f 1768/1768 1770/1770 1769/1769
f 1771/1771 1772/1772 1773/1773
f 1774/1774 1775/1775 1776/1776
f 1777/1777 1778/1778 1779/1779
f 1780/1780 1781/1781 1782/1782
f 1781/1781 1783/1783 1782/1782
f 1783/1783 1784/1784 1782/1782
f 1785/1785 1786/1786 1787/1787
f 1786/1786 1788/1788 1787/1787
f 1789/1789 1790/1790 1791/1791
f 1790/1790 1792/1792 1791/1791
f 1792/1792 1793/1793 1791/1791
f 1791/1791 1793/1793 1794/1794
f 1794/1794 1793/1793 1795/1795
f 1793/1793 1796/1796 1795/1795
f 1796/1796 1797/1797 1795/1795
f 1795/1795 1797/1797 1798/1798
f 1798/1798 1797/1797 1799/1799
f 1797/1797 1800/1800 1799/1799
f 1800/1800 1801/1801 1799/1799
f 1802/1802 1803/1803 1804/1804
f 1803/1803 1805/1805 1804/1804
f 1804/1804 1805/1805 1806/1806
f 1805/1805 1807/1807 1806/1806
f 1806/1806 1807/1807 1808/1808
f 1807/1807 1809/1809 1808/1808
f 1808/1808 1809/1809 1810/1810
f 1809/1809 1811/1811 1810/1810
f 1811/1811 1812/1812 1810/1810
f 1810/1810 1812/1812 1813/1813
f 1812/1812 1814/1814 1813/1813
f 1815/1815 1816/1816 1817/1817
f 1817/1817 1816/1816 1818/1818
f 1816/1816 1819/1819 1818/1818
f 1818/1818 1819/1819 1820/1820
f 1819/1819 1821/1821 1820/1820
f 1820/1820 1821/1821 1822/1822
f 1821/1821 1823/1823 1822/1822
f 1822/1822 1823/1823 1824/1824
f 1823/1823 1825/1825 1824/1824
f 1824/1824 1825/1825 1826/1826
f 1825/1825 1827/1827 1826/1826
f 1826/1826 1827/1827 1828/1828
f 1827/1827 1829/1829 1828/1828
f 1828/1828 1829/1829 1830/1830
f 1829/1829 1831/1831 1830/1830
f 1830/1830 1831/1831 1832/1832
f 1831/1831 1833/1833 1832/1832
f 1832/1832 1833/1833 1834/1834
f 1833/1833 1835/1835 1834/1834
f 1834/1834 1835/1835 1836/1836
f 1835/1835 1837/1837 1836/1836
f 1836/1836 1837/1837 1838/1838
f 1837/1837 1839/1839 1838/1838
f 1838/1838 1839/1839 1840/1840
f 1839/1839 1841/1841 1840/1840
f 1840/1840 1841/1841 1842/1842
f 1841/1841 1843/1843 1842/1842
f 1842/1842 1843/1843 1844/1844
f 1843/1843 1845/1845 1844/1844
f 1844/1844 1845/1845 1846/1846
f 1845/1845 1847/1847 1846/1846
f 1846/1846 1847/1847 1848/1848
f 1847/1847 1849/1849 1848/1848
f 1848/1848 1849/1849 1850/1850
f 1849/1849 1851/1851 1850/1850
f 1850/1850 1851/1851 1852/1852
f 1851/1851 1853/1853 1852/1852
f 1852/1852 1853/1853 1854/1854
f 1853/1853 1855/1855 1854/1854
f 1854/1854 1855/1855 1856/1856
f 1855/1855 1857/1857 1856/1856
f 1856/1856 1857/1857 1858/1858
f 1857/1857 1859/1859 1858/1858
f 1858/1858 1859/1859 1860/1860
f 1859/1859 1861/1861 1860/1860
f 1860/1860 1861/1861 1862/1862
f 1861/1861 1863/1863 1862/1862
f 1862/1862 1863/1863 1864/1864
f 1863/1863 1865/1865 1864/1864
f 1864/1864 1865/1865 1866/1866
f 1865/1865 1867/1867 1866/1866
f 1866/1866 1867/1867 1868/1868
f 1867/1867 1869/1869 1868/1868
f 1868/1868 1869/1869 1870/1870
f 1869/1869 1871/1871 1870/1870
f 1870/1870 1871/1871 1872/1872
f 1871/1871 1873/1873 1872/1872
f 1872/1872 1873/1873 1874/1874
f 1873/1873 1875/1875 1874/1874
f 1874/1874 1875/1875 1876/1876
f 1875/1875 1877/1877 1876/1876
f 1876/1876 1877/1877 1878/1878
f 1877/1877 1879/1879 1878/1878
f 1878/1878 1879/1879 1880/1880
f 1879/1879 1881/1881 1880/1880
f 1880/1880 1881/1881 1882/1882
f 1881/1881 1883/1883 1882/1882
f 1882/1882 1883/1883 1884/1884
f 1883/1883 1885/1885 1884/1884
f 1884/1884 1885/1885 1886/1886
f 1885/1885 1887/1887 1886/1886
f 1886/1886 1887/1887 1888/1888
f 1887/1887 1889/1889 1888/1888
f 1888/1888 1889/1889 1890/1890
f 1889/1889 1891/1891 1890/1890
f 1890/1890 1891/1891 1892/1892
f 1891/1891 1893/1893 1892/1892
f 1892/1892 1893/1893 1894/1894
f 1893/1893 1895/1895 1894/1894
f 1894/1894 1895/1895 1896/1896
f 1895/1895 1897/1897 1896/1896
f 1896/1896 1897/1897 1898/1898
f 1897/1897 1899/1899 1898/1898
f 1898/1898 1899/1899 1900/1900
f 1899/1899 1901/1901 1900/1900
f 1900/1900 1901/1901 1902/1902
f 1901/1901 1903/1903 1902/1902
f 1902/1902 1903/1903 1904/1904
f 1903/1903 1905/1905 1904/1904
f 1904/1904 1905/1905 1906/1906
f 1905/1905 1907/1907 1906/1906
f 1906/1906 1907/1907 1908/1908
f 1907/1907 1909/1909 1908/1908
f 1908/1908 1909/1909 1910/1910
f 1909/1909 1911/1911 1910/1910
f 1910/1910 1911/1911 1912/1912
f 1911/1911 1913/1913 1912/1912
f 1912/1912 1913/1913 1914/1914
f 1913/1913 1915/1915 1914/1914
f 1914/1914 1915/1915 1916/1916
f 1915/1915 1917/1917 1916/1916
f 1916/1916 1917/1917 1918/1918
f 1917/1917 1919/1919 1918/1918
f 1918/1918 1919/1919 1920/1920
f 1919/1919 1921/1921 1920/1920
f 1920/1920 1921/1921 1922/1922
f 1921/1921 1923/1923 1922/1922
f 1922/1922 1923/1923 1924/1924
f 1923/1923 1925/1925 1924/1924
f 1924/1924 1925/1925 1926/1926
f 1925/1925 1927/1927 1926/1926
f 1926/1926 1927/1927 1928/1928
f 1927/1927 1929/1929 1928/1928
f 1928/1928 1929/1929 1930/1930
f 1929/1929 1931/1931 1930/1930
f 1930/1930 1931/1931 1932/1932
f 1931/1931 1933/1933 1932/1932
f 1932/1932 1933/1933 1934/1934
f 1933/1933 1935/1935 1934/1934
f 1934/1934 1935/1935 1936/1936
f 1935/1935 1937/1937 1936/1936
f 1936/1936 1937/1937 1938/1938
f 1937/1937 1939/1939 1938/1938
f 1938/1938 1939/1939 1940/1940
f 1939/1939 1941/1941 1940/1940
f 1940/1940 1941/1941 1942/1942
f 1941/1941 1815/1815 1942/1942
f 1815/1815 1817/1817 1942/1942
f 1943/1943 1944/1944 1945/1945
f 1944/1944 1946/1946 1945/1945
f 1946/1946 1947/1947 1945/1945
f 1945/1945 1947/1947 1948/1948
f 1948/1948 1947/1947 1949/1949
f 1947/1947 1950/1950 1949/1949
f 1950/1950 1951/1951 1949/1949
f 1949/1949 1951/1951 1952/1952
f 1952/1952 1951/1951 1953/1953
f 1951/1951 1954/1954 1953/1953
f 1954/1954 1955/1955 1953/1953
f 1953/1953 1955/1955 1956/1956
f 1956/1956 1955/1955 1957/1957
f 1955/1955 1958/1958 1957/1957
f 1958/1958 1959/1959 1957/1957
f 1957/1957 1959/1959 1960/1960
f 1960/1960 1959/1959 1961/1961
f 1959/1959 1962/1962 1961/1961
f 1962/1962 1963/1963 1961/1961
f 1961/1961 1963/1963 1964/1964
f 1964/1964 1963/1963 1965/1965
f 1963/1963 1966/1966 1965/1965
f 1966/1966 1967/1967 1965/1965
f 1965/1965 1967/1967 1968/1968
f 1968/1968 1967/1967 1969/1969
f 1967/1967 1970/1970 1969/1969
f 1970/1970 1971/1971 1969/1969
f 1969/1969 1971/1971 1972/1972
f 1972/1972 1971/1971 1973/1973
f 1971/1971 1974/1974 1973/1973
f 1974/1974 1975/1975 1973/1973
f 1973/1973 1975/1975 1976/1976
f 1976/1976 1975/1975 1977/1977
f 1975/1975 1978/1978 1977/1977
f 1978/1978 1979/1979 1977/1977
f 1977/1977 1979/1979 1980/1980
f 1980/1980 1979/1979 1981/1981
f 1979/1979 1982/1982 1981/1981
f 1982/1982 1983/1983 1981/1981
f 1981/1981 1983/1983 1984/1984
f 1984/1984 1983/1983 1985/1985
f 1983/1983 1986/1986 1985/1985
f 1986/1986 1987/1987 1985/1985
f 1985/1985 1987/1987 1988/1988
f 1988/1988 1987/1987 1989/1989
f 1987/1987 1990/1990 1989/1989
f 1990/1990 1991/1991 1989/1989
f 1989/1989 1991/1991 1992/1992
f 1992/1992 1991/1991 1993/1993
f 1991/1991 1994/1994 1993/1993
f 1994/1994 1995/1995 1993/1993
f 1993/1993 1995/1995 1996/1996
f 1996/1996 1995/1995 1997/1997
f 1995/1995 1998/1998 1997/1997
f 1998/1998 1999/1999 1997/1997
f 1997/1997 1999/1999 2000/2000
f 2000/2000 1999/1999 2001/2001
f 1999/1999 2002/2002 2001/2001
f 2002/2002 2003/2003 2001/2001
f 2001/2001 2003/2003 2004/2004
f 2004/2004 2003/2003 2005/2005
f 2003/2003 2006/2006 2005/2005
f 2006/2006 2007/2007 2005/2005
f 2005/2005 2007/2007 2008/2008
f 2008/2008 2007/2007 2009/2009
f 2007/2007 2010/2010 2009/2009
f 2010/2010 2011/2011 2009/2009
f 2009/2009 2011/2011 2012/2012
f 2012/2012 2011/2011 2013/2013
f 2011/2011 2014/2014 2013/2013
f 2014/2014 2015/2015 2013/2013
f 2013/2013 2015/2015 2016/2016
f 2016/2016 2015/2015 2017/2017
f 2015/2015 2018/2018 2017/2017
f 2018/2018 2019/2019 2017/2017
f 2017/2017 2019/2019 2020/2020
f 2020/2020 2019/2019 2021/2021
f 2019/2019 2022/2022 2021/2021
f 2022/2022 2023/2023 2021/2021
f 2021/2021 2023/2023 2024/2024
f 2024/2024 2023/2023 2025/2025
f 2023/2023 2026/2026 2025/2025
f 2026/2026 2027/2027 2025/2025
f 2025/2025 2027/2027 2028/2028
f 2028/2028 2027/2027 2029/2029
f 2027/2027 2030/2030 2029/2029
f 2030/2030 2031/2031 2029/2029
f 2029/2029 2031/2031 2032/2032
f 2032/2032 2031/2031 2033/2033
f 2031/2031 2034/2034 2033/2033
f 2034/2034 2035/2035 2033/2033
f 2033/2033 2035/2035 2036/2036
f 2036/2036 2035/2035 2037/2037
f 2035/2035 2038/2038 2037/2037
f 2038/2038 2039/2039 2037/2037
f 2037/2037 2039/2039 2040/2040
f 2040/2040 2039/2039 2041/2041
f 2039/2039 2042/2042 2041/2041
f 2042/2042 2043/2043 2041/2041
f 2041/2041 2043/2043 2044/2044
f 2044/2044 2043/2043 2045/2045
f 2043/2043 2046/2046 2045/2045
f 2046/2046 2047/2047 2045/2045
f 2045/2045 2047/2047 2048/2048
f 2048/2048 2047/2047 2049/2049
f 2047/2047 2050/2050 2049/2049
f 2050/2050 2051/2051 2049/2049
f 2049/2049 2051/2051 2052/2052
f 2052/2052 2051/2051 2053/2053
f 2051/2051 2054/2054 2053/2053
f 2054/2054 2055/2055 2053/2053
f 2053/2053 2055/2055 2056/2056
f 2056/2056 2055/2055 2057/2057
f 2055/2055 2058/2058 2057/2057
f 2058/2058 2059/2059 2057/2057
f 2057/2057 2059/2059 2060/2060
f 2060/2060 2059/2059 2061/2061
f 2059/2059 2062/2062 2061/2061
f 2062/2062 2063/2063 2061/2061
f 2061/2061 2063/2063 2064/2064
f 2064/2064 2063/2063 2065/2065
f 2063/2063 2066/2066 2065/2065
f 2066/2066 2067/2067 2065/2065
f 2065/2065 2067/2067 2068/2068
f 2068/2068 2067/2067 2069/2069
f 2067/2067 2070/2070 2069/2069
f 2070/2070 1944/1944 2069/2069
f 1944/1944 1943/1943 2069/2069
f 2071/2071 2072/2072 2073/2073
f 2072/2072 2074/2074 2073/2073
f 2074/2074 2075/2075 2073/2073
f 2073/2073 2075/2075 2076/2076
f 2076/2076 2075/2075 2077/2077
f 2075/2075 2078/2078 2077/2077
f 2078/2078 2079/2079 2077/2077
f 2077/2077 2079/2079 2080/2080
f 2080/2080 2079/2079 2081/2081
f 2079/2079 2082/2082 2081/2081
f 2082/2082 2083/2083 2081/2081
f 2081/2081 2083/2083 2084/2084
f 2084/2084 2083/2083 2085/2085
f 2083/2083 2086/2086 2085/2085
f 2086/2086 2087/2087 2085/2085
f 2085/2085 2087/2087 2088/2088
f 2088/2088 2087/2087 2089/2089
f 2087/2087 2090/2090 2089/2089
f 2090/2090 2091/2091 2089/2089
f 2089/2089 2091/2091 2092/2092
f 2092/2092 2091/2091 2093/2093
f 2091/2091 2094/2094 2093/2093
f 2094/2094 2095/2095 2093/2093
f 2093/2093 2095/2095 2096/2096
f 2096/2096 2095/2095 2097/2097
f 2095/2095 2098/2098 2097/2097
f 2098/2098 2099/2099 2097/2097
f 2097/2097 2099/2099 2100/2100
f 2100/2100 2099/2099 2101/2101
f 2099/2099 2102/2102 2101/2101
f 2102/2102 2103/2103 2101/2101
f 2101/2101 2103/2103 2104/2104
f 2104/2104 2103/2103 2105/2105
f 2103/2103 2106/2106 2105/2105
f 2106/2106 2107/2107 2105/2105
f 2105/2105 2107/2107 2108/2108
f 2108/2108 2107/2107 2109/2109
f 2107/2107 2110/2110 2109/2109
f 2110/2110 2111/2111 2109/2109
f 2109/2109 2111/2111 2112/2112
f 2112/2112 2111/2111 2113/2113
f 2111/2111 2114/2114 2113/2113
f 2114/2114 2115/2115 2113/2113
f 2113/2113 2115/2115 2116/2116
f 2116/2116 2115/2115 2117/2117
f 2115/2115 2118/2118 2117/2117
f 2118/2118 2119/2119 2117/2117
f 2117/2117 2119/2119 2120/2120
f 2120/2120 2119/2119 2121/2121
f 2119/2119 2122/2122 2121/2121
f 2122/2122 2123/2123 2121/2121
f 2121/2121 2123/2123 2124/2124
f 2124/2124 2123/2123 2125/2125
f 2123/2123 2126/2126 2125/2125
f 2126/2126 2127/2127 2125/2125
f 2125/2125 2127/2127 2128/2128
f 2128/2128 2127/2127 2129/2129
f 2127/2127 2130/2130 2129/2129
f 2130/2130 2131/2131 2129/2129
f 2129/2129 2131/2131 2132/2132
f 2132/2132 2131/2131 2133/2133
f 2131/2131 2134/2134 2133/2133
f 2134/2134 2135/2135 2133/2133
f 2133/2133 2135/2135 2136/2136
f 2136/2136 2135/2135 2137/2137
f 2135/2135 2138/2138 2137/2137
f 2138/2138 2139/2139 2137/2137
f 2137/2137 2139/2139 2140/2140
f 2140/2140 2139/2139 2141/2141
f 2139/2139 2142/2142 2141/2141
f 2142/2142 2143/2143 2141/2141
f 2141/2141 2143/2143 2144/2144
f 2144/2144 2143/2143 2145/2145
f 2143/2143 2146/2146 2145/2145
f 2146/2146 2147/2147 2145/2145
f 2145/2145 2147/2147 2148/2148
f 2148/2148 2147/2147 2149/2149
f 2147/2147 2150/2150 2149/2149
f 2150/2150 2151/2151 2149/2149
f 2149/2149 2151/2151 2152/2152
f 2152/2152 2151/2151 2153/2153
f 2151/2151 2154/2154 2153/2153
f 2154/2154 2155/2155 2153/2153
f 2153/2153 2155/2155 2156/2156
f 2156/2156 2155/2155 2157/2157
f 2155/2155 2158/2158 2157/2157
f 2158/2158 2159/2159 2157/2157
f 2157/2157 2159/2159 2160/2160
f 2160/2160 2159/2159 2161/2161
f 2159/2159 2162/2162 2161/2161
f 2162/2162 2163/2163 2161/2161
f 2161/2161 2163/2163 2164/2164
f 2164/2164 2163/2163 2165/2165
f 2163/2163 2166/2166 2165/2165
f 2166/2166 2167/2167 2165/2165
f 2165/2165 2167/2167 2168/2168
f 2168/2168 2167/2167 2169/2169
f 2167/2167 2170/2170 2169/2169
f 2170/2170 2171/2171 2169/2169
f 2169/2169 2171/2171 2172/2172
f 2172/2172 2171/2171 2173/2173
f 2171/2171 2174/2174 2173/2173
f 2174/2174 2175/2175 2173/2173
f 2173/2173 2175/2175 2176/2176
f 2176/2176 2175/2175 2177/2177
f 2175/2175 2178/2178 2177/2177
f 2178/2178 2179/2179 2177/2177
f 2177/2177 2179/2179 2180/2180
f 2180/2180 2179/2179 2181/2181
f 2179/2179 2182/2182 2181/2181
f 2182/2182 2183/2183 2181/2181
f 2181/2181 2183/2183 2184/2184
f 2184/2184 2183/2183 2185/2185
f 2183/2183 2186/2186 2185/2185
f 2186/2186 2187/2187 2185/2185
f 2185/2185 2187/2187 2188/2188
f 2188/2188 2187/2187 2189/2189
f 2187/2187 2190/2190 2189/2189
f 2190/2190 2191/2191 2189/2189
f 2189/2189 2191/2191 2192/2192
f 2192/2192 2191/2191 2193/2193
f 2191/2191 2194/2194 2193/2193
f 2194/2194 2195/2195 2193/2193
f 2193/2193 2195/2195 2196/2196
f 2196/2196 2195/2195 2197/2197
f 2195/2195 2198/2198 2197/2197
f 2198/2198 2072/2072 2197/2197
f 2072/2072 2071/2071 2197/2197
f 2197/2197 2071/2071 2199/2199
f 2199/2199 2071/2071 2200/2200
f 2071/2071 2073/2073 2200/2200
f 2200/2200 2073/2073 2201/2201
f 2073/2073 2076/2076 2201/2201
f 2201/2201 2076/2076 2202/2202
f 2076/2076 2077/2077 2202/2202
f 2202/2202 2077/2077 2203/2203
f 2077/2077 2080/2080 2203/2203
f 2203/2203 2080/2080 2204/2204
f 2080/2080 2081/2081 2204/2204
f 2204/2204 2081/2081 2205/2205
f 2081/2081 2084/2084 2205/2205
f 2205/2205 2084/2084 2206/2206
f 2084/2084 2085/2085 2206/2206
f 2206/2206 2085/2085 2207/2207
f 2085/2085 2088/2088 2207/2207
f 2207/2207 2088/2088 2208/2208
f 2088/2088 2089/2089 2208/2208
f 2208/2208 2089/2089 2209/2209
f 2089/2089 2092/2092 2209/2209
f 2209/2209 2092/2092 2210/2210
f 2092/2092 2093/2093 2210/2210
f 2210/2210 2093/2093 2211/2211
f 2093/2093 2096/2096 2211/2211
f 2211/2211 2096/2096 2212/2212
f 2096/2096 2097/2097 2212/2212
f 2212/2212 2097/2097 2213/2213
f 2097/2097 2100/2100 2213/2213
f 2213/2213 2100/2100 2214/2214
f 2100/2100 2101/2101 2214/2214
f 2214/2214 2101/2101 2215/2215
f 2101/2101 2104/2104 2215/2215
f 2215/2215 2104/2104 2216/2216
f 2104/2104 2105/2105 2216/2216
f 2216/2216 2105/2105 2217/2217
f 2105/2105 2108/2108 2217/2217
f 2217/2217 2108/2108 2218/2218
f 2108/2108 2109/2109 2218/2218
f 2218/2218 2109/2109 2219/2219
f 2109/2109 2112/2112 2219/2219
f 2219/2219 2112/2112 2220/2220
f 2112/2112 2113/2113 2220/2220
f 2220/2220 2113/2113 2221/2221
f 2113/2113 2116/2116 2221/2221
f 2221/2221 2116/2116 2222/2222
f 2116/2116 2117/2117 2222/2222
f 2222/2222 2117/2117 2223/2223
f 2117/2117 2120/2120 2223/2223
f 2223/2223 2120/2120 2224/2224
f 2120/2120 2121/2121 2224/2224
f 2224/2224 2121/2121 2225/2225
f 2121/2121 2124/2124 2225/2225
f 2225/2225 2124/2124 2226/2226
f 2124/2124 2125/2125 2226/2226
f 2226/2226 2125/2125 2227/2227
f 2125/2125 2128/2128 2227/2227
f 2227/2227 2128/2128 2228/2228
f 2128/2128 2129/2129 2228/2228
f 2228/2228 2129/2129 2229/2229
f 2129/2129 2132/2132 2229/2229
f 2229/2229 2132/2132 2230/2230
f 2132/2132 2133/2133 2230/2230
f 2230/2230 2133/2133 2231/2231
f 2133/2133 2136/2136 2231/2231
f 2231/2231 2136/2136 2232/2232
f 2136/2136 2137/2137 2232/2232
f 2232/2232 2137/2137 2233/2233
f 2137/2137 2140/2140 2233/2233
f 2233/2233 2140/2140 2234/2234
f 2140/2140 2141/2141 2234/2234
f 2234/2234 2141/2141 2235/2235
f 2141/2141 2144/2144 2235/2235
f 2235/2235 2144/2144 2236/2236
f 2144/2144 2145/2145 2236/2236
f 2236/2236 2145/2145 2237/2237
f 2145/2145 2148/2148 2237/2237
f 2237/2237 2148/2148 2238/2238
f 2148/2148 2149/2149 2238/2238
f 2238/2238 2149/2149 2239/2239
f 2149/2149 2152/2152 2239/2239
f 2239/2239 2152/2152 2240/2240
f 2152/2152 2153/2153 2240/2240
f 2240/2240 2153/2153 2241/2241
f 2153/2153 2156/2156 2241/2241
f 2241/2241 2156/2156 2242/2242
f 2156/2156 2157/2157 2242/2242
f 2242/2242 2157/2157 2243/2243
f 2157/2157 2160/2160 2243/2243
f 2243/2243 2160/2160 2244/2244
f 2160/2160 2161/2161 2244/2244
f 2244/2244 2161/2161 2245/2245
f 2161/2161 2164/2164 2245/2245
f 2245/2245 2164/2164 2246/2246
f 2164/2164 2165/2165 2246/2246
f 2246/2246 2165/2165 2247/2247
f 2165/2165 2168/2168 2247/2247
f 2247/2247 2168/2168 2248/2248
f 2168/2168 2169/2169 2248/2248
f 2248/2248 2169/2169 2249/2249
f 2169/2169 2172/2172 2249/2249
f 2249/2249 2172/2172 2250/2250
f 2172/2172 2173/2173 2250/2250
f 2250/2250 2173/2173 2251/2251
f 2173/2173 2176/2176 2251/2251
f 2251/2251 2176/2176 2252/2252
f 2176/2176 2177/2177 2252/2252
f 2252/2252 2177/2177 2253/2253
f 2177/2177 2180/2180 2253/2253
f 2253/2253 2180/2180 2254/2254
f 2180/2180 2181/2181 2254/2254
f 2254/2254 2181/2181 2255/2255
f 2181/2181 2184/2184 2255/2255
f 2255/2255 2184/2184 2256/2256
f 2184/2184 2185/2185 2256/2256
f 2256/2256 2185/2185 2257/2257
f 2185/2185 2188/2188 2257/2257
f 2257/2257 2188/2188 2258/2258
f 2188/2188 2189/2189 2258/2258
f 2258/2258 2189/2189 2259/2259
f 2189/2189 2192/2192 2259/2259
f 2259/2259 2192/2192 2260/2260
f 2192/2192 2193/2193 2260/2260
f 2260/2260 2193/2193 2261/2261
f 2193/2193 2196/2196 2261/2261
f 2261/2261 2196/2196 2262/2262
f 2196/2196 2197/2197 2262/2262
f 2197/2197 2199/2199 2262/2262
f 2262/2262 2199/2199 2263/2263
f 2263/2263 2199/2199 2264/2264
f 2199/2199 2200/2200 2264/2264
f 2264/2264 2200/2200 2265/2265
f 2200/2200 2201/2201 2265/2265
f 2265/2265 2201/2201 2266/2266
f 2201/2201 2202/2202 2266/2266
f 2266/2266 2202/2202 2267/2267
f 2202/2202 2203/2203 2267/2267
f 2267/2267 2203/2203 2268/2268
f 2203/2203 2204/2204 2268/2268
f 2268/2268 2204/2204 2269/2269
f 2204/2204 2205/2205 2269/2269
f 2269/2269 2205/2205 2270/2270
f 2205/2205 2206/2206 2270/2270
f 2270/2270 2206/2206 2271/2271
f 2206/2206 2207/2207 2271/2271
f 2271/2271 2207/2207 2272/2272
f 2207/2207 2208/2208 2272/2272
f 2272/2272 2208/2208 2273/2273
f 2208/2208 2209/2209 2273/2273
f 2273/2273 2209/2209 2274/2274
f 2209/2209 2210/2210 2274/2274
f 2274/2274 2210/2210 2275/2275
f 2210/2210 2211/2211 2275/2275
f 2275/2275 2211/2211 2276/2276
f 2211/2211 2212/2212 2276/2276
f 2276/2276 2212/2212 2277/2277
f 2212/2212 2213/2213 2277/2277
f 2277/2277 2213/2213 2278/2278
f 2213/2213 2214/2214 2278/2278
f 2278/2278 2214/2214 2279/2279
f 2214/2214 2215/2215 2279/2279
f 2279/2279 2215/2215 2280/2280
f 2215/2215 2216/2216 2280/2280
f 2280/2280 2216/2216 2281/2281
f 2216/2216 2217/2217 2281/2281
f 2281/2281 2217/2217 2282/2282
f 2217/2217 2218/2218 2282/2282
f 2282/2282 2218/2218 2283/2283
f 2218/2218 2219/2219 2283/2283
f 2283/2283 2219/2219 2284/2284
f 2219/2219 2220/2220 2284/2284
f 2284/2284 2220/2220 2285/2285
f 2220/2220 2221/2221 2285/2285
f 2285/2285 2221/2221 2286/2286
f 2221/2221 2222/2222 2286/2286
f 2286/2286 2222/2222 2287/2287
f 2222/2222 2223/2223 2287/2287
f 2287/2287 2223/2223 2288/2288
f 2223/2223 2224/2224 2288/2288
f 2288/2288 2224/2224 2289/2289
f 2224/2224 2225/2225 2289/2289
f 2289/2289 2225/2225 2290/2290
f 2225/2225 2226/2226 2290/2290
f 2290/2290 2226/2226 2291/2291
f 2226/2226 2227/2227 2291/2291
f 2291/2291 2227/2227 2292/2292
f 2227/2227 2228/2228 2292/2292
f 2292/2292 2228/2228 2293/2293
f 2228/2228 2229/2229 2293/2293
f 2293/2293 2229/2229 2294/2294
f 2229/2229 2230/2230 2294/2294
f 2294/2294 2230/2230 2295/2295
f 2230/2230 2231/2231 2295/2295
f 2295/2295 2231/2231 2296/2296
f 2231/2231 2232/2232 2296/2296
f 2296/2296 2232/2232 2297/2297
f 2232/2232 2233/2233 2297/2297
f 2297/2297 2233/2233 2298/2298
f 2233/2233 2234/2234 2298/2298
f 2298/2298 2234/2234 2299/2299
f 2234/2234 2235/2235 2299/2299
f 2299/2299 2235/2235 2300/2300
f 2235/2235 2236/2236 2300/2300
f 2300/2300 2236/2236 2301/2301
f 2236/2236 2237/2237 2301/2301
f 2301/2301 2237/2237 2302/2302
f 2237/2237 2238/2238 2302/2302
f 2302/2302 2238/2238 2303/2303
f 2238/2238 2239/2239 2303/2303
f 2303/2303 2239/2239 2304/2304
f 2239/2239 2240/2240 2304/2304
f 2304/2304 2240/2240 2305/2305
f 2240/2240 2241/2241 2305/2305
f 2305/2305 2241/2241 2306/2306
f 2241/2241 2242/2242 2306/2306
f 2306/2306 2242/2242 2307/2307
f 2242/2242 2243/2243 2307/2307
f 2307/2307 2243/2243 2308/2308
f 2243/2243 2244/2244 2308/2308
f 2308/2308 2244/2244 2309/2309
f 2244/2244 2245/2245 2309/2309
f 2309/2309 2245/2245 2310/2310
f 2245/2245 2246/2246 2310/2310
f 2310/2310 2246/2246 2311/2311
f 2246/2246 2247/2247 2311/2311
f 2311/2311 2247/2247 2312/2312
f 2247/2247 2248/2248 2312/2312
f 2312/2312 2248/2248 2313/2313
f 2248/2248 2249/2249 2313/2313
f 2313/2313 2249/2249 2314/2314
f 2249/2249 2250/2250 2314/2314
f 2314/2314 2250/2250 2315/2315
f 2250/2250 2251/2251 2315/2315
f 2315/2315 2251/2251 2316/2316
f 2251/2251 2252/2252 2316/2316
f 2316/2316 2252/2252 2317/2317
f 2252/2252 2253/2253 2317/2317
f 2317/2317 2253/2253 2318/2318
f 2253/2253 2254/2254 2318/2318
f 2318/2318 2254/2254 2319/2319
f 2254/2254 2255/2255 2319/2319
f 2319/2319 2255/2255 2320/2320
f 2255/2255 2256/2256 2320/2320
f 2320/2320 2256/2256 2321/2321
f 2256/2256 2257/2257 2321/2321
f 2321/2321 2257/2257 2322/2322
f 2257/2257 2258/2258 2322/2322
f 2322/2322 2258/2258 2323/2323
f 2258/2258 2259/2259 2323/2323
f 2323/2323 2259/2259 2324/2324
f 2259/2259 2260/2260 2324/2324
f 2324/2324 2260/2260 2325/2325
f 2260/2260 2261/2261 2325/2325
f 2325/2325 2261/2261 2326/2326
f 2261/2261 2262/2262 2326/2326
f 2262/2262 2263/2263 2326/2326
f 2327/2327 2328/2328 2329/2329
f 2328/2328 2330/2330 2329/2329
f 2330/2330 2331/2331 2329/2329
f 2332/2332 2333/2333 2334/2334
f 2333/2333 2335/2335 2334/2334
f 2336/2336 2337/2337 2338/2338
f 2339/2339 2340/2340 2341/2341
f 2340/2340 2342/2342 2341/2341
f 2342/2342 2343/2343 2341/2341
f 2341/2341 2343/2343 2344/2344
f 2344/2344 2343/2343 2345/2345
f 2343/2343 2346/2346 2345/2345
f 2346/2346 2347/2347 2345/2345
f 2345/2345 2347/2347 2348/2348
f 2348/2348 2347/2347 2349/2349
f 2347/2347 2350/2350 2349/2349
f 2351/2351 2352/2352 2353/2353
f 2353/2353 2352/2352 2354/2354
f 2352/2352 2355/2355 2354/2354
f 2354/2354 2355/2355 2356/2356
f 2355/2355 2357/2357 2356/2356
f 2356/2356 2357/2357 2358/2358
f 2357/2357 2359/2359 2358/2358
f 2358/2358 2359/2359 2360/2360
f 2359/2359 2361/2361 2360/2360
f 2360/2360 2361/2361 2362/2362
f 2361/2361 2363/2363 2362/2362
f 2362/2362 2363/2363 2364/2364
f 2363/2363 2365/2365 2364/2364
f 2364/2364 2365/2365 2366/2366
f 2367/2367 2366/2366 2368/2368
f 2366/2366 2365/2365 2368/2368
f 2369/2369 2370/2370 2371/2371
f 2372/2372 2373/2373 2374/2374
f 2375/2375 2376/2376 2377/2377
f 2378/2378 2379/2379 2380/2380
f 2380/2380 2379/2379 2381/2381
f 2379/2379 2382/2382 2381/2381
f 2383/2383 2384/2384 2385/2385
f 2384/2384 2386/2386 2385/2385
f 2387/2387 2388/2388 2389/2389
f 2389/2389 2388/2388 2390/2390
f 2388/2388 2391/2391 2390/2390
f 2390/2390 2391/2391 2392/2392
f 2391/2391 2393/2393 2392/2392
f 2392/2392 2393/2393 2394/2394
f 2393/2393 2395/2395 2394/2394
f 2394/2394 2395/2395 2396/2396
f 2396/2396 2395/2395 2397/2397
f 2395/2395 2398/2398 2397/2397
f 2397/2397 2398/2398 2399/2399
f 2400/2400 2401/2401 2402/2402
f 2403/2403 2404/2404 2405/2405
f 2405/2405 2404/2404 2406/2406
f 2406/2406 2404/2404 2407/2407
f 2404/2404 2408/2408 2407/2407
f 2408/2408 2409/2409 2407/2407
f 2407/2407 2409/2409 2410/2410
f 2410/2410 2409/2409 2411/2411
f 2409/2409 2412/2412 2411/2411
f 2412/2412 2402/2402 2411/2411
f 2402/2402 2401/2401 2411/2411
f 2413/2413 2414/2414 2415/2415
f 2414/2414 2416/2416 2415/2415
f 2415/2415 2416/2416 2417/2417
f 2417/2417 2416/2416 2418/2418
f 2416/2416 2419/2419 2418/2418
f 2419/2419 2420/2420 2418/2418
f 2418/2418 2420/2420 2421/2421
f 2421/2421 2420/2420 2422/2422
f 2420/2420 2423/2423 2422/2422
f 2423/2423 2424/2424 2422/2422
f 2422/2422 2424/2424 2425/2425
f 2425/2425 2424/2424 2426/2426
f 2424/2424 2427/2427 2426/2426
f 2427/2427 2428/2428 2426/2426
f 2426/2426 2428/2428 2429/2429
f 2429/2429 2428/2428 2430/2430
f 2428/2428 2431/2431 2430/2430
f 2431/2431 2432/2432 2430/2430
f 2430/2430 2432/2432 2433/2433
f 2433/2433 2432/2432 2434/2434
f 2432/2432 2435/2435 2434/2434
f 2435/2435 2436/2436 2434/2434
f 2434/2434 2436/2436 2437/2437
f 2437/2437 2436/2436 2438/2438
f 2436/2436 2439/2439 2438/2438
f 2439/2439 2440/2440 2438/2438
f 2438/2438 2440/2440 2441/2441
f 2441/2441 2440/2440 2442/2442
f 2440/2440 2443/2443 2442/2442
f 2443/2443 2444/2444 2442/2442
f 2442/2442 2444/2444 2445/2445
f 2445/2445 2444/2444 2446/2446
f 2444/2444 2447/2447 2446/2446
f 2447/2447 2448/2448 2446/2446
f 2446/2446 2448/2448 2449/2449
f 2449/2449 2448/2448 2450/2450
f 2448/2448 2451/2451 2450/2450
f 2451/2451 2452/2452 2450/2450
f 2450/2450 2452/2452 2453/2453
f 2453/2453 2452/2452 2454/2454
f 2452/2452 2455/2455 2454/2454
f 2455/2455 2456/2456 2454/2454
f 2454/2454 2456/2456 2457/2457
f 2457/2457 2456/2456 2458/2458
f 2456/2456 2459/2459 2458/2458
f 2459/2459 2460/2460 2458/2458
f 2458/2458 2460/2460 2461/2461
f 2461/2461 2460/2460 2462/2462
f 2460/2460 2463/2463 2462/2462
f 2463/2463 2464/2464 2462/2462
f 2462/2462 2464/2464 2465/2465
f 2465/2465 2464/2464 2466/2466
f 2464/2464 2467/2467 2466/2466
f 2467/2467 2468/2468 2466/2466
f 2466/2466 2468/2468 2469/2469
f 2469/2469 2468/2468 2470/2470
f 2468/2468 2471/2471 2470/2470
f 2471/2471 2472/2472 2470/2470
f 2470/2470 2472/2472 2473/2473
f 2473/2473 2472/2472 2474/2474
f 2472/2472 2475/2475 2474/2474
f 2475/2475 2476/2476 2474/2474
f 2474/2474 2476/2476 2477/2477
f 2477/2477 2476/2476 2478/2478
f 2476/2476 2479/2479 2478/2478
f 2479/2479 2480/2480 2478/2478
f 2478/2478 2480/2480 2481/2481
f 2481/2481 2480/2480 2482/2482
f 2480/2480 2483/2483 2482/2482
f 2483/2483 2484/2484 2482/2482
f 2482/2482 2484/2484 2485/2485
f 2485/2485 2484/2484 2486/2486
f 2484/2484 2487/2487 2486/2486
f 2487/2487 2488/2488 2486/2486
f 2486/2486 2488/2488 2489/2489
f 2489/2489 2488/2488 2490/2490
f 2488/2488 2491/2491 2490/2490
f 2491/2491 2492/2492 2490/2490
f 2490/2490 2492/2492 2493/2493
f 2493/2493 2492/2492 2494/2494
f 2492/2492 2495/2495 2494/2494
f 2495/2495 2496/2496 2494/2494
f 2494/2494 2496/2496 2497/2497
f 2497/2497 2496/2496 2498/2498
f 2496/2496 2499/2499 2498/2498
f 2499/2499 2500/2500 2498/2498
f 2498/2498 2500/2500 2501/2501
f 2501/2501 2500/2500 2502/2502
f 2500/2500 2503/2503 2502/2502
f 2503/2503 2504/2504 2502/2502
f 2502/2502 2504/2504 2505/2505
f 2505/2505 2504/2504 2506/2506
f 2504/2504 2507/2507 2506/2506
f 2507/2507 2508/2508 2506/2506
f 2506/2506 2508/2508 2509/2509
f 2509/2509 2508/2508 2510/2510
f 2508/2508 2511/2511 2510/2510
f 2511/2511 2512/2512 2510/2510
f 2510/2510 2512/2512 2513/2513
f 2513/2513 2512/2512 2514/2514
f 2512/2512 2515/2515 2514/2514
f 2515/2515 2516/2516 2514/2514
f 2514/2514 2516/2516 2517/2517
f 2517/2517 2516/2516 2518/2518
f 2516/2516 2519/2519 2518/2518
f 2519/2519 2520/2520 2518/2518
f 2518/2518 2520/2520 2521/2521
f 2521/2521 2520/2520 2522/2522
f 2520/2520 2523/2523 2522/2522
f 2523/2523 2524/2524 2522/2522
f 2522/2522 2524/2524 2525/2525
f 2525/2525 2524/2524 2526/2526
f 2524/2524 2527/2527 2526/2526
f 2527/2527 2528/2528 2526/2526
f 2526/2526 2528/2528 2529/2529
f 2529/2529 2528/2528 2530/2530
f 2528/2528 2531/2531 2530/2530
f 2531/2531 2532/2532 2530/2530
f 2530/2530 2532/2532 2533/2533
f 2533/2533 2532/2532 2534/2534
f 2532/2532 2535/2535 2534/2534
f 2535/2535 2536/2536 2534/2534
f 2534/2534 2536/2536 2537/2537
f 2537/2537 2536/2536 2538/2538
f 2536/2536 2539/2539 2538/2538
f 2539/2539 2413/2413 2538/2538
f 2538/2538 2413/2413 2540/2540
f 2413/2413 2415/2415 2540/2540
f 2541/2541 2542/2542 2543/2543
f 2543/2543 2542/2542 2544/2544
f 2542/2542 2545/2545 2544/2544
f 2544/2544 2545/2545 2546/2546
f 2545/2545 2547/2547 2546/2546
f 2546/2546 2547/2547 2548/2548
f 2547/2547 2549/2549 2548/2548
f 2548/2548 2549/2549 2550/2550
f 2549/2549 2551/2551 2550/2550
f 2550/2550 2551/2551 2552/2552
f 2551/2551 2553/2553 2552/2552
f 2552/2552 2553/2553 2554/2554
f 2553/2553 2555/2555 2554/2554
f 2554/2554 2555/2555 2556/2556
f 2555/2555 2557/2557 2556/2556
f 2556/2556 2557/2557 2558/2558
f 2557/2557 2559/2559 2558/2558
f 2558/2558 2559/2559 2560/2560
f 2559/2559 2561/2561 2560/2560
f 2560/2560 2561/2561 2562/2562
f 2561/2561 2563/2563 2562/2562
f 2562/2562 2563/2563 2564/2564
f 2563/2563 2565/2565 2564/2564
f 2564/2564 2565/2565 2566/2566
f 2565/2565 2567/2567 2566/2566
f 2566/2566 2567/2567 2568/2568
f 2567/2567 2569/2569 2568/2568
f 2568/2568 2569/2569 2570/2570
f 2569/2569 2571/2571 2570/2570
f 2570/2570 2571/2571 2572/2572
f 2571/2571 2573/2573 2572/2572
f 2572/2572 2573/2573 2574/2574
f 2573/2573 2575/2575 2574/2574
f 2574/2574 2575/2575 2576/2576
f 2575/2575 2577/2577 2576/2576
f 2576/2576 2577/2577 2578/2578
f 2577/2577 2579/2579 2578/2578
f 2578/2578 2579/2579 2580/2580
f 2579/2579 2581/2581 2580/2580
f 2580/2580 2581/2581 2582/2582
f 2581/2581 2583/2583 2582/2582
f 2582/2582 2583/2583 2584/2584
f 2583/2583 2585/2585 2584/2584
f 2584/2584 2585/2585 2586/2586
f 2585/2585 2587/2587 2586/2586
f 2586/2586 2587/2587 2588/2588
f 2587/2587 2589/2589 2588/2588
f 2588/2588 2589/2589 2590/2590
f 2589/2589 2591/2591 2590/2590
f 2590/2590 2591/2591 2592/2592
f 2591/2591 2593/2593 2592/2592
f 2592/2592 2593/2593 2594/2594
f 2593/2593 2595/2595 2594/2594
f 2594/2594 2595/2595 2596/2596
f 2595/2595 2597/2597 2596/2596
f 2596/2596 2597/2597 2598/2598
f 2597/2597 2599/2599 2598/2598
f 2598/2598 2599/2599 2600/2600
f 2599/2599 2601/2601 2600/2600
f 2600/2600 2601/2601 2602/2602
f 2601/2601 2603/2603 2602/2602
f 2602/2602 2603/2603 2604/2604
f 2603/2603 2605/2605 2604/2604
f 2604/2604 2605/2605 2606/2606
f 2605/2605 2607/2607 2606/2606
f 2606/2606 2607/2607 2608/2608
f 2607/2607 2609/2609 2608/2608
f 2608/2608 2609/2609 2610/2610
f 2609/2609 2611/2611 2610/2610
f 2610/2610 2611/2611 2612/2612
f 2611/2611 2613/2613 2612/2612
f 2612/2612 2613/2613 2614/2614
f 2613/2613 2615/2615 2614/2614
f 2614/2614 2615/2615 2616/2616
f 2615/2615 2617/2617 2616/2616
f 2616/2616 2617/2617 2618/2618
f 2617/2617 2619/2619 2618/2618
f 2618/2618 2619/2619 2620/2620
f 2619/2619 2621/2621 2620/2620
f 2620/2620 2621/2621 2622/2622
f 2621/2621 2623/2623 2622/2622
f 2622/2622 2623/2623 2624/2624
f 2623/2623 2625/2625 2624/2624
f 2624/2624 2625/2625 2626/2626
f 2625/2625 2627/2627 2626/2626
f 2626/2626 2627/2627 2628/2628
f 2627/2627 2629/2629 2628/2628
f 2628/2628 2629/2629 2630/2630
f 2629/2629 2631/2631 2630/2630
f 2630/2630 2631/2631 2632/2632
f 2631/2631 2633/2633 2632/2632
f 2632/2632 2633/2633 2634/2634
f 2633/2633 2635/2635 2634/2634
f 2634/2634 2635/2635 2636/2636
f 2635/2635 2637/2637 2636/2636
f 2636/2636 2637/2637 2638/2638
f 2637/2637 2639/2639 2638/2638
f 2638/2638 2639/2639 2640/2640
f 2639/2639 2641/2641 2640/2640
f 2640/2640 2641/2641 2642/2642
f 2641/2641 2643/2643 2642/2642
f 2642/2642 2643/2643 2644/2644
f 2643/2643 2645/2645 2644/2644
f 2644/2644 2645/2645 2646/2646
f 2645/2645 2647/2647 2646/2646
f 2646/2646 2647/2647 2648/2648
f 2647/2647 2649/2649 2648/2648
f 2648/2648 2649/2649 2650/2650
f 2649/2649 2651/2651 2650/2650
f 2650/2650 2651/2651 2652/2652
f 2651/2651 2653/2653 2652/2652
f 2652/2652 2653/2653 2654/2654
f 2653/2653 2655/2655 2654/2654
f 2654/2654 2655/2655 2656/2656
f 2655/2655 2657/2657 2656/2656
f 2656/2656 2657/2657 2658/2658
f 2657/2657 2659/2659 2658/2658
f 2658/2658 2659/2659 2660/2660
f 2659/2659 2661/2661 2660/2660
f 2660/2660 2661/2661 2662/2662
f 2661/2661 2663/2663 2662/2662
f 2662/2662 2663/2663 2664/2664
f 2663/2663 2665/2665 2664/2664
f 2664/2664 2665/2665 2666/2666
f 2665/2665 2667/2667 2666/2666
f 2666/2666 2667/2667 2668/2668
f 2667/2667 2541/2541 2668/2668
f 2541/2541 2543/2543 2668/2668
f 2669/2669 2670/2670 2671/2671
f 2670/2670 2672/2672 2671/2671
f 2671/2671 2672/2672 2673/2673
f 2673/2673 2672/2672 2674/2674
f 2672/2672 2675/2675 2674/2674
f 2675/2675 2676/2676 2674/2674
f 2674/2674 2676/2676 2677/2677
f 2677/2677 2676/2676 2678/2678
f 2676/2676 2679/2679 2678/2678
f 2679/2679 2680/2680 2678/2678
f 2678/2678 2680/2680 2681/2681
f 2681/2681 2680/2680 2682/2682
f 2680/2680 2683/2683 2682/2682
f 2683/2683 2684/2684 2682/2682
f 2682/2682 2684/2684 2685/2685
f 2685/2685 2684/2684 2686/2686
f 2684/2684 2687/2687 2686/2686
f 2687/2687 2688/2688 2686/2686
f 2686/2686 2688/2688 2689/2689
f 2689/2689 2688/2688 2690/2690
f 2688/2688 2691/2691 2690/2690
f 2691/2691 2692/2692 2690/2690
f 2690/2690 2692/2692 2693/2693
f 2693/2693 2692/2692 2694/2694
f 2692/2692 2695/2695 2694/2694
f 2695/2695 2696/2696 2694/2694
f 2694/2694 2696/2696 2697/2697
f 2697/2697 2696/2696 2698/2698
f 2696/2696 2699/2699 2698/2698
f 2699/2699 2700/2700 2698/2698
f 2698/2698 2700/2700 2701/2701
f 2701/2701 2700/2700 2702/2702
f 2700/2700 2703/2703 2702/2702
f 2703/2703 2704/2704 2702/2702
f 2702/2702 2704/2704 2705/2705
f 2705/2705 2704/2704 2706/2706
f 2704/2704 2707/2707 2706/2706
f 2707/2707 2708/2708 2706/2706
f 2706/2706 2708/2708 2709/2709
f 2709/2709 2708/2708 2710/2710
f 2708/2708 2711/2711 2710/2710
f 2711/2711 2712/2712 2710/2710
f 2710/2710 2712/2712 2713/2713
f 2713/2713 2712/2712 2714/2714
f 2712/2712 2715/2715 2714/2714
f 2715/2715 2716/2716 2714/2714
f 2714/2714 2716/2716 2717/2717
f 2717/2717 2716/2716 2718/2718
f 2716/2716 2719/2719 2718/2718
f 2719/2719 2720/2720 2718/2718
f 2718/2718 2720/2720 2721/2721
f 2721/2721 2720/2720 2722/2722
f 2720/2720 2723/2723 2722/2722
f 2723/2723 2724/2724 2722/2722
f 2722/2722 2724/2724 2725/2725
f 2725/2725 2724/2724 2726/2726
f 2724/2724 2727/2727 2726/2726
f 2727/2727 2728/2728 2726/2726
f 2726/2726 2728/2728 2729/2729
f 2729/2729 2728/2728 2730/2730
f 2728/2728 2731/2731 2730/2730
f 2731/2731 2732/2732 2730/2730
f 2730/2730 2732/2732 2733/2733
f 2733/2733 2732/2732 2734/2734
f 2732/2732 2735/2735 2734/2734
f 2735/2735 2736/2736 2734/2734
f 2734/2734 2736/2736 2737/2737
f 2737/2737 2736/2736 2738/2738
f 2736/2736 2739/2739 2738/2738
f 2739/2739 2740/2740 2738/2738
f 2738/2738 2740/2740 2741/2741
f 2741/2741 2740/2740 2742/2742
f 2740/2740 2743/2743 2742/2742
f 2743/2743 2744/2744 2742/2742
f 2742/2742 2744/2744 2745/2745
f 2745/2745 2744/2744 2746/2746
f 2744/2744 2747/2747 2746/2746
f 2747/2747 2748/2748 2746/2746
f 2746/2746 2748/2748 2749/2749
f 2749/2749 2748/2748 2750/2750
f 2748/2748 2751/2751 2750/2750
f 2751/2751 2752/2752 2750/2750
f 2750/2750 2752/2752 2753/2753
f 2753/2753 2752/2752 2754/2754
f 2752/2752 2755/2755 2754/2754
f 2755/2755 2756/2756 2754/2754
f 2754/2754 2756/2756 2757/2757
f 2757/2757 2756/2756 2758/2758
f 2756/2756 2759/2759 2758/2758
f 2759/2759 2760/2760 2758/2758
f 2758/2758 2760/2760 2761/2761
f 2761/2761 2760/2760 2762/2762
f 2760/2760 2763/2763 2762/2762
f 2763/2763 2764/2764 2762/2762
f 2762/2762 2764/2764 2765/2765
f 2765/2765 2764/2764 2766/2766
f 2764/2764 2767/2767 2766/2766
f 2767/2767 2768/2768 2766/2766
f 2766/2766 2768/2768 2769/2769
f 2769/2769 2768/2768 2770/2770
f 2768/2768 2771/2771 2770/2770
f 2771/2771 2772/2772 2770/2770
f 2770/2770 2772/2772 2773/2773
f 2773/2773 2772/2772 2774/2774
f 2772/2772 2775/2775 2774/2774
f 2775/2775 2776/2776 2774/2774
f 2774/2774 2776/2776 2777/2777
f 2777/2777 2776/2776 2778/2778
f 2776/2776 2779/2779 2778/2778
f 2779/2779 2780/2780 2778/2778
f 2778/2778 2780/2780 2781/2781
f 2781/2781 2780/2780 2782/2782
f 2780/2780 2783/2783 2782/2782
f 2783/2783 2784/2784 2782/2782
f 2782/2782 2784/2784 2785/2785
f 2785/2785 2784/2784 2786/2786
f 2784/2784 2787/2787 2786/2786
f 2787/2787 2788/2788 2786/2786
f 2786/2786 2788/2788 2789/2789
f 2789/2789 2788/2788 2790/2790
f 2788/2788 2791/2791 2790/2790
f 2791/2791 2792/2792 2790/2790
f 2790/2790 2792/2792 2793/2793
f 2793/2793 2792/2792 2794/2794
f 2792/2792 2795/2795 2794/2794
f 2795/2795 2669/2669 2794/2794
f 2794/2794 2669/2669 2796/2796
f 2669/2669 2671/2671 2796/2796
f 2796/2796 2671/2671 2797/2797
f 2797/2797 2671/2671 2798/2798
f 2671/2671 2673/2673 2798/2798
f 2798/2798 2673/2673 2799/2799
f 2673/2673 2674/2674 2799/2799
f 2799/2799 2674/2674 2800/2800
f 2674/2674 2677/2677 2800/2800
f 2800/2800 2677/2677 2801/2801
f 2677/2677 2678/2678 2801/2801
f 2801/2801 2678/2678 2802/2802
f 2678/2678 2681/2681 2802/2802
f 2802/2802 2681/2681 2803/2803
f 2681/2681 2682/2682 2803/2803
f 2803/2803 2682/2682 2804/2804
f 2682/2682 2685/2685 2804/2804
f 2804/2804 2685/2685 2805/2805
f 2685/2685 2686/2686 2805/2805
f 2805/2805 2686/2686 2806/2806
f 2686/2686 2689/2689 2806/2806
f 2806/2806 2689/2689 2807/2807
f 2689/2689 2690/2690 2807/2807
f 2807/2807 2690/2690 2808/2808
f 2690/2690 2693/2693 2808/2808
f 2808/2808 2693/2693 2809/2809
f 2693/2693 2694/2694 2809/2809
f 2809/2809 2694/2694 2810/2810
f 2694/2694 2697/2697 2810/2810
f 2810/2810 2697/2697 2811/2811
f 2697/2697 2698/2698 2811/2811
f 2811/2811 2698/2698 2812/2812
f 2698/2698 2701/2701 2812/2812
f 2812/2812 2701/2701 2813/2813
f 2701/2701 2702/2702 2813/2813
f 2813/2813 2702/2702 2814/2814
f 2702/2702 2705/2705 2814/2814
f 2814/2814 2705/2705 2815/2815
f 2705/2705 2706/2706 2815/2815
f 2815/2815 2706/2706 2816/2816
f 2706/2706 2709/2709 2816/2816
f 2816/2816 2709/2709 2817/2817
f 2709/2709 2710/2710 2817/2817
f 2817/2817 2710/2710 2818/2818
f 2710/2710 2713/2713 2818/2818
f 2818/2818 2713/2713 2819/2819
f 2713/2713 2714/2714 2819/2819
f 2819/2819 2714/2714 2820/2820
f 2714/2714 2717/2717 2820/2820
f 2820/2820 2717/2717 2821/2821
f 2717/2717 2718/2718 2821/2821
f 2821/2821 2718/2718 2822/2822
f 2718/2718 2721/2721 2822/2822
f 2822/2822 2721/2721 2823/2823
f 2721/2721 2722/2722 2823/2823
f 2823/2823 2722/2722 2824/2824
f 2722/2722 2725/2725 2824/2824
f 2824/2824 2725/2725 2825/2825
f 2725/2725 2726/2726 2825/2825
f 2825/2825 2726/2726 2826/2826
f 2726/2726 2729/2729 2826/2826
f 2826/2826 2729/2729 2827/2827
f 2729/2729 2730/2730 2827/2827
f 2827/2827 2730/2730 2828/2828
f 2730/2730 2733/2733 2828/2828
f 2828/2828 2733/2733 2829/2829
f 2733/2733 2734/2734 2829/2829
f 2829/2829 2734/2734 2830/2830
f 2734/2734 2737/2737 2830/2830
f 2830/2830 2737/2737 2831/2831
f 2737/2737 2738/2738 2831/2831
f 2831/2831 2738/2738 2832/2832
f 2738/2738 2741/2741 2832/2832
f 2832/2832 2741/2741 2833/2833
f 2741/2741 2742/2742 2833/2833
f 2833/2833 2742/2742 2834/2834
f 2742/2742 2745/2745 2834/2834
f 2834/2834 2745/2745 2835/2835
f 2745/2745 2746/2746 2835/2835
f 2835/2835 2746/2746 2836/2836
f 2746/2746 2749/2749 2836/2836
f 2836/2836 2749/2749 2837/2837
f 2749/2749 2750/2750 2837/2837
f 2837/2837 2750/2750 2838/2838
f 2750/2750 2753/2753 2838/2838
f 2838/2838 2753/2753 2839/2839
f 2753/2753 2754/2754 2839/2839
f 2839/2839 2754/2754 2840/2840
f 2754/2754 2757/2757 2840/2840
f 2840/2840 2757/2757 2841/2841
f 2757/2757 2758/2758 2841/2841
f 2841/2841 2758/2758 2842/2842
f 2758/2758 2761/2761 2842/2842
f 2842/2842 2761/2761 2843/2843
f 2761/2761 2762/2762 2843/2843
f 2843/2843 2762/2762 2844/2844
f 2762/2762 2765/2765 2844/2844
f 2844/2844 2765/2765 2845/2845
f 2765/2765 2766/2766 2845/2845
f 2845/2845 2766/2766 2846/2846
f 2766/2766 2769/2769 2846/2846
f 2846/2846 2769/2769 2847/2847
f 2769/2769 2770/2770 2847/2847
f 2847/2847 2770/2770 2848/2848
f 2770/2770 2773/2773 2848/2848
f 2848/2848 2773/2773 2849/2849
f 2773/2773 2774/2774 2849/2849
f 2849/2849 2774/2774 2850/2850
f 2774/2774 2777/2777 2850/2850
f 2850/2850 2777/2777 2851/2851
f 2777/2777 2778/2778 2851/2851
f 2851/2851 2778/2778 2852/2852
f 2778/2778 2781/2781 2852/2852
f 2852/2852 2781/2781 2853/2853
f 2781/2781 2782/2782 2853/2853
f 2853/2853 2782/2782 2854/2854
f 2782/2782 2785/2785 2854/2854
f 2854/2854 2785/2785 2855/2855
f 2785/2785 2786/2786 2855/2855
f 2855/2855 2786/2786 2856/2856
f 2786/2786 2789/2789 2856/2856
f 2856/2856 2789/2789 2857/2857
f 2789/2789 2790/2790 2857/2857
f 2857/2857 2790/2790 2858/2858
f 2790/2790 2793/2793 2858/2858
f 2858/2858 2793/2793 2859/2859
f 2793/2793 2794/2794 2859/2859
f 2859/2859 2794/2794 2860/2860
f 2794/2794 2796/2796 2860/2860
f 2796/2796 2797/2797 2860/2860
f 2860/2860 2797/2797 2861/2861
f 2861/2861 2797/2797 2862/2862
f 2797/2797 2798/2798 2862/2862
f 2862/2862 2798/2798 2863/2863
f 2798/2798 2799/2799 2863/2863
f 2863/2863 2799/2799 2864/2864
f 2799/2799 2800/2800 2864/2864
f 2864/2864 2800/2800 2865/2865
f 2800/2800 2801/2801 2865/2865
f 2865/2865 2801/2801 2866/2866
f 2801/2801 2802/2802 2866/2866
f 2866/2866 2802/2802 2867/2867
f 2802/2802 2803/2803 2867/2867
f 2867/2867 2803/2803 2868/2868
f 2803/2803 2804/2804 2868/2868
f 2868/2868 2804/2804 2869/2869
f 2804/2804 2805/2805 2869/2869
f 2869/2869 2805/2805 2870/2870
f 2805/2805 2806/2806 2870/2870
f 2870/2870 2806/2806 2871/2871
f 2806/2806 2807/2807 2871/2871
f 2871/2871 2807/2807 2872/2872
f 2807/2807 2808/2808 2872/2872
f 2872/2872 2808/2808 2873/2873
f 2808/2808 2809/2809 2873/2873
f 2873/2873 2809/2809 2874/2874
f 2809/2809 2810/2810 2874/2874
f 2874/2874 2810/2810 2875/2875
f 2810/2810 2811/2811 2875/2875
f 2875/2875 2811/2811 2876/2876
f 2811/2811 2812/2812 2876/2876
f 2876/2876 2812/2812 2877/2877
f 2812/2812 2813/2813 2877/2877
f 2877/2877 2813/2813 2878/2878
f 2813/2813 2814/2814 2878/2878
f 2878/2878 2814/2814 2879/2879
f 2814/2814 2815/2815 2879/2879
f 2879/2879 2815/2815 2880/2880
f 2815/2815 2816/2816 2880/2880
f 2880/2880 2816/2816 2881/2881
f 2816/2816 2817/2817 2881/2881
f 2881/2881 2817/2817 2882/2882
f 2817/2817 2818/2818 2882/2882
f 2882/2882 2818/2818 2883/2883
f 2818/2818 2819/2819 2883/2883
f 2883/2883 2819/2819 2884/2884
f 2819/2819 2820/2820 2884/2884
f 2884/2884 2820/2820 2885/2885
f 2820/2820 2821/2821 2885/2885
f 2885/2885 2821/2821 2886/2886
f 2821/2821 2822/2822 2886/2886
f 2886/2886 2822/2822 2887/2887
f 2822/2822 2823/2823 2887/2887
f 2887/2887 2823/2823 2888/2888
f 2823/2823 2824/2824 2888/2888
f 2888/2888 2824/2824 2889/2889
f 2824/2824 2825/2825 2889/2889
f 2889/2889 2825/2825 2890/2890
f 2825/2825 2826/2826 2890/2890
f 2890/2890 2826/2826 2891/2891
f 2826/2826 2827/2827 2891/2891
f 2891/2891 2827/2827 2892/2892
f 2827/2827 2828/2828 2892/2892
f 2892/2892 2828/2828 2893/2893
f 2828/2828 2829/2829 2893/2893
f 2893/2893 2829/2829 2894/2894
f 2829/2829 2830/2830 2894/2894
f 2894/2894 2830/2830 2895/2895
f 2830/2830 2831/2831 2895/2895
f 2895/2895 2831/2831 2896/2896
f 2831/2831 2832/2832 2896/2896
f 2896/2896 2832/2832 2897/2897
f 2832/2832 2833/2833 2897/2897
f 2897/2897 2833/2833 2898/2898
f 2833/2833 2834/2834 2898/2898
f 2898/2898 2834/2834 2899/2899
f 2834/2834 2835/2835 2899/2899
f 2899/2899 2835/2835 2900/2900
f 2835/2835 2836/2836 2900/2900
f 2900/2900 2836/2836 2901/2901
f 2836/2836 2837/2837 2901/2901
f 2901/2901 2837/2837 2902/2902
f 2837/2837 2838/2838 2902/2902
f 2902/2902 2838/2838 2903/2903
f 2838/2838 2839/2839 2903/2903
f 2903/2903 2839/2839 2904/2904
f 2839/2839 2840/2840 2904/2904
f 2904/2904 2840/2840 2905/2905
f 2840/2840 2841/2841 2905/2905
f 2905/2905 2841/2841 2906/2906
f 2841/2841 2842/2842 2906/2906
f 2906/2906 2842/2842 2907/2907
f 2842/2842 2843/2843 2907/2907
f 2907/2907 2843/2843 2908/2908
f 2843/2843 2844/2844 2908/2908
f 2908/2908 2844/2844 2909/2909
f 2844/2844 2845/2845 2909/2909
f 2909/2909 2845/2845 2910/2910
f 2845/2845 2846/2846 2910/2910
f 2910/2910 2846/2846 2911/2911
f 2846/2846 2847/2847 2911/2911
f 2911/2911 2847/2847 2912/2912
f 2847/2847 2848/2848 2912/2912
f 2912/2912 2848/2848 2913/2913
f 2848/2848 2849/2849 2913/2913
f 2913/2913 2849/2849 2914/2914
f 2849/2849 2850/2850 2914/2914
f 2914/2914 2850/2850 2915/2915
f 2850/2850 2851/2851 2915/2915
f 2915/2915 2851/2851 2916/2916
f 2851/2851 2852/2852 2916/2916
f 2916/2916 2852/2852 2917/2917
f 2852/2852 2853/2853 2917/2917
f 2917/2917 2853/2853 2918/2918
f 2853/2853 2854/2854 2918/2918
f 2918/2918 2854/2854 2919/2919
f 2854/2854 2855/2855 2919/2919
f 2919/2919 2855/2855 2920/2920
f 2855/2855 2856/2856 2920/2920
f 2920/2920 2856/2856 2921/2921
f 2856/2856 2857/2857 2921/2921
f 2921/2921 2857/2857 2922/2922
f 2857/2857 2858/2858 2922/2922
f 2922/2922 2858/2858 2923/2923
f 2858/2858 2859/2859 2923/2923
f 2923/2923 2859/2859 2924/2924
f 2859/2859 2860/2860 2924/2924
f 2860/2860 2861/2861 2924/2924
f 2925/2925 2926/2926 2927/2927
f 2927/2927 2926/2926 2928/2928
f 2928/2928 2926/2926 2929/2929
f 2930/2930 2931/2931 2932/2932
f 2932/2932 2931/2931 2933/2933
f 2934/2934 2935/2935 2936/2936
f 2937/2937 2938/2938 2939/2939
f 2939/2939 2938/2938 2940/2940
f 2940/2940 2938/2938 2941/2941
f 2938/2938 2942/2942 2941/2941
f 2942/2942 2943/2943 2941/2941
f 2941/2941 2943/2943 2944/2944
f 2944/2944 2943/2943 2945/2945
f 2943/2943 2946/2946 2945/2945
f 2947/2947 2945/2945 2948/2948
f 2945/2945 2946/2946 2948/2948
f 2949/2949 2950/2950 2951/2951
f 2950/2950 2952/2952 2951/2951
f 2951/2951 2952/2952 2953/2953
f 2952/2952 2954/2954 2953/2953
f 2953/2953 2954/2954 2955/2955
f 2954/2954 2956/2956 2955/2955
f 2955/2955 2956/2956 2957/2957
f 2956/2956 2958/2958 2957/2957
f 2957/2957 2958/2958 2959/2959
f 2958/2958 2960/2960 2959/2959
f 2959/2959 2960/2960 2961/2961
f 2960/2960 2962/2962 2961/2961
f 2961/2961 2962/2962 2963/2963
f 2962/2962 2964/2964 2963/2963
f 2963/2963 2964/2964 2965/2965
f 2964/2964 2966/2966 2965/2965
f 2967/2967 2968/2968 2969/2969
f 2970/2970 2971/2971 2972/2972
f 2973/2973 2974/2974 2975/2975
f 2976/2976 2977/2977 2978/2978
f 2977/2977 2979/2979 2978/2978
f 2978/2978 2979/2979 2980/2980
f 2981/2981 2982/2982 2983/2983
f 2982/2982 2984/2984 2983/2983
f 2985/2985 2986/2986 2987/2987
f 2986/2986 2988/2988 2987/2987
f 2987/2987 2988/2988 2989/2989
f 2988/2988 2990/2990 2989/2989
f 2989/2989 2990/2990 2991/2991
f 2990/2990 2992/2992 2991/2991
f 2991/2991 2992/2992 2993/2993
f 2992/2992 2994/2994 2993/2993
f 2994/2994 2995/2995 2993/2993
f 2993/2993 2995/2995 2996/2996
f 2995/2995 2997/2997 2996/2996
f 2998/2998 2999/2999 3000/3000
f 2999/2999 3001/3001 3000/3000
f 3001/3001 3002/3002 3000/3000
f 3000/3000 3002/3002 3003/3003
f 3003/3003 3002/3002 3004/3004
f 3002/3002 3005/3005 3004/3004
f 3005/3005 3006/3006 3004/3004
f 3004/3004 3006/3006 3007/3007
f 3007/3007 3006/3006 3008/3008
f 3006/3006 3009/3009 3008/3008
f 3008/3008 3009/3009 3010/3010
f 3011/3011 3012/3012 3013/3013
f 3012/3012 3014/3014 3013/3013
f 3013/3013 3014/3014 3015/3015
f 3015/3015 3014/3014 3016/3016
f 3014/3014 3017/3017 3016/3016
f 3017/3017 3018/3018 3016/3016
f 3016/3016 3018/3018 3019/3019
f 3019/3019 3018/3018 3020/3020
f 3018/3018 3021/3021 3020/3020
f 3021/3021 3022/3022 3020/3020
f 3020/3020 3022/3022 3023/3023
f 3023/3023 3022/3022 3024/3024
f 3022/3022 3025/3025 3024/3024
f 3025/3025 3026/3026 3024/3024
f 3024/3024 3026/3026 3027/3027
f 3027/3027 3026/3026 3028/3028
f 3026/3026 3029/3029 3028/3028
f 3029/3029 3030/3030 3028/3028
f 3028/3028 3030/3030 3031/3031
f 3031/3031 3030/3030 3032/3032
f 3030/3030 3033/3033 3032/3032
f 3033/3033 3034/3034 3032/3032
f 3032/3032 3034/3034 3035/3035
f 3035/3035 3034/3034 3036/3036
f 3034/3034 3037/3037 3036/3036
f 3037/3037 3038/3038 3036/3036
f 3036/3036 3038/3038 3039/3039
f 3039/3039 3038/3038 3040/3040
f 3038/3038 3041/3041 3040/3040
f 3041/3041 3042/3042 3040/3040
f 3040/3040 3042/3042 3043/3043
f 3043/3043 3042/3042 3044/3044
f 3042/3042 3045/3045 3044/3044
f 3045/3045 3046/3046 3044/3044
f 3044/3044 3046/3046 3047/3047
f 3047/3047 3046/3046 3048/3048
f 3046/3046 3049/3049 3048/3048
f 3049/3049 3050/3050 3048/3048
f 3048/3048 3050/3050 3051/3051
f 3051/3051 3050/3050 3052/3052
f 3050/3050 3053/3053 3052/3052
f 3053/3053 3054/3054 3052/3052
f 3052/3052 3054/3054 3055/3055
f 3055/3055 3054/3054 3056/3056
f 3054/3054 3057/3057 3056/3056
f 3057/3057 3058/3058 3056/3056
f 3056/3056 3058/3058 3059/3059
f 3059/3059 3058/3058 3060/3060
f 3058/3058 3061/3061 3060/3060
f 3061/3061 3062/3062 3060/3060
f 3060/3060 3062/3062 3063/3063
f 3063/3063 3062/3062 3064/3064
f 3062/3062 3065/3065 3064/3064
f 3065/3065 3066/3066 3064/3064
f 3064/3064 3066/3066 3067/3067
f 3067/3067 3066/3066 3068/3068
f 3066/3066 3069/3069 3068/3068
f 3069/3069 3070/3070 3068/3068
f 3068/3068 3070/3070 3071/3071
f 3071/3071 3070/3070 3072/3072
f 3070/3070 3073/3073 3072/3072
f 3073/3073 3074/3074 3072/3072
f 3072/3072 3074/3074 3075/3075
f 3075/3075 3074/3074 3076/3076
f 3074/3074 3077/3077 3076/3076
f 3077/3077 3078/3078 3076/3076
f 3076/3076 3078/3078 3079/3079
f 3079/3079 3078/3078 3080/3080
f 3078/3078 3081/3081 3080/3080
f 3081/3081 3082/3082 3080/3080
f 3080/3080 3082/3082 3083/3083
f 3083/3083 3082/3082 3084/3084
f 3082/3082 3085/3085 3084/3084
f 3085/3085 3086/3086 3084/3084
f 3084/3084 3086/3086 3087/3087
f 3087/3087 3086/3086 3088/3088
f 3086/3086 3089/3089 3088/3088
f 3089/3089 3090/3090 3088/3088
f 3088/3088 3090/3090 3091/3091
f 3091/3091 3090/3090 3092/3092
f 3090/3090 3093/3093 3092/3092
f 3093/3093 3094/3094 3092/3092
f 3092/3092 3094/3094 3095/3095
f 3095/3095 3094/3094 3096/3096
f 3094/3094 3097/3097 3096/3096
f 3097/3097 3098/3098 3096/3096
f 3096/3096 3098/3098 3099/3099
f 3099/3099 3098/3098 3100/3100
f 3098/3098 3101/3101 3100/3100
f 3101/3101 3102/3102 3100/3100
f 3100/3100 3102/3102 3103/3103
f 3103/3103 3102/3102 3104/3104
f 3102/3102 3105/3105 3104/3104
f 3105/3105 3106/3106 3104/3104
f 3104/3104 3106/3106 3107/3107
f 3107/3107 3106/3106 3108/3108
f 3106/3106 3109/3109 3108/3108
f 3109/3109 3110/3110 3108/3108
f 3108/3108 3110/3110 3111/3111
f 3111/3111 3110/3110 3112/3112
f 3110/3110 3113/3113 3112/3112
f 3113/3113 3114/3114 3112/3112
f 3112/3112 3114/3114 3115/3115
f 3115/3115 3114/3114 3116/3116
f 3114/3114 3117/3117 3116/3116
f 3117/3117 3118/3118 3116/3116
f 3116/3116 3118/3118 3119/3119
f 3119/3119 3118/3118 3120/3120
f 3118/3118 3121/3121 3120/3120
f 3121/3121 3122/3122 3120/3120
f 3120/3120 3122/3122 3123/3123
f 3123/3123 3122/3122 3124/3124
f 3122/3122 3125/3125 3124/3124
f 3125/3125 3126/3126 3124/3124
f 3124/3124 3126/3126 3127/3127
f 3127/3127 3126/3126 3128/3128
f 3126/3126 3129/3129 3128/3128
f 3129/3129 3130/3130 3128/3128
f 3128/3128 3130/3130 3131/3131
f 3131/3131 3130/3130 3132/3132
f 3130/3130 3133/3133 3132/3132
f 3133/3133 3134/3134 3132/3132
f 3132/3132 3134/3134 3135/3135
f 3135/3135 3134/3134 3136/3136
f 3134/3134 3137/3137 3136/3136
f 3137/3137 3011/3011 3136/3136
f 3136/3136 3011/3011 3138/3138
f 3011/3011 3013/3013 3138/3138
f 3139/3139 3140/3140 3141/3141
f 3141/3141 3140/3140 3142/3142
f 3140/3140 3143/3143 3142/3142
f 3142/3142 3143/3143 3144/3144
f 3143/3143 3145/3145 3144/3144
f 3144/3144 3145/3145 3146/3146
f 3145/3145 3147/3147 3146/3146
f 3146/3146 3147/3147 3148/3148
f 3147/3147 3149/3149 3148/3148
f 3148/3148 3149/3149 3150/3150
f 3149/3149 3151/3151 3150/3150
f 3150/3150 3151/3151 3152/3152
f 3151/3151 3153/3153 3152/3152
f 3152/3152 3153/3153 3154/3154
f 3153/3153 3155/3155 3154/3154
f 3154/3154 3155/3155 3156/3156
f 3155/3155 3157/3157 3156/3156
f 3156/3156 3157/3157 3158/3158
f 3157/3157 3159/3159 3158/3158
f 3158/3158 3159/3159 3160/3160
f 3159/3159 3161/3161 3160/3160
f 3160/3160 3161/3161 3162/3162
f 3161/3161 3163/3163 3162/3162
f 3162/3162 3163/3163 3164/3164
f 3163/3163 3165/3165 3164/3164
f 3164/3164 3165/3165 3166/3166
f 3165/3165 3167/3167 3166/3166
f 3166/3166 3167/3167 3168/3168
f 3167/3167 3169/3169 3168/3168
f 3168/3168 3169/3169 3170/3170
f 3169/3169 3171/3171 3170/3170
f 3170/3170 3171/3171 3172/3172
f 3171/3171 3173/3173 3172/3172
f 3172/3172 3173/3173 3174/3174
f 3173/3173 3175/3175 3174/3174
f 3174/3174 3175/3175 3176/3176
f 3175/3175 3177/3177 3176/3176
f 3176/3176 3177/3177 3178/3178
f 3177/3177 3179/3179 3178/3178
f 3178/3178 3179/3179 3180/3180
f 3179/3179 3181/3181 3180/3180
f 3180/3180 3181/3181 3182/3182
f 3181/3181 3183/3183 3182/3182
f 3182/3182 3183/3183 3184/3184
f 3183/3183 3185/3185 3184/3184
f 3184/3184 3185/3185 3186/3186
f 3185/3185 3187/3187 3186/3186
f 3186/3186 3187/3187 3188/3188
f 3187/3187 3189/3189 3188/3188
f 3188/3188 3189/3189 3190/3190
f 3189/3189 3191/3191 3190/3190
f 3190/3190 3191/3191 3192/3192
f 3191/3191 3193/3193 3192/3192
f 3192/3192 3193/3193 3194/3194
f 3193/3193 3195/3195 3194/3194
f 3194/3194 3195/3195 3196/3196
f 3195/3195 3197/3197 3196/3196
f 3196/3196 3197/3197 3198/3198
f 3197/3197 3199/3199 3198/3198
f 3198/3198 3199/3199 3200/3200
f 3199/3199 3201/3201 3200/3200
f 3200/3200 3201/3201 3202/3202
f 3201/3201 3203/3203 3202/3202
f 3202/3202 3203/3203 3204/3204
f 3203/3203 3205/3205 3204/3204
f 3204/3204 3205/3205 3206/3206
f 3205/3205 3207/3207 3206/3206
f 3206/3206 3207/3207 3208/3208
f 3207/3207 3209/3209 3208/3208
f 3208/3208 3209/3209 3210/3210
f 3209/3209 3211/3211 3210/3210
f 3210/3210 3211/3211 3212/3212
f 3211/3211 3213/3213 3212/3212
f 3212/3212 3213/3213 3214/3214
f 3213/3213 3215/3215 3214/3214
f 3214/3214 3215/3215 3216/3216
f 3215/3215 3217/3217 3216/3216
f 3216/3216 3217/3217 3218/3218
f 3217/3217 3219/3219 3218/3218
f 3218/3218 3219/3219 3220/3220
f 3219/3219 3221/3221 3220/3220
f 3220/3220 3221/3221 3222/3222
f 3221/3221 3223/3223 3222/3222
f 3222/3222 3223/3223 3224/3224
f 3223/3223 3225/3225 3224/3224
f 3224/3224 3225/3225 3226/3226
f 3225/3225 3227/3227 3226/3226
f 3226/3226 3227/3227 3228/3228
f 3227/3227 3229/3229 3228/3228
f 3228/3228 3229/3229 3230/3230
f 3229/3229 3231/3231 3230/3230
f 3230/3230 3231/3231 3232/3232
f 3231/3231 3233/3233 3232/3232
f 3232/3232 3233/3233 3234/3234
f 3233/3233 3235/3235 3234/3234
f 3234/3234 3235/3235 3236/3236
f 3235/3235 3237/3237 3236/3236
f 3236/3236 3237/3237 3238/3238
f 3237/3237 3239/3239 3238/3238
f 3238/3238 3239/3239 3240/3240
f 3239/3239 3241/3241 3240/3240
f 3240/3240 3241/3241 3242/3242
f 3241/3241 3243/3243 3242/3242
f 3242/3242 3243/3243 3244/3244
f 3243/3243 3245/3245 3244/3244
f 3244/3244 3245/3245 3246/3246
f 3245/3245 3247/3247 3246/3246
f 3246/3246 3247/3247 3248/3248
f 3247/3247 3249/3249 3248/3248
f 3248/3248 3249/3249 3250/3250
f 3249/3249 3251/3251 3250/3250
f 3250/3250 3251/3251 3252/3252
f 3251/3251 3253/3253 3252/3252
f 3252/3252 3253/3253 3254/3254
f 3253/3253 3255/3255 3254/3254
f 3254/3254 3255/3255 3256/3256
f 3255/3255 3257/3257 3256/3256
f 3256/3256 3257/3257 3258/3258
f 3257/3257 3259/3259 3258/3258
f 3258/3258 3259/3259 3260/3260
f 3259/3259 3261/3261 3260/3260
f 3260/3260 3261/3261 3262/3262
f 3261/3261 3263/3263 3262/3262
f 3262/3262 3263/3263 3264/3264
f 3263/3263 3265/3265 3264/3264
f 3264/3264 3265/3265 3266/3266
f 3265/3265 3139/3139 3266/3266
f 3139/3139 3141/3141 3266/3266
f 3267/3267 3268/3268 3269/3269
f 3268/3268 3270/3270 3269/3269
f 3269/3269 3270/3270 3271/3271
f 3271/3271 3270/3270 3272/3272
f 3270/3270 3273/3273 3272/3272
f 3273/3273 3274/3274 3272/3272
f 3272/3272 3274/3274 3275/3275
f 3275/3275 3274/3274 3276/3276
f 3274/3274 3277/3277 3276/3276
f 3277/3277 3278/3278 3276/3276
f 3276/3276 3278/3278 3279/3279
f 3279/3279 3278/3278 3280/3280
f 3278/3278 3281/3281 3280/3280
f 3281/3281 3282/3282 3280/3280
f 3280/3280 3282/3282 3283/3283
f 3283/3283 3282/3282 3284/3284
f 3282/3282 3285/3285 3284/3284
f 3285/3285 3286/3286 3284/3284
f 3284/3284 3286/3286 3287/3287
f 3287/3287 3286/3286 3288/3288
f 3286/3286 3289/3289 3288/3288
f 3289/3289 3290/3290 3288/3288
f 3288/3288 3290/3290 3291/3291
f 3291/3291 3290/3290 3292/3292
f 3290/3290 3293/3293 3292/3292
f 3293/3293 3294/3294 3292/3292
f 3292/3292 3294/3294 3295/3295
f 3295/3295 3294/3294 3296/3296
f 3294/3294 3297/3297 3296/3296
f 3297/3297 3298/3298 3296/3296
f 3296/3296 3298/3298 3299/3299
f 3299/3299 3298/3298 3300/3300
f 3298/3298 3301/3301 3300/3300
f 3301/3301 3302/3302 3300/3300
f 3300/3300 3302/3302 3303/3303
f 3303/3303 3302/3302 3304/3304
f 3302/3302 3305/3305 3304/3304
f 3305/3305 3306/3306 3304/3304
f 3304/3304 3306/3306 3307/3307
f 3307/3307 3306/3306 3308/3308
f 3306/3306 3309/3309 3308/3308
f 3309/3309 3310/3310 3308/3308
f 3308/3308 3310/3310 3311/3311
f 3311/3311 3310/3310 3312/3312
f 3310/3310 3313/3313 3312/3312
f 3313/3313 3314/3314 3312/3312
f 3312/3312 3314/3314 3315/3315
f 3315/3315 3314/3314 3316/3316
f 3314/3314 3317/3317 3316/3316
f 3317/3317 3318/3318 3316/3316
f 3316/3316 3318/3318 3319/3319
f 3319/3319 3318/3318 3320/3320
f 3318/3318 3321/3321 3320/3320
f 3321/3321 3322/3322 3320/3320
f 3320/3320 3322/3322 3323/3323
f 3323/3323 3322/3322 3324/3324
f 3322/3322 3325/3325 3324/3324
f 3325/3325 3326/3326 3324/3324
f 3324/3324 3326/3326 3327/3327
f 3327/3327 3326/3326 3328/3328
f 3326/3326 3329/3329 3328/3328
f 3329/3329 3330/3330 3328/3328
f 3328/3328 3330/3330 3331/3331
f 3331/3331 3330/3330 3332/3332
f 3330/3330 3333/3333 3332/3332
f 3333/3333 3334/3334 3332/3332
f 3332/3332 3334/3334 3335/3335
f 3335/3335 3334/3334 3336/3336
f 3334/3334 3337/3337 3336/3336
f 3337/3337 3338/3338 3336/3336
f 3336/3336 3338/3338 3339/3339
f 3339/3339 3338/3338 3340/3340
f 3338/3338 3341/3341 3340/3340
f 3341/3341 3342/3342 3340/3340
f 3340/3340 3342/3342 3343/3343
f 3343/3343 3342/3342 3344/3344
f 3342/3342 3345/3345 3344/3344
f 3345/3345 3346/3346 3344/3344
f 3344/3344 3346/3346 3347/3347
f 3347/3347 3346/3346 3348/3348
f 3346/3346 3349/3349 3348/3348
f 3349/3349 3350/3350 3348/3348
f 3348/3348 3350/3350 3351/3351
f 3351/3351 3350/3350 3352/3352
f 3350/3350 3353/3353 3352/3352
f 3353/3353 3354/3354 3352/3352
f 3352/3352 3354/3354 3355/3355
f 3355/3355 3354/3354 3356/3356
f 3354/3354 3357/3357 3356/3356
f 3357/3357 3358/3358 3356/3356
f 3356/3356 3358/3358 3359/3359
f 3359/3359 3358/3358 3360/3360
f 3358/3358 3361/3361 3360/3360
f 3361/3361 3362/3362 3360/3360
f 3360/3360 3362/3362 3363/3363
f 3363/3363 3362/3362 3364/3364
f 3362/3362 3365/3365 3364/3364
f 3365/3365 3366/3366 3364/3364
f 3364/3364 3366/3366 3367/3367
f 3367/3367 3366/3366 3368/3368
f 3366/3366 3369/3369 3368/3368
f 3369/3369 3370/3370 3368/3368
f 3368/3368 3370/3370 3371/3371
f 3371/3371 3370/3370 3372/3372
f 3370/3370 3373/3373 3372/3372
f 3373/3373 3374/3374 3372/3372
f 3372/3372 3374/3374 3375/3375
f 3375/3375 3374/3374 3376/3376
f 3374/3374 3377/3377 3376/3376
f 3377/3377 3378/3378 3376/3376
f 3376/3376 3378/3378 3379/3379
f 3379/3379 3378/3378 3380/3380
f 3378/3378 3381/3381 3380/3380
f 3381/3381 3382/3382 3380/3380
f 3380/3380 3382/3382 3383/3383
f 3383/3383 3382/3382 3384/3384
f 3382/3382 3385/3385 3384/3384
f 3385/3385 3386/3386 3384/3384
f 3384/3384 3386/3386 3387/3387
f 3387/3387 3386/3386 3388/3388
f 3386/3386 3389/3389 3388/3388
f 3389/3389 3390/3390 3388/3388
f 3388/3388 3390/3390 3391/3391
f 3391/3391 3390/3390 3392/3392
f 3390/3390 3393/3393 3392/3392
f 3393/3393 3267/3267 3392/3392
f 3392/3392 3267/3267 3394/3394
f 3267/3267 3269/3269 3394/3394
f 3394/3394 3269/3269 3395/3395
f 3395/3395 3269/3269 3396/3396
f 3269/3269 3271/3271 3396/3396
f 3396/3396 3271/3271 3397/3397
f 3271/3271 3272/3272 3397/3397
f 3397/3397 3272/3272 3398/3398
f 3272/3272 3275/3275 3398/3398
f 3398/3398 3275/3275 3399/3399
f 3275/3275 3276/3276 3399/3399
f 3399/3399 3276/3276 3400/3400
f 3276/3276 3279/3279 3400/3400
f 3400/3400 3279/3279 3401/3401
f 3279/3279 3280/3280 3401/3401
f 3401/3401 3280/3280 3402/3402
f 3280/3280 3283/3283 3402/3402
f 3402/3402 3283/3283 3403/3403
f 3283/3283 3284/3284 3403/3403
f 3403/3403 3284/3284 3404/3404
f 3284/3284 3287/3287 3404/3404
f 3404/3404 3287/3287 3405/3405
f 3287/3287 3288/3288 3405/3405
f 3405/3405 3288/3288 3406/3406
f 3288/3288 3291/3291 3406/3406
f 3406/3406 3291/3291 3407/3407
f 3291/3291 3292/3292 3407/3407
f 3407/3407 3292/3292 3408/3408
f 3292/3292 3295/3295 3408/3408
f 3408/3408 3295/3295 3409/3409
f 3295/3295 3296/3296 3409/3409
f 3409/3409 3296/3296 3410/3410
f 3296/3296 3299/3299 3410/3410
f 3410/3410 3299/3299 3411/3411
f 3299/3299 3300/3300 3411/3411
f 3411/3411 3300/3300 3412/3412
f 3300/3300 3303/3303 3412/3412
f 3412/3412 3303/3303 3413/3413
f 3303/3303 3304/3304 3413/3413
f 3413/3413 3304/3304 3414/3414
f 3304/3304 3307/3307 3414/3414
f 3414/3414 3307/3307 3415/3415
f 3307/3307 3308/3308 3415/3415
f 3415/3415 3308/3308 3416/3416
f 3308/3308 3311/3311 3416/3416
f 3416/3416 3311/3311 3417/3417
f 3311/3311 3312/3312 3417/3417
f 3417/3417 3312/3312 3418/3418
f 3312/3312 3315/3315 3418/3418
f 3418/3418 3315/3315 3419/3419
f 3315/3315 3316/3316 3419/3419
f 3419/3419 3316/3316 3420/3420
f 3316/3316 3319/3319 3420/3420
f 3420/3420 3319/3319 3421/3421
f 3319/3319 3320/3320 3421/3421
f 3421/3421 3320/3320 3422/3422
f 3320/3320 3323/3323 3422/3422
f 3422/3422 3323/3323 3423/3423
f 3323/3323 3324/3324 3423/3423
f 3423/3423 3324/3324 3424/3424
f 3324/3324 3327/3327 3424/3424
f 3424/3424 3327/3327 3425/3425
f 3327/3327 3328/3328 3425/3425
f 3425/3425 3328/3328 3426/3426
f 3328/3328 3331/3331 3426/3426
f 3426/3426 3331/3331 3427/3427
f 3331/3331 3332/3332 3427/3427
f 3427/3427 3332/3332 3428/3428
f 3332/3332 3335/3335 3428/3428
f 3428/3428 3335/3335 3429/3429
f 3335/3335 3336/3336 3429/3429
f 3429/3429 3336/3336 3430/3430
f 3336/3336 3339/3339 3430/3430
f 3430/3430 3339/3339 3431/3431
f 3339/3339 3340/3340 3431/3431
f 3431/3431 3340/3340 3432/3432
f 3340/3340 3343/3343 3432/3432
f 3432/3432 3343/3343 3433/3433
f 3343/3343 3344/3344 3433/3433
f 3433/3433 3344/3344 3434/3434
f 3344/3344 3347/3347 3434/3434
f 3434/3434 3347/3347 3435/3435
f 3347/3347 3348/3348 3435/3435
f 3435/3435 3348/3348 3436/3436
f 3348/3348 3351/3351 3436/3436
f 3436/3436 3351/3351 3437/3437
f 3351/3351 3352/3352 3437/3437
f 3437/3437 3352/3352 3438/3438
f 3352/3352 3355/3355 3438/3438
f 3438/3438 3355/3355 3439/3439
f 3355/3355 3356/3356 3439/3439
f 3439/3439 3356/3356 3440/3440
f 3356/3356 3359/3359 3440/3440
f 3440/3440 3359/3359 3441/3441
f 3359/3359 3360/3360 3441/3441
f 3441/3441 3360/3360 3442/3442
f 3360/3360 3363/3363 3442/3442
f 3442/3442 3363/3363 3443/3443
f 3363/3363 3364/3364 3443/3443
f 3443/3443 3364/3364 3444/3444
f 3364/3364 3367/3367 3444/3444
f 3444/3444 3367/3367 3445/3445
f 3367/3367 3368/3368 3445/3445
f 3445/3445 3368/3368 3446/3446
f 3368/3368 3371/3371 3446/3446
f 3446/3446 3371/3371 3447/3447
f 3371/3371 3372/3372 3447/3447
f 3447/3447 3372/3372 3448/3448
f 3372/3372 3375/3375 3448/3448
f 3448/3448 3375/3375 3449/3449
f 3375/3375 3376/3376 3449/3449
f 3449/3449 3376/3376 3450/3450
f 3376/3376 3379/3379 3450/3450
f 3450/3450 3379/3379 3451/3451
f 3379/3379 3380/3380 3451/3451
f 3451/3451 3380/3380 3452/3452
f 3380/3380 3383/3383 3452/3452
f 3452/3452 3383/3383 3453/3453
f 3383/3383 3384/3384 3453/3453
f 3453/3453 3384/3384 3454/3454
f 3384/3384 3387/3387 3454/3454
f 3454/3454 3387/3387 3455/3455
f 3387/3387 3388/3388 3455/3455
f 3455/3455 3388/3388 3456/3456
f 3388/3388 3391/3391 3456/3456
f 3456/3456 3391/3391 3457/3457
f 3391/3391 3392/3392 3457/3457
f 3457/3457 3392/3392 3458/3458
f 3392/3392 3394/3394 3458/3458
f 3394/3394 3395/3395 3458/3458
f 3458/3458 3395/3395 3459/3459
f 3459/3459 3395/3395 3460/3460
f 3395/3395 3396/3396 3460/3460
f 3460/3460 3396/3396 3461/3461
f 3396/3396 3397/3397 3461/3461
f 3461/3461 3397/3397 3462/3462
f 3397/3397 3398/3398 3462/3462
f 3462/3462 3398/3398 3463/3463
f 3398/3398 3399/3399 3463/3463
f 3463/3463 3399/3399 3464/3464
f 3399/3399 3400/3400 3464/3464
f 3464/3464 3400/3400 3465/3465
f 3400/3400 3401/3401 3465/3465
f 3465/3465 3401/3401 3466/3466
f 3401/3401 3402/3402 3466/3466
f 3466/3466 3402/3402 3467/3467
f 3402/3402 3403/3403 3467/3467
f 3467/3467 3403/3403 3468/3468
f 3403/3403 3404/3404 3468/3468
f 3468/3468 3404/3404 3469/3469
f 3404/3404 3405/3405 3469/3469
f 3469/3469 3405/3405 3470/3470
f 3405/3405 3406/3406 3470/3470
f 3470/3470 3406/3406 3471/3471
f 3406/3406 3407/3407 3471/3471
f 3471/3471 3407/3407 3472/3472
f 3407/3407 3408/3408 3472/3472
f 3472/3472 3408/3408 3473/3473
f 3408/3408 3409/3409 3473/3473
f 3473/3473 3409/3409 3474/3474
f 3409/3409 3410/3410 3474/3474
f 3474/3474 3410/3410 3475/3475
f 3410/3410 3411/3411 3475/3475
f 3475/3475 3411/3411 3476/3476
f 3411/3411 3412/3412 3476/3476
f 3476/3476 3412/3412 3477/3477
f 3412/3412 3413/3413 3477/3477
f 3477/3477 3413/3413 3478/3478
f 3413/3413 3414/3414 3478/3478
f 3478/3478 3414/3414 3479/3479
f 3414/3414 3415/3415 3479/3479
f 3479/3479 3415/3415 3480/3480
f 3415/3415 3416/3416 3480/3480
f 3480/3480 3416/3416 3481/3481
f 3416/3416 3417/3417 3481/3481
f 3481/3481 3417/3417 3482/3482
f 3417/3417 3418/3418 3482/3482
f 3482/3482 3418/3418 3483/3483
f 3418/3418 3419/3419 3483/3483
f 3483/3483 3419/3419 3484/3484
f 3419/3419 3420/3420 3484/3484
f 3484/3484 3420/3420 3485/3485
f 3420/3420 3421/3421 3485/3485
f 3485/3485 3421/3421 3486/3486
f 3421/3421 3422/3422 3486/3486
f 3486/3486 3422/3422 3487/3487
f 3422/3422 3423/3423 3487/3487
f 3487/3487 3423/3423 3488/3488
f 3423/3423 3424/3424 3488/3488
f 3488/3488 3424/3424 3489/3489
f 3424/3424 3425/3425 3489/3489
f 3489/3489 3425/3425 3490/3490
f 3425/3425 3426/3426 3490/3490
f 3490/3490 3426/3426 3491/3491
f 3426/3426 3427/3427 3491/3491
f 3491/3491 3427/3427 3492/3492
f 3427/3427 3428/3428 3492/3492
f 3492/3492 3428/3428 3493/3493
f 3428/3428 3429/3429 3493/3493
f 3493/3493 3429/3429 3494/3494
f 3429/3429 3430/3430 3494/3494
f 3494/3494 3430/3430 3495/3495
f 3430/3430 3431/3431 3495/3495
f 3495/3495 3431/3431 3496/3496
f 3431/3431 3432/3432 3496/3496
f 3496/3496 3432/3432 3497/3497
f 3432/3432 3433/3433 3497/3497
f 3497/3497 3433/3433 3498/3498
f 3433/3433 3434/3434 3498/3498
f 3498/3498 3434/3434 3499/3499
f 3434/3434 3435/3435 3499/3499
f 3499/3499 3435/3435 3500/3500
f 3435/3435 3436/3436 3500/3500
f 3500/3500 3436/3436 3501/3501
f 3436/3436 3437/3437 3501/3501
f 3501/3501 3437/3437 3502/3502
f 3437/3437 3438/3438 3502/3502
f 3502/3502 3438/3438 3503/3503
f 3438/3438 3439/3439 3503/3503
f 3503/3503 3439/3439 3504/3504
f 3439/3439 3440/3440 3504/3504
f 3504/3504 3440/3440 3505/3505
f 3440/3440 3441/3441 3505/3505
f 3505/3505 3441/3441 3506/3506
f 3441/3441 3442/3442 3506/3506
f 3506/3506 3442/3442 3507/3507
f 3442/3442 3443/3443 3507/3507
f 3507/3507 3443/3443 3508/3508
f 3443/3443 3444/3444 3508/3508
f 3508/3508 3444/3444 3509/3509
f 3444/3444 3445/3445 3509/3509
f 3509/3509 3445/3445 3510/3510
f 3445/3445 3446/3446 3510/3510
f 3510/3510 3446/3446 3511/3511
f 3446/3446 3447/3447 3511/3511
f 3511/3511 3447/3447 3512/3512
f 3447/3447 3448/3448 3512/3512
f 3512/3512 3448/3448 3513/3513
f 3448/3448 3449/3449 3513/3513
f 3513/3513 3449/3449 3514/3514
f 3449/3449 3450/3450 3514/3514
f 3514/3514 3450/3450 3515/3515
f 3450/3450 3451/3451 3515/3515
f 3515/3515 3451/3451 3516/3516
f 3451/3451 3452/3452 3516/3516
f 3516/3516 3452/3452 3517/3517
f 3452/3452 3453/3453 3517/3517
f 3517/3517 3453/3453 3518/3518
f 3453/3453 3454/3454 3518/3518
f 3518/3518 3454/3454 3519/3519
f 3454/3454 3455/3455 3519/3519
f 3519/3519 3455/3455 3520/3520
f 3455/3455 3456/3456 3520/3520
f 3520/3520 3456/3456 3521/3521
f 3456/3456 3457/3457 3521/3521
f 3521/3521 3457/3457 3522/3522
f 3457/3457 3458/3458 3522/3522
f 3458/3458 3459/3459 3522/3522
f 3523/3523 3524/3524 3525/3525
f 3525/3525 3524/3524 3526/3526
f 3524/3524 3527/3527 3526/3526
f 3528/3528 3529/3529 3530/3530
f 3530/3530 3529/3529 3531/3531
f 3532/3532 3533/3533 3534/3534
f 3535/3535 3536/3536 3537/3537
f 3536/3536 3538/3538 3537/3537
f 3538/3538 3539/3539 3537/3537
f 3537/3537 3539/3539 3540/3540
f 3540/3540 3539/3539 3541/3541
f 3539/3539 3542/3542 3541/3541
f 3542/3542 3543/3543 3541/3541
f 3541/3541 3543/3543 3544/3544
f 3544/3544 3543/3543 3545/3545
f 3545/3545 3543/3543 3546/3546
f 3547/3547 3548/3548 3549/3549
f 3549/3549 3548/3548 3550/3550
f 3548/3548 3551/3551 3550/3550
f 3550/3550 3551/3551 3552/3552
f 3551/3551 3553/3553 3552/3552
f 3552/3552 3553/3553 3554/3554
f 3553/3553 3555/3555 3554/3554
f 3554/3554 3555/3555 3556/3556
f 3555/3555 3557/3557 3556/3556
f 3556/3556 3557/3557 3558/3558
f 3557/3557 3559/3559 3558/3558
f 3558/3558 3559/3559 3560/3560
f 3559/3559 3561/3561 3560/3560
f 3560/3560 3561/3561 3562/3562
f 3561/3561 3563/3563 3562/3562
f 3563/3563 3564/3564 3562/3562
f 3565/3565 3566/3566 3567/3567
f 3568/3568 3569/3569 3570/3570
f 3571/3571 3572/3572 3573/3573
f 3574/3574 3575/3575 3576/3576
f 3576/3576 3575/3575 3577/3577
f 3577/3577 3575/3575 3578/3578
f 3579/3579 3580/3580 3581/3581
f 3580/3580 3582/3582 3581/3581
f 3583/3583 3584/3584 3585/3585
f 3585/3585 3584/3584 3586/3586
f 3586/3586 3584/3584 3587/3587
f 3584/3584 3588/3588 3587/3587
f 3588/3588 3589/3589 3587/3587
f 3587/3587 3589/3589 3590/3590
f 3590/3590 3589/3589 3591/3591
f 3589/3589 3592/3592 3591/3591
f 3592/3592 3593/3593 3591/3591
f 3591/3591 3593/3593 3594/3594
f 3594/3594 3593/3593 3595/3595
f 3596/3596 3597/3597 3598/3598
f 3598/3598 3597/3597 3599/3599
f 3597/3597 3600/3600 3599/3599
f 3599/3599 3600/3600 3601/3601
f 3600/3600 3602/3602 3601/3601
f 3601/3601 3602/3602 3603/3603
f 3602/3602 3604/3604 3603/3603
f 3603/3603 3604/3604 3605/3605
f 3605/3605 3604/3604 3606/3606
f 3604/3604 3607/3607 3606/3606
f 3607/3607 3608/3608 3606/3606
f 3609/3609 3610/3610 3611/3611
f 3611/3611 3610/3610 3612/3612
f 3610/3610 3613/3613 3612/3612
f 3612/3612 3613/3613 3614/3614
f 3613/3613 3615/3615 3614/3614
f 3614/3614 3615/3615 3616/3616
f 3615/3615 3617/3617 3616/3616
f 3616/3616 3617/3617 3618/3618
f 3617/3617 3619/3619 3618/3618
f 3618/3618 3619/3619 3620/3620
f 3619/3619 3621/3621 3620/3620
f 3620/3620 3621/3621 3622/3622
f 3621/3621 3623/3623 3622/3622
f 3622/3622 3623/3623 3624/3624
f 3623/3623 3625/3625 3624/3624
f 3624/3624 3625/3625 3626/3626
f 3625/3625 3627/3627 3626/3626
f 3626/3626 3627/3627 3628/3628
f 3627/3627 3629/3629 3628/3628
f 3628/3628 3629/3629 3630/3630
f 3629/3629 3631/3631 3630/3630
f 3630/3630 3631/3631 3632/3632
f 3631/3631 3633/3633 3632/3632
f 3632/3632 3633/3633 3634/3634
f 3633/3633 3635/3635 3634/3634
f 3634/3634 3635/3635 3636/3636
f 3635/3635 3637/3637 3636/3636
f 3636/3636 3637/3637 3638/3638
f 3637/3637 3639/3639 3638/3638
f 3638/3638 3639/3639 3640/3640
f 3639/3639 3641/3641 3640/3640
f 3640/3640 3641/3641 3642/3642
f 3641/3641 3643/3643 3642/3642
f 3642/3642 3643/3643 3644/3644
f 3643/3643 3645/3645 3644/3644
f 3644/3644 3645/3645 3646/3646
f 3645/3645 3647/3647 3646/3646
f 3646/3646 3647/3647 3648/3648
f 3647/3647 3649/3649 3648/3648
f 3648/3648 3649/3649 3650/3650
f 3649/3649 3651/3651 3650/3650
f 3650/3650 3651/3651 3652/3652
f 3651/3651 3653/3653 3652/3652
f 3652/3652 3653/3653 3654/3654
f 3653/3653 3655/3655 3654/3654
f 3654/3654 3655/3655 3656/3656
f 3655/3655 3657/3657 3656/3656
f 3656/3656 3657/3657 3658/3658
f 3657/3657 3659/3659 3658/3658
f 3658/3658 3659/3659 3660/3660
f 3659/3659 3661/3661 3660/3660
f 3660/3660 3661/3661 3662/3662
f 3661/3661 3663/3663 3662/3662
f 3662/3662 3663/3663 3664/3664
f 3663/3663 3665/3665 3664/3664
f 3664/3664 3665/3665 3666/3666
f 3665/3665 3667/3667 3666/3666
f 3666/3666 3667/3667 3668/3668
f 3667/3667 3669/3669 3668/3668
f 3668/3668 3669/3669 3670/3670
f 3669/3669 3671/3671 3670/3670
f 3670/3670 3671/3671 3672/3672
f 3671/3671 3673/3673 3672/3672
f 3672/3672 3673/3673 3674/3674
f 3673/3673 3675/3675 3674/3674
f 3674/3674 3675/3675 3676/3676
f 3675/3675 3677/3677 3676/3676
f 3676/3676 3677/3677 3678/3678
f 3677/3677 3679/3679 3678/3678
f 3678/3678 3679/3679 3680/3680
f 3679/3679 3681/3681 3680/3680
f 3680/3680 3681/3681 3682/3682
f 3681/3681 3683/3683 3682/3682
f 3682/3682 3683/3683 3684/3684
f 3683/3683 3685/3685 3684/3684
f 3684/3684 3685/3685 3686/3686
f 3685/3685 3687/3687 3686/3686
f 3686/3686 3687/3687 3688/3688
f 3687/3687 3689/3689 3688/3688
f 3688/3688 3689/3689 3690/3690
f 3689/3689 3691/3691 3690/3690
f 3690/3690 3691/3691 3692/3692
f 3691/3691 3693/3693 3692/3692
f 3692/3692 3693/3693 3694/3694
f 3693/3693 3695/3695 3694/3694
f 3694/3694 3695/3695 3696/3696
f 3695/3695 3697/3697 3696/3696
f 3696/3696 3697/3697 3698/3698
f 3697/3697 3699/3699 3698/3698
f 3698/3698 3699/3699 3700/3700
f 3699/3699 3701/3701 3700/3700
f 3700/3700 3701/3701 3702/3702
f 3701/3701 3703/3703 3702/3702
f 3702/3702 3703/3703 3704/3704
f 3703/3703 3705/3705 3704/3704
f 3704/3704 3705/3705 3706/3706
f 3705/3705 3707/3707 3706/3706
f 3706/3706 3707/3707 3708/3708
f 3707/3707 3709/3709 3708/3708
f 3708/3708 3709/3709 3710/3710
f 3709/3709 3711/3711 3710/3710
f 3710/3710 3711/3711 3712/3712
f 3711/3711 3713/3713 3712/3712
f 3712/3712 3713/3713 3714/3714
f 3713/3713 3715/3715 3714/3714
f 3714/3714 3715/3715 3716/3716
f 3715/3715 3717/3717 3716/3716
f 3716/3716 3717/3717 3718/3718
f 3717/3717 3719/3719 3718/3718
f 3718/3718 3719/3719 3720/3720
f 3719/3719 3721/3721 3720/3720
f 3720/3720 3721/3721 3722/3722
f 3721/3721 3723/3723 3722/3722
f 3722/3722 3723/3723 3724/3724
f 3723/3723 3725/3725 3724/3724
f 3724/3724 3725/3725 3726/3726
f 3725/3725 3727/3727 3726/3726
f 3726/3726 3727/3727 3728/3728
f 3727/3727 3729/3729 3728/3728
f 3728/3728 3729/3729 3730/3730
f 3729/3729 3731/3731 3730/3730
f 3730/3730 3731/3731 3732/3732
f 3731/3731 3733/3733 3732/3732
f 3732/3732 3733/3733 3734/3734
f 3733/3733 3735/3735 3734/3734
f 3734/3734 3735/3735 3736/3736
f 3735/3735 3609/3609 3736/3736
f 3609/3609 3611/3611 3736/3736
f 3737/3737 3738/3738 3739/3739
f 3738/3738 3740/3740 3739/3739
f 3740/3740 3741/3741 3739/3739
f 3739/3739 3741/3741 3742/3742
f 3742/3742 3741/3741 3743/3743
f 3741/3741 3744/3744 3743/3743
f 3744/3744 3745/3745 3743/3743
f 3743/3743 3745/3745 3746/3746
f 3746/3746 3745/3745 3747/3747
f 3745/3745 3748/3748 3747/3747
f 3748/3748 3749/3749 3747/3747
f 3747/3747 3749/3749 3750/3750
f 3750/3750 3749/3749 3751/3751
f 3749/3749 3752/3752 3751/3751
f 3752/3752 3753/3753 3751/3751
f 3751/3751 3753/3753 3754/3754
f 3754/3754 3753/3753 3755/3755
f 3753/3753 3756/3756 3755/3755
f 3756/3756 3757/3757 3755/3755
f 3755/3755 3757/3757 3758/3758
f 3758/3758 3757/3757 3759/3759
f 3757/3757 3760/3760 3759/3759
f 3760/3760 3761/3761 3759/3759
f 3759/3759 3761/3761 3762/3762
f 3762/3762 3761/3761 3763/3763
f 3761/3761 3764/3764 3763/3763
f 3764/3764 3765/3765 3763/3763
f 3763/3763 3765/3765 3766/3766
f 3766/3766 3765/3765 3767/3767
f 3765/3765 3768/3768 3767/3767
f 3768/3768 3769/3769 3767/3767
f 3767/3767 3769/3769 3770/3770
f 3770/3770 3769/3769 3771/3771
f 3769/3769 3772/3772 3771/3771
f 3772/3772 3773/3773 3771/3771
f 3771/3771 3773/3773 3774/3774
f 3774/3774 3773/3773 3775/3775
f 3773/3773 3776/3776 3775/3775
f 3776/3776 3777/3777 3775/3775
f 3775/3775 3777/3777 3778/3778
f 3778/3778 3777/3777 3779/3779
f 3777/3777 3780/3780 3779/3779
f 3780/3780 3781/3781 3779/3779
f 3779/3779 3781/3781 3782/3782
f 3782/3782 3781/3781 3783/3783
f 3781/3781 3784/3784 3783/3783
f 3784/3784 3785/3785 3783/3783
f 3783/3783 3785/3785 3786/3786
f 3786/3786 3785/3785 3787/3787
f 3785/3785 3788/3788 3787/3787
f 3788/3788 3789/3789 3787/3787
f 3787/3787 3789/3789 3790/3790
f 3790/3790 3789/3789 3791/3791
f 3789/3789 3792/3792 3791/3791
f 3792/3792 3793/3793 3791/3791
f 3791/3791 3793/3793 3794/3794
f 3794/3794 3793/3793 3795/3795
f 3793/3793 3796/3796 3795/3795
f 3796/3796 3797/3797 3795/3795
f 3795/3795 3797/3797 3798/3798
f 3798/3798 3797/3797 3799/3799
f 3797/3797 3800/3800 3799/3799
f 3800/3800 3801/3801 3799/3799
f 3799/3799 3801/3801 3802/3802
f 3802/3802 3801/3801 3803/3803
f 3801/3801 3804/3804 3803/3803
f 3804/3804 3805/3805 3803/3803
f 3803/3803 3805/3805 3806/3806
f 3806/3806 3805/3805 3807/3807
f 3805/3805 3808/3808 3807/3807
f 3808/3808 3809/3809 3807/3807
f 3807/3807 3809/3809 3810/3810
f 3810/3810 3809/3809 3811/3811
f 3809/3809 3812/3812 3811/3811
f 3812/3812 3813/3813 3811/3811
f 3811/3811 3813/3813 3814/3814
f 3814/3814 3813/3813 3815/3815
f 3813/3813 3816/3816 3815/3815
f 3816/3816 3817/3817 3815/3815
f 3815/3815 3817/3817 3818/3818
f 3818/3818 3817/3817 3819/3819
f 3817/3817 3820/3820 3819/3819
f 3820/3820 3821/3821 3819/3819
f 3819/3819 3821/3821 3822/3822
f 3822/3822 3821/3821 3823/3823
f 3821/3821 3824/3824 3823/3823
f 3824/3824 3825/3825 3823/3823
f 3823/3823 3825/3825 3826/3826
f 3826/3826 3825/3825 3827/3827
f 3825/3825 3828/3828 3827/3827
f 3828/3828 3829/3829 3827/3827
f 3827/3827 3829/3829 3830/3830
f 3830/3830 3829/3829 3831/3831
f 3829/3829 3832/3832 3831/3831
f 3832/3832 3833/3833 3831/3831
f 3831/3831 3833/3833 3834/3834
f 3834/3834 3833/3833 3835/3835
f 3833/3833 3836/3836 3835/3835
f 3836/3836 3837/3837 3835/3835
f 3835/3835 3837/3837 3838/3838
f 3838/3838 3837/3837 3839/3839
f 3837/3837 3840/3840 3839/3839
f 3840/3840 3841/3841 3839/3839
f 3839/3839 3841/3841 3842/3842
f 3842/3842 3841/3841 3843/3843
f 3841/3841 3844/3844 3843/3843
f 3844/3844 3845/3845 3843/3843
f 3843/3843 3845/3845 3846/3846
f 3846/3846 3845/3845 3847/3847
f 3845/3845 3848/3848 3847/3847
f 3848/3848 3849/3849 3847/3847
f 3847/3847 3849/3849 3850/3850
f 3850/3850 3849/3849 3851/3851
f 3849/3849 3852/3852 3851/3851
f 3852/3852 3853/3853 3851/3851
f 3851/3851 3853/3853 3854/3854
f 3854/3854 3853/3853 3855/3855
f 3853/3853 3856/3856 3855/3855
f 3856/3856 3857/3857 3855/3855
f 3855/3855 3857/3857 3858/3858
f 3858/3858 3857/3857 3859/3859
f 3857/3857 3860/3860 3859/3859
f 3860/3860 3861/3861 3859/3859
f 3859/3859 3861/3861 3862/3862
f 3862/3862 3861/3861 3863/3863
f 3861/3861 3864/3864 3863/3863
f 3864/3864 3738/3738 3863/3863
f 3738/3738 3737/3737 3863/3863
f 3865/3865 3866/3866 3867/3867
f 3866/3866 3868/3868 3867/3867
f 3868/3868 3869/3869 3867/3867
f 3867/3867 3869/3869 3870/3870
f 3870/3870 3869/3869 3871/3871
f 3869/3869 3872/3872 3871/3871
f 3872/3872 3873/3873 3871/3871
f 3871/3871 3873/3873 3874/3874
f 3874/3874 3873/3873 3875/3875
f 3873/3873 3876/3876 3875/3875
f 3876/3876 3877/3877 3875/3875
f 3875/3875 3877/3877 3878/3878
f 3878/3878 3877/3877 3879/3879
f 3877/3877 3880/3880 3879/3879
f 3880/3880 3881/3881 3879/3879
f 3879/3879 3881/3881 3882/3882
f 3882/3882 3881/3881 3883/3883
f 3881/3881 3884/3884 3883/3883
f 3884/3884 3885/3885 3883/3883
f 3883/3883 3885/3885 3886/3886
f 3886/3886 3885/3885 3887/3887
f 3885/3885 3888/3888 3887/3887
f 3888/3888 3889/3889 3887/3887
f 3887/3887 3889/3889 3890/3890
f 3890/3890 3889/3889 3891/3891
f 3889/3889 3892/3892 3891/3891
f 3892/3892 3893/3893 3891/3891
f 3891/3891 3893/3893 3894/3894
f 3894/3894 3893/3893 3895/3895
f 3893/3893 3896/3896 3895/3895
f 3896/3896 3897/3897 3895/3895
f 3895/3895 3897/3897 3898/3898
f 3898/3898 3897/3897 3899/3899
f 3897/3897 3900/3900 3899/3899
f 3900/3900 3901/3901 3899/3899
f 3899/3899 3901/3901 3902/3902
f 3902/3902 3901/3901 3903/3903
f 3901/3901 3904/3904 3903/3903
f 3904/3904 3905/3905 3903/3903
f 3903/3903 3905/3905 3906/3906
f 3906/3906 3905/3905 3907/3907
f 3905/3905 3908/3908 3907/3907
f 3908/3908 3909/3909 3907/3907
f 3907/3907 3909/3909 3910/3910
f 3910/3910 3909/3909 3911/3911
f 3909/3909 3912/3912 3911/3911
f 3912/3912 3913/3913 3911/3911
f 3911/3911 3913/3913 3914/3914
f 3914/3914 3913/3913 3915/3915
f 3913/3913 3916/3916 3915/3915
f 3916/3916 3917/3917 3915/3915
f 3915/3915 3917/3917 3918/3918
f 3918/3918 3917/3917 3919/3919
f 3917/3917 3920/3920 3919/3919
f 3920/3920 3921/3921 3919/3919
f 3919/3919 3921/3921 3922/3922
f 3922/3922 3921/3921 3923/3923
f 3921/3921 3924/3924 3923/3923
f 3924/3924 3925/3925 3923/3923
f 3923/3923 3925/3925 3926/3926
f 3926/3926 3925/3925 3927/3927
f 3925/3925 3928/3928 3927/3927
f 3928/3928 3929/3929 3927/3927
f 3927/3927 3929/3929 3930/3930
f 3930/3930 3929/3929 3931/3931
f 3929/3929 3932/3932 3931/3931
f 3932/3932 3933/3933 3931/3931
f 3931/3931 3933/3933 3934/3934
f 3934/3934 3933/3933 3935/3935
f 3933/3933 3936/3936 3935/3935
f 3936/3936 3937/3937 3935/3935
f 3935/3935 3937/3937 3938/3938
f 3938/3938 3937/3937 3939/3939
f 3937/3937 3940/3940 3939/3939
f 3940/3940 3941/3941 3939/3939
f 3939/3939 3941/3941 3942/3942
f 3942/3942 3941/3941 3943/3943
f 3941/3941 3944/3944 3943/3943
f 3944/3944 3945/3945 3943/3943
f 3943/3943 3945/3945 3946/3946
f 3946/3946 3945/3945 3947/3947
f 3945/3945 3948/3948 3947/3947
f 3948/3948 3949/3949 3947/3947
f 3947/3947 3949/3949 3950/3950
f 3950/3950 3949/3949 3951/3951
f 3949/3949 3952/3952 3951/3951
f 3952/3952 3953/3953 3951/3951
f 3951/3951 3953/3953 3954/3954
f 3954/3954 3953/3953 3955/3955
f 3953/3953 3956/3956 3955/3955
f 3956/3956 3957/3957 3955/3955
f 3955/3955 3957/3957 3958/3958
f 3958/3958 3957/3957 3959/3959
f 3957/3957 3960/3960 3959/3959
f 3960/3960 3961/3961 3959/3959
f 3959/3959 3961/3961 3962/3962
f 3962/3962 3961/3961 3963/3963
f 3961/3961 3964/3964 3963/3963
f 3964/3964 3965/3965 3963/3963
f 3963/3963 3965/3965 3966/3966
f 3966/3966 3965/3965 3967/3967
f 3965/3965 3968/3968 3967/3967
f 3968/3968 3969/3969 3967/3967
f 3967/3967 3969/3969 3970/3970
f 3970/3970 3969/3969 3971/3971
f 3969/3969 3972/3972 3971/3971
f 3972/3972 3973/3973 3971/3971
f 3971/3971 3973/3973 3974/3974
f 3974/3974 3973/3973 3975/3975
f 3973/3973 3976/3976 3975/3975
f 3976/3976 3977/3977 3975/3975
f 3975/3975 3977/3977 3978/3978
f 3978/3978 3977/3977 3979/3979
f 3977/3977 3980/3980 3979/3979
f 3980/3980 3981/3981 3979/3979
f 3979/3979 3981/3981 3982/3982
f 3982/3982 3981/3981 3983/3983
f 3981/3981 3984/3984 3983/3983
f 3984/3984 3985/3985 3983/3983
f 3983/3983 3985/3985 3986/3986
f 3986/3986 3985/3985 3987/3987
f 3985/3985 3988/3988 3987/3987
f 3988/3988 3989/3989 3987/3987
f 3987/3987 3989/3989 3990/3990
f 3990/3990 3989/3989 3991/3991
f 3989/3989 3992/3992 3991/3991
f 3992/3992 3866/3866 3991/3991
f 3866/3866 3865/3865 3991/3991
f 3991/3991 3865/3865 3993/3993
f 3993/3993 3865/3865 3994/3994
f 3865/3865 3867/3867 3994/3994
f 3994/3994 3867/3867 3995/3995
f 3867/3867 3870/3870 3995/3995
f 3995/3995 3870/3870 3996/3996
f 3870/3870 3871/3871 3996/3996
f 3996/3996 3871/3871 3997/3997
f 3871/3871 3874/3874 3997/3997
f 3997/3997 3874/3874 3998/3998
f 3874/3874 3875/3875 3998/3998
f 3998/3998 3875/3875 3999/3999
f 3875/3875 3878/3878 3999/3999
f 3999/3999 3878/3878 4000/4000
f 3878/3878 3879/3879 4000/4000
f 4000/4000 3879/3879 4001/4001
f 3879/3879 3882/3882 4001/4001
f 4001/4001 3882/3882 4002/4002
f 3882/3882 3883/3883 4002/4002
f 4002/4002 3883/3883 4003/4003
f 3883/3883 3886/3886 4003/4003
f 4003/4003 3886/3886 4004/4004
f 3886/3886 3887/3887 4004/4004
f 4004/4004 3887/3887 4005/4005
f 3887/3887 3890/3890 4005/4005
f 4005/4005 3890/3890 4006/4006
f 3890/3890 3891/3891 4006/4006
f 4006/4006 3891/3891 4007/4007
f 3891/3891 3894/3894 4007/4007
f 4007/4007 3894/3894 4008/4008
f 3894/3894 3895/3895 4008/4008
f 4008/4008 3895/3895 4009/4009
f 3895/3895 3898/3898 4009/4009
f 4009/4009 3898/3898 4010/4010
f 3898/3898 3899/3899 4010/4010
f 4010/4010 3899/3899 4011/4011
f 3899/3899 3902/3902 4011/4011
f 4011/4011 3902/3902 4012/4012
f 3902/3902 3903/3903 4012/4012
f 4012/4012 3903/3903 4013/4013
f 3903/3903 3906/3906 4013/4013
f 4013/4013 3906/3906 4014/4014
f 3906/3906 3907/3907 4014/4014
f 4014/4014 3907/3907 4015/4015
f 3907/3907 3910/3910 4015/4015
f 4015/4015 3910/3910 4016/4016
f 3910/3910 3911/3911 4016/4016
f 4016/4016 3911/3911 4017/4017
f 3911/3911 3914/3914 4017/4017
f 4017/4017 3914/3914 4018/4018
f 3914/3914 3915/3915 4018/4018
f 4018/4018 3915/3915 4019/4019
f 3915/3915 3918/3918 4019/4019
f 4019/4019 3918/3918 4020/4020
f 3918/3918 3919/3919 4020/4020
f 4020/4020 3919/3919 4021/4021
f 3919/3919 3922/3922 4021/4021
f 4021/4021 3922/3922 4022/4022
f 3922/3922 3923/3923 4022/4022
f 4022/4022 3923/3923 4023/4023
f 3923/3923 3926/3926 4023/4023
f 4023/4023 3926/3926 4024/4024
f 3926/3926 3927/3927 4024/4024
f 4024/4024 3927/3927 4025/4025
f 3927/3927 3930/3930 4025/4025
f 4025/4025 3930/3930 4026/4026
f 3930/3930 3931/3931 4026/4026
f 4026/4026 3931/3931 4027/4027
f 3931/3931 3934/3934 4027/4027
f 4027/4027 3934/3934 4028/4028
f 3934/3934 3935/3935 4028/4028
f 4028/4028 3935/3935 4029/4029
f 3935/3935 3938/3938 4029/4029
f 4029/4029 3938/3938 4030/4030
f 3938/3938 3939/3939 4030/4030
f 4030/4030 3939/3939 4031/4031
f 3939/3939 3942/3942 4031/4031
f 4031/4031 3942/3942 4032/4032
f 3942/3942 3943/3943 4032/4032
f 4032/4032 3943/3943 4033/4033
f 3943/3943 3946/3946 4033/4033
f 4033/4033 3946/3946 4034/4034
f 3946/3946 3947/3947 4034/4034
f 4034/4034 3947/3947 4035/4035
f 3947/3947 3950/3950 4035/4035
f 4035/4035 3950/3950 4036/4036
f 3950/3950 3951/3951 4036/4036
f 4036/4036 3951/3951 4037/4037
f 3951/3951 3954/3954 4037/4037
f 4037/4037 3954/3954 4038/4038
f 3954/3954 3955/3955 4038/4038
f 4038/4038 3955/3955 4039/4039
f 3955/3955 3958/3958 4039/4039
f 4039/4039 3958/3958 4040/4040
f 3958/3958 3959/3959 4040/4040
f 4040/4040 3959/3959 4041/4041
f 3959/3959 3962/3962 4041/4041
f 4041/4041 3962/3962 4042/4042
f 3962/3962 3963/3963 4042/4042
f 4042/4042 3963/3963 4043/4043
f 3963/3963 3966/3966 4043/4043
f 4043/4043 3966/3966 4044/4044
f 3966/3966 3967/3967 4044/4044
f 4044/4044 3967/3967 4045/4045
f 3967/3967 3970/3970 4045/4045
f 4045/4045 3970/3970 4046/4046
f 3970/3970 3971/3971 4046/4046
f 4046/4046 3971/3971 4047/4047
f 3971/3971 3974/3974 4047/4047
f 4047/4047 3974/3974 4048/4048
f 3974/3974 3975/3975 4048/4048
f 4048/4048 3975/3975 4049/4049
f 3975/3975 3978/3978 4049/4049
f 4049/4049 3978/3978 4050/4050
f 3978/3978 3979/3979 4050/4050
f 4050/4050 3979/3979 4051/4051
f 3979/3979 3982/3982 4051/4051
f 4051/4051 3982/3982 4052/4052
f 3982/3982 3983/3983 4052/4052
f 4052/4052 3983/3983 4053/4053
f 3983/3983 3986/3986 4053/4053
f 4053/4053 3986/3986 4054/4054
f 3986/3986 3987/3987 4054/4054
f 4054/4054 3987/3987 4055/4055
f 3987/3987 3990/3990 4055/4055
f 4055/4055 3990/3990 4056/4056
f 3990/3990 3991/3991 4056/4056
f 3991/3991 3993/3993 4056/4056
f 4056/4056 3993/3993 4057/4057
f 4057/4057 3993/3993 4058/4058
f 3993/3993 3994/3994 4058/4058
f 4058/4058 3994/3994 4059/4059
f 3994/3994 3995/3995 4059/4059
f 4059/4059 3995/3995 4060/4060
f 3995/3995 3996/3996 4060/4060
f 4060/4060 3996/3996 4061/4061
f 3996/3996 3997/3997 4061/4061
f 4061/4061 3997/3997 4062/4062
f 3997/3997 3998/3998 4062/4062
f 4062/4062 3998/3998 4063/4063
f 3998/3998 3999/3999 4063/4063
f 4063/4063 3999/3999 4064/4064
f 3999/3999 4000/4000 4064/4064
f 4064/4064 4000/4000 4065/4065
f 4000/4000 4001/4001 4065/4065
f 4065/4065 4001/4001 4066/4066
f 4001/4001 4002/4002 4066/4066
f 4066/4066 4002/4002 4067/4067
f 4002/4002 4003/4003 4067/4067
f 4067/4067 4003/4003 4068/4068
f 4003/4003 4004/4004 4068/4068
f 4068/4068 4004/4004 4069/4069
f 4004/4004 4005/4005 4069/4069
f 4069/4069 4005/4005 4070/4070
f 4005/4005 4006/4006 4070/4070
f 4070/4070 4006/4006 4071/4071
f 4006/4006 4007/4007 4071/4071
f 4071/4071 4007/4007 4072/4072
f 4007/4007 4008/4008 4072/4072
f 4072/4072 4008/4008 4073/4073
f 4008/4008 4009/4009 4073/4073
f 4073/4073 4009/4009 4074/4074
f 4009/4009 4010/4010 4074/4074
f 4074/4074 4010/4010 4075/4075
f 4010/4010 4011/4011 4075/4075
f 4075/4075 4011/4011 4076/4076
f 4011/4011 4012/4012 4076/4076
f 4076/4076 4012/4012 4077/4077
f 4012/4012 4013/4013 4077/4077
f 4077/4077 4013/4013 4078/4078
f 4013/4013 4014/4014 4078/4078
f 4078/4078 4014/4014 4079/4079
f 4014/4014 4015/4015 4079/4079
f 4079/4079 4015/4015 4080/4080
f 4015/4015 4016/4016 4080/4080
f 4080/4080 4016/4016 4081/4081
f 4016/4016 4017/4017 4081/4081
f 4081/4081 4017/4017 4082/4082
f 4017/4017 4018/4018 4082/4082
f 4082/4082 4018/4018 4083/4083
f 4018/4018 4019/4019 4083/4083
f 4083/4083 4019/4019 4084/4084
f 4019/4019 4020/4020 4084/4084
f 4084/4084 4020/4020 4085/4085
f 4020/4020 4021/4021 4085/4085
f 4085/4085 4021/4021 4086/4086
f 4021/4021 4022/4022 4086/4086
f 4086/4086 4022/4022 4087/4087
f 4022/4022 4023/4023 4087/4087
f 4087/4087 4023/4023 4088/4088
f 4023/4023 4024/4024 4088/4088
f 4088/4088 4024/4024 4089/4089
f 4024/4024 4025/4025 4089/4089
f 4089/4089 4025/4025 4090/4090
f 4025/4025 4026/4026 4090/4090
f 4090/4090 4026/4026 4091/4091
f 4026/4026 4027/4027 4091/4091
f 4091/4091 4027/4027 4092/4092
f 4027/4027 4028/4028 4092/4092
f 4092/4092 4028/4028 4093/4093
f 4028/4028 4029/4029 4093/4093
f 4093/4093 4029/4029 4094/4094
f 4029/4029 4030/4030 4094/4094
f 4094/4094 4030/4030 4095/4095
f 4030/4030 4031/4031 4095/4095
f 4095/4095 4031/4031 4096/4096
f 4031/4031 4032/4032 4096/4096
f 4096/4096 4032/4032 4097/4097
f 4032/4032 4033/4033 4097/4097
f 4097/4097 4033/4033 4098/4098
f 4033/4033 4034/4034 4098/4098
f 4098/4098 4034/4034 4099/4099
f 4034/4034 4035/4035 4099/4099
f 4099/4099 4035/4035 4100/4100
f 4035/4035 4036/4036 4100/4100
f 4100/4100 4036/4036 4101/4101
f 4036/4036 4037/4037 4101/4101
f 4101/4101 4037/4037 4102/4102
f 4037/4037 4038/4038 4102/4102
f 4102/4102 4038/4038 4103/4103
f 4038/4038 4039/4039 4103/4103
f 4103/4103 4039/4039 4104/4104
f 4039/4039 4040/4040 4104/4104
f 4104/4104 4040/4040 4105/4105
f 4040/4040 4041/4041 4105/4105
f 4105/4105 4041/4041 4106/4106
f 4041/4041 4042/4042 4106/4106
f 4106/4106 4042/4042 4107/4107
f 4042/4042 4043/4043 4107/4107
f 4107/4107 4043/4043 4108/4108
f 4043/4043 4044/4044 4108/4108
f 4108/4108 4044/4044 4109/4109
f 4044/4044 4045/4045 4109/4109
f 4109/4109 4045/4045 4110/4110
f 4045/4045 4046/4046 4110/4110
f 4110/4110 4046/4046 4111/4111
f 4046/4046 4047/4047 4111/4111
f 4111/4111 4047/4047 4112/4112
f 4047/4047 4048/4048 4112/4112
f 4112/4112 4048/4048 4113/4113
f 4048/4048 4049/4049 4113/4113
f 4113/4113 4049/4049 4114/4114
f 4049/4049 4050/4050 4114/4114
f 4114/4114 4050/4050 4115/4115
f 4050/4050 4051/4051 4115/4115
f 4115/4115 4051/4051 4116/4116
f 4051/4051 4052/4052 4116/4116
f 4116/4116 4052/4052 4117/4117
f 4052/4052 4053/4053 4117/4117
f 4117/4117 4053/4053 4118/4118
f 4053/4053 4054/4054 4118/4118
f 4118/4118 4054/4054 4119/4119
f 4054/4054 4055/4055 4119/4119
f 4119/4119 4055/4055 4120/4120
f 4055/4055 4056/4056 4120/4120
f 4056/4056 4057/4057 4120/4120

